{
"type": "FeatureCollection",
"name": "hotspot_clusters",
"crs": { "type": "name", "properties": { "name": "urn:ogc:def:crs:OGC:1.3:CRS84" } },
"features": [
{ "type": "Feature", "properties": { "hotspot_id": "HOT_0001", "cluster_area_m2": 1564454.78, "cluster_perimeter_m": 11269.1, "cluster_size_pixels": 160, "mean_lst": 41.68, "peak_lst": 46.98 }, "geometry": { "type": "Polygon", "coordinates": [ [ [ 80.315402996884458, 13.20558112240963 ], [ 80.315400489325583, 13.206481127945148 ], [ 80.31450210531473, 13.206478723477728 ], [ 80.314499582597733, 13.207382915564787 ], [ 80.314502094510246, 13.207382922292609 ], [ 80.314499580816673, 13.208283816351241 ], [ 80.314502092906878, 13.208283823079961 ], [ 80.314499579035484, 13.209184717137678 ], [ 80.314502091303368, 13.209184723867303 ], [ 80.314499577254168, 13.21008561792412 ], [ 80.314502089699729, 13.210085624654647 ], [ 80.314499575472709, 13.210986518710563 ], [ 80.315402980545159, 13.210988937382005 ], [ 80.315400476163049, 13.211887421207157 ], [ 80.316323356595163, 13.211889888890935 ], [ 80.316323363296135, 13.211887481663121 ], [ 80.317204777309968, 13.211889835361971 ], [ 80.317202279325855, 13.212788325413889 ], [ 80.318105674889594, 13.212790734821468 ], [ 80.318103180016863, 13.213689227910692 ], [ 80.319006572468965, 13.213691634280689 ], [ 80.319004080708083, 13.214590130407593 ], [ 80.319907470048065, 13.214592533739632 ], [ 80.319904981399546, 13.215491032904593 ], [ 80.319907475076334, 13.215491039534676 ], [ 80.31990497961803, 13.216391933691673 ], [ 80.319907473471147, 13.216391940322644 ], [ 80.319904977836416, 13.217292834478759 ], [ 80.319907471865804, 13.217292841110615 ], [ 80.319904976054659, 13.218193735265837 ], [ 80.320808362807881, 13.218196136016156 ], [ 80.320805876746306, 13.219094637763265 ], [ 80.321728785309162, 13.219097087260986 ], [ 80.321728791911653, 13.219094697858754 ], [ 80.32262968795564, 13.21909708572008 ], [ 80.322629694540595, 13.219094699491734 ], [ 80.323511058754917, 13.219097032511584 ], [ 80.323508582386026, 13.219995543681156 ], [ 80.324411956332469, 13.219997931969024 ], [ 80.324409483078568, 13.220896446178783 ], [ 80.324411961277079, 13.220896452726549 ], [ 80.324409481296897, 13.221797346966401 ], [ 80.325312852302218, 13.22179973236498 ], [ 80.325310381989667, 13.222698249464239 ], [ 80.326213749879017, 13.222700631821764 ], [ 80.32621128268265, 13.223599151962183 ], [ 80.326213754790743, 13.223599158477668 ], [ 80.32621128343871, 13.224499128582909 ], [ 80.325312863087305, 13.224496758974212 ], [ 80.325310379175576, 13.225400031199275 ], [ 80.324431520129352, 13.225397709973494 ], [ 80.32443399417356, 13.224499196603849 ], [ 80.323511064777492, 13.224496755890327 ], [ 80.323511058204161, 13.224499139999129 ], [ 80.322610165622763, 13.224496754348545 ], [ 80.322607669219437, 13.225400946695407 ], [ 80.322610154910379, 13.225400953282564 ], [ 80.322607667436884, 13.2263018474828 ], [ 80.323511045894946, 13.226304240023431 ], [ 80.323508568129142, 13.227202749981178 ], [ 80.324411943470579, 13.227205139480088 ], [ 80.324409468821614, 13.228103652479668 ], [ 80.325312841045942, 13.228106038936462 ], [ 80.325310369514312, 13.22900455497825 ], [ 80.326233316212679, 13.229006990009964 ], [ 80.326233322737366, 13.229004614827247 ], [ 80.327134218859896, 13.229006988467301 ], [ 80.327134225367132, 13.229004616460672 ], [ 80.32801553698863, 13.229006935426947 ], [ 80.328013075158808, 13.229905460898573 ], [ 80.328916434563453, 13.229907834882395 ], [ 80.32891397585243, 13.23080636339736 ], [ 80.329836930016526, 13.230808785738573 ], [ 80.329836936473313, 13.230806422961855 ], [ 80.330737832663488, 13.230808784195242 ], [ 80.330737839102937, 13.230806424595009 ], [ 80.331638735310349, 13.230808782651797 ], [ 80.331641199476422, 13.229904589002858 ], [ 80.330718248373202, 13.229902173340484 ], [ 80.330718241934022, 13.229904532940875 ], [ 80.329836943879044, 13.229902223186459 ], [ 80.32983939648453, 13.229004627819855 ], [ 80.330737829447543, 13.229006982295514 ], [ 80.330740296586825, 13.2281027886863 ], [ 80.330737836841223, 13.228102782244921 ], [ 80.330740294804968, 13.227201887672818 ], [ 80.329836939052058, 13.227199520595795 ], [ 80.329839393697156, 13.226300988369424 ], [ 80.329836930990425, 13.22630098191242 ], [ 80.329839391915428, 13.22540008735583 ], [ 80.328916458101133, 13.225397665995109 ], [ 80.328916451631571, 13.225400031201579 ], [ 80.328035130599943, 13.225397715903279 ], [ 80.328037588931636, 13.224500120580938 ], [ 80.328936016117439, 13.224502480631191 ], [ 80.328938489025802, 13.223598287038532 ], [ 80.328936023533075, 13.223598280566758 ], [ 80.328938487244358, 13.222697386024837 ], [ 80.328015563766584, 13.222694961897604 ], [ 80.328015557282242, 13.222697329830789 ], [ 80.327134223158353, 13.222695011830936 ], [ 80.327136684264389, 13.221797416561323 ], [ 80.328035108651022, 13.221799779322923 ], [ 80.328037584354789, 13.220895585707117 ], [ 80.328035116077444, 13.220895579220569 ], [ 80.328037582573586, 13.219994684693319 ], [ 80.327134218335402, 13.219992309241213 ], [ 80.327136681465163, 13.219093785389079 ], [ 80.327134210229929, 13.219093778886872 ], [ 80.327136679684102, 13.218192884375178 ], [ 80.326213773486558, 13.218190454556362 ], [ 80.326213766971762, 13.218192828089325 ], [ 80.325332409887267, 13.218190504551366 ], [ 80.325334879247634, 13.217291986780298 ], [ 80.324431505663597, 13.217289602206861 ], [ 80.324433978138558, 13.216391087475751 ], [ 80.323530601440183, 13.216388699862639 ], [ 80.323533077029239, 13.215490188171101 ], [ 80.323530593269396, 13.215490181602595 ], [ 80.323533075248207, 13.214589287156768 ], [ 80.323530591663967, 13.214589280589141 ], [ 80.323533073467303, 13.213688386142438 ], [ 80.323530590058652, 13.213688379575693 ], [ 80.323533071686541, 13.212787485128112 ], [ 80.323530588453465, 13.212787478562243 ], [ 80.323533069905892, 13.211886584113783 ], [ 80.323530586848392, 13.211886577548796 ], [ 80.323533068125371, 13.210985683099457 ], [ 80.322629689187281, 13.210983293205022 ], [ 80.322632167015882, 13.210084783794166 ], [ 80.322629681005154, 13.210084777213448 ], [ 80.322632165235504, 13.209183882779733 ], [ 80.321728783360271, 13.209181489999223 ], [ 80.321731264125802, 13.208282983474238 ], [ 80.321728775162754, 13.208282976877777 ], [ 80.321731262345551, 13.2073820824597 ], [ 80.321728773558547, 13.207382075864123 ], [ 80.321731260565429, 13.206481181445167 ], [ 80.320827875929268, 13.206478785931393 ], [ 80.320830359455528, 13.205580282139351 ], [ 80.319907501856122, 13.205577831860323 ], [ 80.31990749523122, 13.205580225490531 ], [ 80.319006602699375, 13.20557783032128 ], [ 80.319004099235357, 13.206481121485961 ], [ 80.318125168081451, 13.206478781491972 ], [ 80.318127661465084, 13.205580287266168 ], [ 80.317224263861064, 13.205577879150201 ], [ 80.317226760354274, 13.204679387960256 ], [ 80.316303906832601, 13.20467692485464 ], [ 80.316303900138195, 13.204679331016939 ], [ 80.31540300767621, 13.20467692331616 ], [ 80.315400488630559, 13.205581115701287 ], [ 80.315402996884458, 13.20558112240963 ] ] ] } },
{ "type": "Feature", "properties": { "hotspot_id": "HOT_0002", "cluster_area_m2": 166948.0, "cluster_perimeter_m": 2178.44, "cluster_size_pixels": 17, "mean_lst": 41.68, "peak_lst": 43.23 }, "geometry": { "type": "Polygon", "coordinates": [ [ [ 80.275763416605898, 13.216391117673117 ], [ 80.274862524981202, 13.216388565188728 ], [ 80.274859856492711, 13.217292012778637 ], [ 80.273961624232712, 13.21728946449913 ], [ 80.273958950063445, 13.218193647894779 ], [ 80.273961612902724, 13.218193655454407 ], [ 80.273958948275606, 13.219094548676308 ], [ 80.273961611303108, 13.219094556236954 ], [ 80.273958946487639, 13.219995449457846 ], [ 80.274862501316761, 13.21999801332416 ], [ 80.27485984716742, 13.220896351955663 ], [ 80.275763398895236, 13.220898912791332 ], [ 80.275760747847443, 13.221797254453586 ], [ 80.276683657638031, 13.221799867031711 ], [ 80.276686320338911, 13.220896425170872 ], [ 80.277584558690734, 13.220898964539824 ], [ 80.277587220071027, 13.219994780607463 ], [ 80.276683671645301, 13.219992226388662 ], [ 80.276686316762294, 13.219094623578107 ], [ 80.277584555491401, 13.219097162627214 ], [ 80.277587216495917, 13.218192978567696 ], [ 80.2775845635758, 13.218192971073842 ], [ 80.277587214708561, 13.217292077547816 ], [ 80.2766836668427, 13.217289523814816 ], [ 80.276686313587163, 13.21639117824345 ], [ 80.275763424130915, 13.216388566723548 ], [ 80.275763416605898, 13.216391117673117 ] ] ] } },
{ "type": "Feature", "properties": { "hotspot_id": "HOT_0003", "cluster_area_m2": 39487.34, "cluster_perimeter_m": 990.29, "cluster_size_pixels": 4, "mean_lst": 42.07, "peak_lst": 43.09 }, "geometry": { "type": "Polygon", "coordinates": [ [ [ 80.280267913481723, 13.219992177782837 ], [ 80.280265264191783, 13.220895607079957 ], [ 80.279367012731825, 13.220893077092786 ], [ 80.279364357721079, 13.221797261317606 ], [ 80.280287268247562, 13.221799860888662 ], [ 80.280287275684572, 13.221797325005788 ], [ 80.281188170899654, 13.22179985935262 ], [ 80.281188178318061, 13.22179732664428 ], [ 80.282089073551631, 13.22179985781646 ], [ 80.282091718524867, 13.220895673048743 ], [ 80.281188186356147, 13.220893134633446 ], [ 80.281190817404607, 13.219994773744791 ], [ 80.280267913481723, 13.219992177782837 ] ] ] } },
{ "type": "Feature", "properties": { "hotspot_id": "HOT_0004", "cluster_area_m2": 10000.0, "cluster_perimeter_m": 400.0, "cluster_size_pixels": 1, "mean_lst": 43.38, "peak_lst": 43.38 }, "geometry": { "type": "Polygon", "coordinates": [ [ [ 80.315402978809388, 13.22089313861791 ], [ 80.316325893093236, 13.220895607942971 ], [ 80.316323374242202, 13.22179979935893 ], [ 80.315400456558706, 13.22179732985907 ], [ 80.315402978809388, 13.22089313861791 ] ] ] } },
{ "type": "Feature", "properties": { "hotspot_id": "HOT_0005", "cluster_area_m2": 49416.17, "cluster_perimeter_m": 994.91, "cluster_size_pixels": 5, "mean_lst": 41.28, "peak_lst": 41.59 }, "geometry": { "type": "Polygon", "coordinates": [ [ [ 80.282091700658981, 13.211886662855402 ], [ 80.281168827028836, 13.211884071705002 ], [ 80.281168819620689, 13.211886602813118 ], [ 80.280267927877844, 13.211884070170047 ], [ 80.280265278058096, 13.212788255210343 ], [ 80.280267916631985, 13.212788262633193 ], [ 80.280265276271834, 13.213689155992652 ], [ 80.280267915032297, 13.2136891634165 ], [ 80.280265274485444, 13.214590056774954 ], [ 80.281188158100605, 13.21459265170564 ], [ 80.28119080267173, 13.213689226896092 ], [ 80.282089059152199, 13.213691749214577 ], [ 80.282091702445001, 13.212787563874732 ], [ 80.282089067175747, 13.212787556479963 ], [ 80.282091700658981, 13.211886662855402 ] ] ] } },
{ "type": "Feature", "properties": { "hotspot_id": "HOT_0006", "cluster_area_m2": 29726.25, "cluster_perimeter_m": 795.06, "cluster_size_pixels": 3, "mean_lst": 41.08, "peak_lst": 41.3 }, "geometry": { "type": "Polygon", "coordinates": [ [ [ 80.291998980303063, 13.209187227547243 ], [ 80.292001586189457, 13.208283039931791 ], [ 80.291078724098014, 13.208280485208331 ], [ 80.291078716896592, 13.208282980787262 ], [ 80.290177824945289, 13.208280483672569 ], [ 80.290175212347151, 13.209184670929922 ], [ 80.290177813828365, 13.209184678145823 ], [ 80.29017521056268, 13.210085571713432 ], [ 80.29109807925397, 13.210088130037812 ], [ 80.291100686337444, 13.209184740710866 ], [ 80.291998980303063, 13.209187227547243 ] ] ] } },
{ "type": "Feature", "properties": { "hotspot_id": "HOT_0007", "cluster_area_m2": 10000.0, "cluster_perimeter_m": 400.0, "cluster_size_pixels": 1, "mean_lst": 41.33, "peak_lst": 41.33 }, "geometry": { "type": "Polygon", "coordinates": [ [ [ 80.293781419956545, 13.209181390663764 ], [ 80.294704285972728, 13.209183935812037 ], [ 80.294701689850072, 13.210088123893199 ], [ 80.293778820437595, 13.210085578564616 ], [ 80.293781419956545, 13.209181390663764 ] ] ] } },
{ "type": "Feature", "properties": { "hotspot_id": "HOT_0008", "cluster_area_m2": 3182921.83, "cluster_perimeter_m": 18937.72, "cluster_size_pixels": 326, "mean_lst": 41.93, "peak_lst": 49.72 }, "geometry": { "type": "Polygon", "coordinates": [ [ [ 80.260448184862938, 13.190262416187139 ], [ 80.260445466693056, 13.19116659874399 ], [ 80.260448173380084, 13.19116660655629 ], [ 80.260445466978808, 13.192066810513957 ], [ 80.25956647230413, 13.192064271801547 ], [ 80.259569176159786, 13.191165982242753 ], [ 80.258646384967435, 13.191163313970939 ], [ 80.258646377111987, 13.191165920595449 ], [ 80.257745485816599, 13.191163312441304 ], [ 80.257742757520688, 13.192067494379799 ], [ 80.257745474298815, 13.192067502250383 ], [ 80.257742755734412, 13.192968395159422 ], [ 80.258646364010033, 13.192971011516349 ], [ 80.258643656410328, 13.193869297654093 ], [ 80.25956645775338, 13.193871966472802 ], [ 80.259569177668553, 13.192968469735703 ], [ 80.260467358810729, 13.192971063984286 ], [ 80.260470075213846, 13.192067570560042 ], [ 80.261368259867851, 13.192070161495872 ], [ 80.261368267666455, 13.19206756437536 ], [ 80.262269162518464, 13.19207015996578 ], [ 80.262269170298069, 13.192067566013209 ], [ 80.263150861513353, 13.192070103208028 ], [ 80.263148170509325, 13.192968405447365 ], [ 80.26315086767957, 13.192968413204726 ], [ 80.263148170816478, 13.193868607670778 ], [ 80.262249976790045, 13.193866022621497 ], [ 80.262247266559697, 13.194769510296711 ], [ 80.261349076044993, 13.19476692193461 ], [ 80.261346362302589, 13.195670412922913 ], [ 80.260448175300169, 13.195667821247623 ], [ 80.26044816747762, 13.195670422359838 ], [ 80.259547276149704, 13.195667819717219 ], [ 80.259547268308083, 13.195670423998379 ], [ 80.258646376999323, 13.195667818186928 ], [ 80.258643651050718, 13.196571999993287 ], [ 80.258646365489781, 13.196572007850035 ], [ 80.258643649263945, 13.197472900773011 ], [ 80.258646363895153, 13.197472908630818 ], [ 80.25864364747703, 13.198373801552739 ], [ 80.258646362300397, 13.198373809411597 ], [ 80.258643647742147, 13.199274021810389 ], [ 80.257745471472816, 13.199271420029147 ], [ 80.257745463588762, 13.199274031309438 ], [ 80.256863777204103, 13.199271474230674 ], [ 80.256866492434852, 13.198373195565923 ], [ 80.256863767706562, 13.198373187659451 ], [ 80.256866490647582, 13.19747229454358 ], [ 80.256863766112147, 13.19747228663817 ], [ 80.256866488860453, 13.196571393521236 ], [ 80.255943677955273, 13.196568714439605 ], [ 80.255943670036089, 13.196571331562275 ], [ 80.255042778805503, 13.196568712909658 ], [ 80.255042770867107, 13.196571333201481 ], [ 80.254141879655819, 13.196568711379822 ], [ 80.254139136951181, 13.197472892194494 ], [ 80.254141868088496, 13.197472900148115 ], [ 80.254139135163683, 13.198373792973676 ], [ 80.254141866494322, 13.198373800928367 ], [ 80.254139133376071, 13.199274693752855 ], [ 80.255061954057055, 13.199277379876005 ], [ 80.255061961997924, 13.19927475925253 ], [ 80.255943655299987, 13.19927732255629 ], [ 80.255940936513781, 13.20017559796443 ], [ 80.256844552884417, 13.200178222029562 ], [ 80.256841837189143, 13.201076500459962 ], [ 80.257764665202444, 13.201079177202651 ], [ 80.25776467308792, 13.201076565757226 ], [ 80.258665567854706, 13.201079175671925 ], [ 80.258668292635662, 13.200175674473213 ], [ 80.259566468912226, 13.20017827318256 ], [ 80.259566476758394, 13.200175668241938 ], [ 80.260448149605992, 13.200178216137108 ], [ 80.260445447042358, 13.2010765073234 ], [ 80.260448155837906, 13.201076515147234 ], [ 80.260445445255172, 13.20197740810333 ], [ 80.260448154242411, 13.201977415928214 ], [ 80.260445443467859, 13.202878308883264 ], [ 80.260448152646802, 13.202878316709201 ], [ 80.260445443744985, 13.203778523606045 ], [ 80.259547261798176, 13.203775927307118 ], [ 80.25954725394709, 13.203778533072397 ], [ 80.258646362648861, 13.203775925775853 ], [ 80.258646354778662, 13.203778534711878 ], [ 80.257745463499674, 13.203775924244693 ], [ 80.25774273250137, 13.204680105294418 ], [ 80.257745451972951, 13.204680113179796 ], [ 80.257742730713332, 13.205581006074022 ], [ 80.258665575829113, 13.205583680465068 ], [ 80.258665583700719, 13.205581071364126 ], [ 80.259566478481844, 13.205583678933689 ], [ 80.25956920090708, 13.204680180066516 ], [ 80.26046737953908, 13.204682776443789 ], [ 80.260467387371435, 13.204680173849436 ], [ 80.261368282191469, 13.204682774912291 ], [ 80.261368290004739, 13.204680175488685 ], [ 80.262269184843731, 13.20468277338068 ], [ 80.262269192637945, 13.204680177127827 ], [ 80.263170087495908, 13.204682771848958 ], [ 80.263172796439974, 13.20377928575199 ], [ 80.264070988552234, 13.203781869359144 ], [ 80.264070996307382, 13.203779279611673 ], [ 80.264971891204041, 13.203781867827304 ], [ 80.264971898940217, 13.203779281250377 ], [ 80.265872793855735, 13.203781866295351 ], [ 80.265872801572954, 13.20377928288897 ], [ 80.266773696507315, 13.203781864763284 ], [ 80.266773704205605, 13.203779284527444 ], [ 80.267674599158781, 13.203781863231104 ], [ 80.267674606838156, 13.203779286165808 ], [ 80.268575501810133, 13.203781861698813 ], [ 80.268575509470622, 13.203779287804059 ], [ 80.269476404461358, 13.20378186016641 ], [ 80.269476412102989, 13.203779289442197 ], [ 80.270377307112483, 13.203781858633896 ], [ 80.270377314735285, 13.203779291080211 ], [ 80.271278209763494, 13.203781857101262 ], [ 80.271278217367481, 13.203779292718119 ], [ 80.272179112414392, 13.20378185556852 ], [ 80.272179119999564, 13.203779294355918 ], [ 80.273080015065162, 13.203781854035665 ], [ 80.273080022631575, 13.203779295993597 ], [ 80.273980917715818, 13.203781852502694 ], [ 80.273983588783651, 13.202877668086179 ], [ 80.273080030767574, 13.202875104187944 ], [ 80.273082687661486, 13.201976768780115 ], [ 80.272179126549233, 13.201974201855677 ], [ 80.272181786539122, 13.201075869473948 ], [ 80.271258955539125, 13.201073244689658 ], [ 80.271258947937525, 13.201075808748399 ], [ 80.27037731971086, 13.201073298049193 ], [ 80.270379986079462, 13.200174971882021 ], [ 80.270377310494112, 13.200174964258386 ], [ 80.270379982145371, 13.19927479472919 ], [ 80.271278201782124, 13.199277352315708 ], [ 80.271280881845342, 13.198373168126468 ], [ 80.270377314918562, 13.198370595477597 ], [ 80.270379980722538, 13.197472268819881 ], [ 80.270377305705253, 13.197472261199309 ], [ 80.270379978937157, 13.196571367799169 ], [ 80.269476409104527, 13.196568792289275 ], [ 80.26947907781414, 13.195670468492372 ], [ 80.269476399874819, 13.195670460855021 ], [ 80.269479076028873, 13.194769567471555 ], [ 80.269476398279139, 13.19476955983523 ], [ 80.269479074243762, 13.19386866645074 ], [ 80.269476396683601, 13.193868658815441 ], [ 80.269479070314063, 13.192968487540833 ], [ 80.270377287963854, 13.192971047147152 ], [ 80.270377295574391, 13.192968481543472 ], [ 80.271278190613444, 13.192971045615828 ], [ 80.271278198205209, 13.192968483180275 ], [ 80.272179093262935, 13.192971044084386 ], [ 80.272181766521385, 13.192067591598947 ], [ 80.273079994317044, 13.192070141595924 ], [ 80.273080001870284, 13.192067585658544 ], [ 80.273980896966179, 13.192070140064368 ], [ 80.273983563398062, 13.191166694038234 ], [ 80.274881798019834, 13.191169237575995 ], [ 80.27488446313356, 13.190265052089629 ], [ 80.274881806127681, 13.190265044570911 ], [ 80.274884461349771, 13.189364151069476 ], [ 80.273980909426939, 13.189361592799475 ], [ 80.27398356022799, 13.188463251761799 ], [ 80.273980900299577, 13.188463244226416 ], [ 80.27398355626066, 13.187563090853812 ], [ 80.274881791639615, 13.187565633749161 ], [ 80.274884453807886, 13.186662191674735 ], [ 80.275782692693085, 13.186664731261317 ], [ 80.275782700184223, 13.18666218579564 ], [ 80.276683595341169, 13.186664729730074 ], [ 80.276683602813691, 13.186662187431121 ], [ 80.277565258017589, 13.186664673969901 ], [ 80.277562620629638, 13.187563028169988 ], [ 80.278466155604875, 13.187565573440171 ], [ 80.278463521310712, 13.188463930663946 ], [ 80.27938630647553, 13.188466527048016 ], [ 80.279386313894292, 13.188463993928162 ], [ 80.280267952375951, 13.188466471436227 ], [ 80.280265324456494, 13.189364834869812 ], [ 80.281188113366966, 13.189367424940038 ], [ 80.281188120749647, 13.189364897994286 ], [ 80.282089016014709, 13.18936742340779 ], [ 80.282091654266893, 13.188463236353508 ], [ 80.282089024028195, 13.188463228985459 ], [ 80.282091650237604, 13.187563105404575 ], [ 80.282989915470381, 13.187565619963966 ], [ 80.282992550039125, 13.186661432603692 ], [ 80.282089028197404, 13.186658903490105 ], [ 80.282091646671802, 13.185761303810759 ], [ 80.282989912278907, 13.185763818052497 ], [ 80.282992546474787, 13.184859630565361 ], [ 80.282089025003444, 13.18485710177338 ], [ 80.282091645355152, 13.183958731257126 ], [ 80.281188120789679, 13.183956199441266 ], [ 80.281190744235289, 13.183057831948783 ], [ 80.28028721657617, 13.183055297109433 ], [ 80.280289843115185, 13.182156932640339 ], [ 80.279367081422109, 13.18215434072687 ], [ 80.279367074009642, 13.182156872883716 ], [ 80.278466182267465, 13.182154339195726 ], [ 80.27846353422801, 13.183057768097642 ], [ 80.277565281518349, 13.183055238510148 ], [ 80.277562629974639, 13.183958670719443 ], [ 80.276664380769461, 13.183956137824472 ], [ 80.276664373299283, 13.183958679801336 ], [ 80.2757634816154, 13.183956136293451 ], [ 80.275763474126606, 13.183958681436632 ], [ 80.274881802468215, 13.183956189127422 ], [ 80.274884448866786, 13.183057843928443 ], [ 80.274881793366234, 13.183057836417799 ], [ 80.27488444708402, 13.182156942908302 ], [ 80.273961686495966, 13.182154331541714 ], [ 80.273961678971887, 13.182156882694052 ], [ 80.27306078734199, 13.182154330011246 ], [ 80.273060779799223, 13.182156884329505 ], [ 80.272159888188156, 13.182154328480895 ], [ 80.272157216936847, 13.183057779414421 ], [ 80.27125898744066, 13.183055227795343 ], [ 80.271258979859425, 13.183057788607787 ], [ 80.270358088287168, 13.183055226265109 ], [ 80.270358080687188, 13.183057790243671 ], [ 80.269457189133789, 13.183055224734986 ], [ 80.269454507743703, 13.183958685272025 ], [ 80.268556288386989, 13.183956124049347 ], [ 80.268556280748385, 13.183958694523097 ], [ 80.267655389233951, 13.183956122519337 ], [ 80.267655381576517, 13.18395869615942 ], [ 80.266754490081027, 13.183956120989444 ], [ 80.266751796422938, 13.184860305277262 ], [ 80.267674565667903, 13.184862943122235 ], [ 80.267674573325678, 13.184860369482321 ], [ 80.268556269372397, 13.184862886811089 ], [ 80.268553599563774, 13.185761209483768 ], [ 80.268556275417254, 13.185761217119484 ], [ 80.268553599920935, 13.186661389908277 ], [ 80.267655384452937, 13.186658825052124 ], [ 80.267652695666257, 13.187562292532416 ], [ 80.266754483706578, 13.187559724366071 ], [ 80.266754476026179, 13.187562301825823 ], [ 80.265853584554236, 13.187559722835854 ], [ 80.265853576854951, 13.187562303462743 ], [ 80.264952685402022, 13.187559721305755 ], [ 80.264952677683809, 13.187562305099771 ], [ 80.264051786249922, 13.187559719775763 ], [ 80.26405177851278, 13.187562306736917 ], [ 80.263150887097922, 13.187559718245888 ], [ 80.263150879341822, 13.187562308374178 ], [ 80.262249987946035, 13.187559716716128 ], [ 80.262249980170964, 13.187562310011547 ], [ 80.261349088794262, 13.18755971518647 ], [ 80.261346374511632, 13.188463898118174 ], [ 80.261349077324766, 13.188463905908311 ], [ 80.261346372726337, 13.189364798898241 ], [ 80.261349075730919, 13.189364806689422 ], [ 80.261346373021013, 13.190265006880937 ], [ 80.260448184862938, 13.190262416187139 ] ], [ [ 80.266754464571207, 13.198370534496163 ], [ 80.266754456878417, 13.198373113915705 ], [ 80.265853565420272, 13.198370532964645 ], [ 80.265853557708567, 13.198373115553725 ], [ 80.264971899197064, 13.198370586634145 ], [ 80.264974584695679, 13.197472279106336 ], [ 80.264971889871148, 13.197472271372455 ], [ 80.264974582909574, 13.19657137808497 ], [ 80.264971888275824, 13.196571370352128 ], [ 80.264974579017078, 13.195671181834593 ], [ 80.265872779497855, 13.195673757675435 ], [ 80.265875476561803, 13.194770282658116 ], [ 80.26677368055357, 13.194772855186676 ], [ 80.266773688241528, 13.19477027658384 ], [ 80.267655352634947, 13.194772798678317 ], [ 80.267652677469187, 13.195671116360016 ], [ 80.267655358708694, 13.195671124025868 ], [ 80.267652675683692, 13.196572017140834 ], [ 80.267655357113, 13.196572024807715 ], [ 80.26765267389807, 13.197472917921644 ], [ 80.267655355517206, 13.197472925589551 ], [ 80.267652674239415, 13.198373104608859 ], [ 80.266754464571207, 13.198370534496163 ] ] ] } },
{ "type": "Feature", "properties": { "hotspot_id": "HOT_0009", "cluster_area_m2": 49215.66, "cluster_perimeter_m": 990.88, "cluster_size_pixels": 5, "mean_lst": 41.48, "peak_lst": 42.01 }, "geometry": { "type": "Polygon", "coordinates": [ [ [ 80.288397972798776, 13.200174937616477 ], [ 80.287475141877735, 13.200172371445625 ], [ 80.287475134611682, 13.200174878283416 ], [ 80.286574242724413, 13.200172369911295 ], [ 80.286571618533273, 13.201076557029644 ], [ 80.286574231567059, 13.201076564310238 ], [ 80.286571616749484, 13.201977457812735 ], [ 80.287494454264902, 13.201980027584339 ], [ 80.287494461532248, 13.201977520588034 ], [ 80.288395356913512, 13.201980026049785 ], [ 80.288395364162483, 13.201977522223597 ], [ 80.289296259561979, 13.201980024515118 ], [ 80.289298873916962, 13.201075836922813 ], [ 80.288395372098606, 13.20107332755585 ], [ 80.288397972798776, 13.200174937616477 ] ] ] } },
{ "type": "Feature", "properties": { "hotspot_id": "HOT_0010", "cluster_area_m2": 29927.22, "cluster_perimeter_m": 799.62, "cluster_size_pixels": 3, "mean_lst": 42.49, "peak_lst": 43.83 }, "geometry": { "type": "Polygon", "coordinates": [ [ [ 80.319929447667448, 13.19927397674498 ], [ 80.319006613918589, 13.199271524367742 ], [ 80.319004109194751, 13.200175717815748 ], [ 80.319006603176646, 13.200175724448288 ], [ 80.319004107415282, 13.201076618602752 ], [ 80.319006601573676, 13.20107662523618 ], [ 80.319004105635699, 13.201977519389752 ], [ 80.319926949542321, 13.201979972269326 ], [ 80.319929451226258, 13.201075778774454 ], [ 80.319926957067409, 13.201075772150016 ], [ 80.319929449446789, 13.200174877759718 ], [ 80.319926955464425, 13.200174871136168 ], [ 80.319929447667448, 13.19927397674498 ] ] ] } },
{ "type": "Feature", "properties": { "hotspot_id": "HOT_0011", "cluster_area_m2": 10000.0, "cluster_perimeter_m": 400.0, "cluster_size_pixels": 1, "mean_lst": 41.06, "peak_lst": 41.06 }, "geometry": { "type": "Polygon", "coordinates": [ [ [ 80.282970646112247, 13.200172363775097 ], [ 80.283893476123254, 13.200174946178659 ], [ 80.283890842071443, 13.201079132765843 ], [ 80.2829680086667, 13.201076550179216 ], [ 80.282970646112247, 13.200172363775097 ] ] ] } },
{ "type": "Feature", "properties": { "hotspot_id": "HOT_0012", "cluster_area_m2": 10000.0, "cluster_perimeter_m": 400.0, "cluster_size_pixels": 1, "mean_lst": 41.88, "peak_lst": 41.88 }, "geometry": { "type": "Polygon", "coordinates": [ [ [ 80.315403017289469, 13.199271518215749 ], [ 80.316325850342906, 13.199273983578365 ], [ 80.316323335759094, 13.200178176519305 ], [ 80.315400499312062, 13.200175710981906 ], [ 80.315403017289469, 13.199271518215749 ] ] ] } },
{ "type": "Feature", "properties": { "hotspot_id": "HOT_0013", "cluster_area_m2": 675714.95, "cluster_perimeter_m": 7299.48, "cluster_size_pixels": 69, "mean_lst": 41.42, "peak_lst": 45.81 }, "geometry": { "type": "Polygon", "coordinates": [ [ [ 80.231616595116847, 13.187562940718619 ], [ 80.231619406594305, 13.187562949147603 ], [ 80.231616593327814, 13.188463841495103 ], [ 80.231619405004423, 13.188463849925219 ], [ 80.231616591538668, 13.189364742271582 ], [ 80.231619403414427, 13.189364750702829 ], [ 80.231616591569335, 13.19026506035082 ], [ 80.230718512934303, 13.190262365764871 ], [ 80.23071568550148, 13.19116654210646 ], [ 80.23071850107516, 13.191166550559762 ], [ 80.230715683711836, 13.192067442882825 ], [ 80.230718499484894, 13.192067451337266 ], [ 80.230715683731873, 13.192967765002768 ], [ 80.229817609018056, 13.192965066757983 ], [ 80.229814777673397, 13.193869242717035 ], [ 80.229817597145569, 13.193869251193572 ], [ 80.229814775883256, 13.19477014349329 ], [ 80.230737574448128, 13.194772916337861 ], [ 80.230737582910422, 13.194770210992701 ], [ 80.231638477102976, 13.194772914811281 ], [ 80.231638485545474, 13.194770212634701 ], [ 80.232539379757725, 13.19477291328459 ], [ 80.232539388180442, 13.194770214276584 ], [ 80.233440282412374, 13.194772911757779 ], [ 80.233440290815309, 13.194770215918357 ], [ 80.234341185066896, 13.194772910230865 ], [ 80.234341193450106, 13.194770217560016 ], [ 80.235242087721304, 13.194772908703833 ], [ 80.235242096084789, 13.19477021920156 ], [ 80.236142990375598, 13.194772907176686 ], [ 80.236142998719387, 13.19477022084299 ], [ 80.237024780500462, 13.194772848723986 ], [ 80.237021993768039, 13.195671058016311 ], [ 80.237944797274892, 13.19567380508321 ], [ 80.237944805580483, 13.195671124916926 ], [ 80.238826577265399, 13.195673746730911 ], [ 80.238823796898714, 13.196571962229216 ], [ 80.238826583959636, 13.196571970511858 ], [ 80.238823795109354, 13.197472863006553 ], [ 80.239746605765873, 13.197475603949773 ], [ 80.239746614034431, 13.197472929782373 ], [ 80.24064750841994, 13.197475602421738 ], [ 80.240647516668929, 13.197472931423508 ], [ 80.241529271615676, 13.197475544213772 ], [ 80.241526500701667, 13.198373768937381 ], [ 80.242430169200929, 13.198376443690158 ], [ 80.242427401373348, 13.199274671432754 ], [ 80.243350219565883, 13.199277399757941 ], [ 80.243350227758441, 13.199274737930178 ], [ 80.244251122219737, 13.199277398229237 ], [ 80.244251130392797, 13.19927473957104 ], [ 80.245152024873477, 13.199277396700417 ], [ 80.245152033027054, 13.199274741211793 ], [ 80.246052927527103, 13.199277395171491 ], [ 80.246055698413343, 13.198373850198319 ], [ 80.246953828587891, 13.198376492682398 ], [ 80.246956597909488, 13.19747231342366 ], [ 80.246033785721409, 13.197469598458055 ], [ 80.24603377758875, 13.19747225060938 ], [ 80.245132886573018, 13.197469596929238 ], [ 80.24513287842089, 13.197472252249927 ], [ 80.244231987424712, 13.197469595400534 ], [ 80.244231979253129, 13.197472253890584 ], [ 80.24335023468376, 13.197469650437601 ], [ 80.243352998757857, 13.196571419268535 ], [ 80.243350224900368, 13.196571411074157 ], [ 80.24335299696908, 13.195670518244569 ], [ 80.242430192312341, 13.195667790660968 ], [ 80.242430184103952, 13.195670455152307 ], [ 80.241548426251597, 13.19566784578657 ], [ 80.241551196497682, 13.194769620655045 ], [ 80.2406475220359, 13.194766943461474 ], [ 80.24065029536726, 13.193868721348139 ], [ 80.239727498050797, 13.193865984395023 ], [ 80.239727489785935, 13.193868658054608 ], [ 80.238826598902705, 13.193865982867427 ], [ 80.238826590618245, 13.193868659695587 ], [ 80.23792569975474, 13.19386598133995 ], [ 80.237922899891629, 13.19476955404707 ], [ 80.237043911544816, 13.194766937578589 ], [ 80.237046697999418, 13.193868728218391 ], [ 80.236143007329474, 13.193866035254507 ], [ 80.236145796867845, 13.192967828911394 ], [ 80.235242103114402, 13.192965132930702 ], [ 80.235244895736045, 13.192066929604295 ], [ 80.235242093161773, 13.192066921239002 ], [ 80.23524489394687, 13.19116602857936 ], [ 80.235242091571038, 13.19116602021519 ], [ 80.235244892157809, 13.190265127554417 ], [ 80.235242089980432, 13.190265119191373 ], [ 80.23524489036889, 13.189364226529486 ], [ 80.234341194124738, 13.189361528047057 ], [ 80.234343989236905, 13.18846332722196 ], [ 80.234341184157515, 13.188463318841453 ], [ 80.234343987448099, 13.187562426196919 ], [ 80.234341182567405, 13.187562417817533 ], [ 80.23434398565945, 13.186661525171875 ], [ 80.233421216735763, 13.186658766983077 ], [ 80.233421208342236, 13.186661461456696 ], [ 80.232520317587557, 13.186658765457146 ], [ 80.232520309174262, 13.186661463097732 ], [ 80.23161941843945, 13.186658763931325 ], [ 80.231616595116847, 13.187562940718619 ] ], [ [ 80.232542194090456, 13.191166619536503 ], [ 80.233440276051766, 13.191169307910979 ], [ 80.233440284450197, 13.191166612754524 ], [ 80.234322089332522, 13.191169249341044 ], [ 80.234319295390563, 13.192066857505194 ], [ 80.233421207197154, 13.192064172023935 ], [ 80.233421198796862, 13.192066867522056 ], [ 80.232539393653596, 13.192064227667359 ], [ 80.232542194090456, 13.191166619536503 ] ] ] } },
{ "type": "Feature", "properties": { "hotspot_id": "HOT_0014", "cluster_area_m2": 78633.91, "cluster_perimeter_m": 1190.64, "cluster_size_pixels": 8, "mean_lst": 42.86, "peak_lst": 43.85 }, "geometry": { "type": "Polygon", "coordinates": [ [ [ 80.317204825213935, 13.193866116189886 ], [ 80.317204818547907, 13.193868517356565 ], [ 80.316303926056023, 13.193866114652597 ], [ 80.316301414945997, 13.194769413310251 ], [ 80.315403025297073, 13.194767013965469 ], [ 80.315400508209848, 13.195671207049042 ], [ 80.315403014511944, 13.195671213747499 ], [ 80.315400506430549, 13.196572107835618 ], [ 80.316323329352258, 13.196574572712569 ], [ 80.316323336037968, 13.196572168073025 ], [ 80.317224231996491, 13.196574571175054 ], [ 80.317224238664593, 13.196572169704396 ], [ 80.318125134640596, 13.196574569637434 ], [ 80.318127641888381, 13.195670376101647 ], [ 80.318125142187156, 13.19567036944742 ], [ 80.318127640109424, 13.1947694750867 ], [ 80.318125140585181, 13.194769468433369 ], [ 80.318127638330608, 13.193868574071754 ], [ 80.317204825213935, 13.193866116189886 ] ] ] } },
{ "type": "Feature", "properties": { "hotspot_id": "HOT_0015", "cluster_area_m2": 59180.46, "cluster_perimeter_m": 1189.61, "cluster_size_pixels": 6, "mean_lst": 41.12, "peak_lst": 41.8 }, "geometry": { "type": "Polygon", "coordinates": [ [ [ 80.28026796621792, 13.190262449870211 ], [ 80.280265323121384, 13.191165873911174 ], [ 80.279367065468278, 13.191163349183672 ], [ 80.279364416642352, 13.192067535504721 ], [ 80.279367054225304, 13.192067542923265 ], [ 80.27936441485889, 13.192968436286952 ], [ 80.280287217103137, 13.192971030296368 ], [ 80.280287224508314, 13.192968499542062 ], [ 80.281188119751477, 13.192971028763807 ], [ 80.281190759824511, 13.192067607772294 ], [ 80.282089020803269, 13.192070126275297 ], [ 80.28209165961546, 13.191165939411366 ], [ 80.281188133566602, 13.191163406307489 ], [ 80.281190758495512, 13.190265040103878 ], [ 80.28026796621792, 13.190262449870211 ] ] ] } },
{ "type": "Feature", "properties": { "hotspot_id": "HOT_0016", "cluster_area_m2": 19763.4, "cluster_perimeter_m": 595.84, "cluster_size_pixels": 2, "mean_lst": 41.5, "peak_lst": 42.8 }, "geometry": { "type": "Polygon", "coordinates": [ [ [ 80.248755622747083, 13.192070182905272 ], [ 80.248758384075515, 13.191166002826707 ], [ 80.247835595164929, 13.191163295622763 ], [ 80.247835587078697, 13.19116594026268 ], [ 80.246934696015472, 13.191163294094482 ], [ 80.246931927984718, 13.192067473793118 ], [ 80.24785472009475, 13.192070184433669 ], [ 80.247854728181352, 13.192067539793928 ], [ 80.248755622747083, 13.192070182905272 ] ] ] } },
{ "type": "Feature", "properties": { "hotspot_id": "HOT_0017", "cluster_area_m2": 118053.49, "cluster_perimeter_m": 1784.03, "cluster_size_pixels": 12, "mean_lst": 41.12, "peak_lst": 41.6 }, "geometry": { "type": "Polygon", "coordinates": [ [ [ 80.252340087704411, 13.188463229039117 ], [ 80.251439196540474, 13.188460599210064 ], [ 80.251436445649873, 13.189364780036254 ], [ 80.251439184944687, 13.189364788037981 ], [ 80.251436443863156, 13.190265680815129 ], [ 80.252340074525591, 13.190268318980955 ], [ 80.25233734453748, 13.191166583309499 ], [ 80.252340080920746, 13.191166591294115 ], [ 80.252337342750636, 13.192067484088478 ], [ 80.253260136007086, 13.192070175261595 ], [ 80.253262878768084, 13.191166656811356 ], [ 80.254161037066069, 13.191169272773317 ], [ 80.254163776313661, 13.190265757636773 ], [ 80.25506193812484, 13.190268370285139 ], [ 80.255064675887169, 13.189364188772347 ], [ 80.25506194648915, 13.189364180838146 ], [ 80.25506467410095, 13.1884632877498 ], [ 80.254161050204488, 13.188460659546568 ], [ 80.254163772974081, 13.1875623884421 ], [ 80.253240996433547, 13.187559701424684 ], [ 80.253238254371126, 13.188463219438232 ], [ 80.252340095690869, 13.18846060073858 ], [ 80.252340087704411, 13.188463229039117 ] ] ] } },
{ "type": "Feature", "properties": { "hotspot_id": "HOT_0018", "cluster_area_m2": 2696910.97, "cluster_perimeter_m": 16021.97, "cluster_size_pixels": 276, "mean_lst": 41.86, "peak_lst": 48.35 }, "geometry": { "type": "Polygon", "coordinates": [ [ [ 80.294679787046832, 13.177653152050233 ], [ 80.295583257700514, 13.177655635060663 ], [ 80.295580687732425, 13.178554054542943 ], [ 80.295583263181086, 13.178554061616978 ], [ 80.295580685952956, 13.179454955327158 ], [ 80.296484153691765, 13.179457435470281 ], [ 80.296481586638762, 13.180355857820077 ], [ 80.296484159155781, 13.180355864877921 ], [ 80.296481584859151, 13.181256758604404 ], [ 80.296484157558496, 13.181256765663189 ], [ 80.296481583079427, 13.18215765938872 ], [ 80.296484155961082, 13.182157666448459 ], [ 80.296481581299574, 13.183058560173045 ], [ 80.297404349826181, 13.183061090664411 ], [ 80.297404356872875, 13.183058621825746 ], [ 80.29828594567168, 13.183061036288082 ], [ 80.298283384451651, 13.183959464375302 ], [ 80.299186843259434, 13.18396193575456 ], [ 80.299184285138097, 13.184860366868749 ], [ 80.299186848673017, 13.184860373877145 ], [ 80.299184283358215, 13.185761267653389 ], [ 80.300087739247587, 13.185763736162356 ], [ 80.300085184044875, 13.186662170147041 ], [ 80.30100796679632, 13.186664688343955 ], [ 80.301007973774645, 13.186662231545982 ], [ 80.301889536021093, 13.186664634152301 ], [ 80.30188698719877, 13.187563074349702 ], [ 80.302790433607797, 13.187565533617654 ], [ 80.302787887886112, 13.188463976843565 ], [ 80.30369133119423, 13.188466433082731 ], [ 80.303688788573652, 13.189364879337525 ], [ 80.30461158217139, 13.189367385065053 ], [ 80.304614135248727, 13.188464046584004 ], [ 80.305512483217186, 13.188466482576874 ], [ 80.305515035214043, 13.18756229087524 ], [ 80.305512490925295, 13.187562283980967 ], [ 80.305515031016782, 13.186662246599646 ], [ 80.306413382663905, 13.186664679135873 ], [ 80.306415928565244, 13.185761347414171 ], [ 80.30731428370926, 13.185763776647997 ], [ 80.307314290561322, 13.185761342171128 ], [ 80.308215186353223, 13.185763775112918 ], [ 80.308215193187465, 13.185761343802531 ], [ 80.309096731117236, 13.185763721401539 ], [ 80.309094208717937, 13.186662187231052 ], [ 80.310016993240012, 13.186664672994901 ], [ 80.310017000039608, 13.186662247863767 ], [ 80.310898527891453, 13.186664619388788 ], [ 80.3108960118753, 13.187563091432555 ], [ 80.311818800126929, 13.187565570875993 ], [ 80.311818806891964, 13.187563151924909 ], [ 80.312719702770565, 13.187565569340132 ], [ 80.312719709517893, 13.187563153555926 ], [ 80.313601223853084, 13.187565515898191 ], [ 80.31359871997428, 13.18846311113918 ], [ 80.3127003390276, 13.188460703406269 ], [ 80.312697813254829, 13.189364896420308 ], [ 80.313601220650128, 13.189367317778537 ], [ 80.313598713944927, 13.190265798914343 ], [ 80.313601225781014, 13.190265805642705 ], [ 80.313598712166154, 13.191166699700711 ], [ 80.314521514458363, 13.191169170075774 ], [ 80.314524031409235, 13.190265865934633 ], [ 80.315403017423293, 13.190268215763661 ], [ 80.315400517104464, 13.19116670311613 ], [ 80.316323319745763, 13.191169167002393 ], [ 80.316325832551797, 13.190264973426732 ], [ 80.316323327313768, 13.190264966742687 ], [ 80.316325830773366, 13.18936407241158 ], [ 80.316323325712773, 13.189364065728428 ], [ 80.316325828995076, 13.188463171396426 ], [ 80.316323324111906, 13.188463164714172 ], [ 80.316325827216914, 13.187562270381276 ], [ 80.315422426574429, 13.187559858953271 ], [ 80.31542492610582, 13.18666137107323 ], [ 80.314502140544221, 13.186658904778911 ], [ 80.314502133832519, 13.186661314229525 ], [ 80.313620619745166, 13.18665895513691 ], [ 80.313623125661096, 13.185760473472305 ], [ 80.313620611415857, 13.18576046673984 ], [ 80.313623123882962, 13.184859572456833 ], [ 80.312700345426521, 13.184857100007457 ], [ 80.312700338681282, 13.184859515485622 ], [ 80.311818811315433, 13.184857150459802 ], [ 80.311821323437343, 13.183958674855708 ], [ 80.310898548708749, 13.183956196086815 ], [ 80.310898541929021, 13.183958617744421 ], [ 80.310017004486937, 13.183956246645105 ], [ 80.310019520540479, 13.183058651469263 ], [ 80.310917889487243, 13.183061067649891 ], [ 80.310920418090078, 13.182157752282532 ], [ 80.311818790531461, 13.182160165162419 ], [ 80.311818797291053, 13.182157747131177 ], [ 80.312719693174387, 13.182160163627209 ], [ 80.31272221496809, 13.181256854708211 ], [ 80.31362059421815, 13.181259261139838 ], [ 80.313623114994186, 13.180355067379502 ], [ 80.313620601817618, 13.18035506065246 ], [ 80.313623113216806, 13.179454166364041 ], [ 80.313620600218343, 13.179454159637897 ], [ 80.313623111439568, 13.17855326534858 ], [ 80.312719702727208, 13.178550845905752 ], [ 80.312722210327877, 13.177652366039478 ], [ 80.3127196943896, 13.177652359297483 ], [ 80.312722208550753, 13.176751465023907 ], [ 80.312719692790836, 13.176751458282821 ], [ 80.31272220677377, 13.175850564008346 ], [ 80.312719691192186, 13.175850557268165 ], [ 80.312722204996902, 13.174949662992784 ], [ 80.311818793716057, 13.174947240983812 ], [ 80.311821303885026, 13.17404876368326 ], [ 80.31181878536502, 13.174048756927217 ], [ 80.311821302108299, 13.173147862667589 ], [ 80.311818783766867, 13.173147855912454 ], [ 80.311821300331701, 13.172246961651929 ], [ 80.310917886306441, 13.172244536924111 ], [ 80.310920399219611, 13.171346062342078 ], [ 80.310917877940923, 13.171346055571068 ], [ 80.310920397443141, 13.170445161326308 ], [ 80.309997673521281, 13.170442681811219 ], [ 80.309997666737488, 13.170445104329216 ], [ 80.309116077884497, 13.170442732251244 ], [ 80.309118596994779, 13.169544263722079 ], [ 80.309116069485853, 13.169544256917449 ], [ 80.309118595218337, 13.168643362706096 ], [ 80.309116067888667, 13.168643355902379 ], [ 80.309118590990337, 13.167743336263031 ], [ 80.310016959683153, 13.16774575299241 ], [ 80.310019491002251, 13.166841558968629 ], [ 80.31001696732433, 13.166841552184467 ], [ 80.310019489226306, 13.165940657952756 ], [ 80.310016965727399, 13.165940651169507 ], [ 80.310019487450489, 13.165039756936888 ], [ 80.309116068297044, 13.165037327084548 ], [ 80.309118586338002, 13.164138857626194 ], [ 80.309116059904639, 13.164138850827053 ], [ 80.309118584562327, 13.163237956610221 ], [ 80.308215162490669, 13.163235523888126 ], [ 80.308217683449641, 13.162337057299313 ], [ 80.307294990407314, 13.162334569569886 ], [ 80.307294983578529, 13.162337000188474 ], [ 80.306394091246531, 13.162334568037643 ], [ 80.306391549965284, 13.163237895978314 ], [ 80.305493190490381, 13.163235467354282 ], [ 80.305490643289261, 13.164139660763306 ], [ 80.305493179599679, 13.164139667624854 ], [ 80.305490641513103, 13.165040561548746 ], [ 80.305493178003474, 13.165040568411213 ], [ 80.305490639736817, 13.165941462334182 ], [ 80.30549317640714, 13.165941469197575 ], [ 80.305490637960403, 13.166842363119621 ], [ 80.305493174810692, 13.166842369983934 ], [ 80.305490636183862, 13.167743263905054 ], [ 80.305493173214103, 13.167743270770291 ], [ 80.305490634407192, 13.168644164690487 ], [ 80.30639406393631, 13.168646607952148 ], [ 80.306391537528143, 13.169544202996006 ], [ 80.305493179318574, 13.169541773295752 ], [ 80.305490630853484, 13.170445966261349 ], [ 80.30549316842361, 13.170445973129354 ], [ 80.305490629076431, 13.171346867046772 ], [ 80.30639405914232, 13.171349310775168 ], [ 80.306391529764895, 13.172247769538696 ], [ 80.306394064400322, 13.172247776390728 ], [ 80.306391527987714, 13.173148670324229 ], [ 80.30639406280288, 13.173148677177183 ], [ 80.306391528640674, 13.174048708008637 ], [ 80.305493171334959, 13.174046277539723 ], [ 80.305493164458596, 13.174048716493038 ], [ 80.304592272175938, 13.17404627600629 ], [ 80.30458972191856, 13.174949612236839 ], [ 80.303691371420172, 13.174947175321552 ], [ 80.303688817668217, 13.175850514852613 ], [ 80.302790470664618, 13.175848074636717 ], [ 80.302787913417603, 13.176751417468653 ], [ 80.301889569909306, 13.176748973951776 ], [ 80.301889562958593, 13.176751426028005 ], [ 80.300988670751096, 13.176748972418466 ], [ 80.30098610430376, 13.177653164007316 ], [ 80.300988659793717, 13.177653170972219 ], [ 80.30098610252513, 13.178554064792186 ], [ 80.300988658196232, 13.178554071758027 ], [ 80.300986100746357, 13.17945496557706 ], [ 80.301889548815012, 13.179457426620926 ], [ 80.301887001433542, 13.180355868069956 ], [ 80.3028097609008, 13.180358378601575 ], [ 80.302809767836663, 13.180355929224195 ], [ 80.303691345591133, 13.18035832461168 ], [ 80.303688804587381, 13.181256772270876 ], [ 80.303691350911066, 13.181256779185716 ], [ 80.30368880280858, 13.182157673056061 ], [ 80.3036913493127, 13.182157679971832 ], [ 80.303688801029665, 13.183058573841258 ], [ 80.303691347714235, 13.183058580757953 ], [ 80.303688801657316, 13.183958623877752 ], [ 80.302809783571547, 13.183956234835703 ], [ 80.302812328313038, 13.183057790917379 ], [ 80.301908879357526, 13.183055332499496 ], [ 80.301911427198519, 13.182156891608846 ], [ 80.301007975143762, 13.18215443016356 ], [ 80.301010526083772, 13.181255992300215 ], [ 80.300087763607905, 13.181253475126073 ], [ 80.300087756616563, 13.181255934311315 ], [ 80.299206168315479, 13.181253526352682 ], [ 80.299208725632866, 13.180355094699845 ], [ 80.299206159708802, 13.180355087687362 ], [ 80.299208723853624, 13.179454193682647 ], [ 80.29830526250403, 13.179451723157458 ], [ 80.298307822738209, 13.178553294373707 ], [ 80.297404358291317, 13.178550820822656 ], [ 80.297406921622581, 13.177652395064657 ], [ 80.297404349651998, 13.177652388018917 ], [ 80.297406919843482, 13.176751494047245 ], [ 80.296503452481232, 13.176749017628291 ], [ 80.296506018727641, 13.175850594737991 ], [ 80.295583277400297, 13.175848062373378 ], [ 80.295583270324386, 13.175850536445461 ], [ 80.294682378242769, 13.175848060840964 ], [ 80.294679788826173, 13.176752251266123 ], [ 80.294682367205525, 13.176752258356366 ], [ 80.294679787046832, 13.177653152050233 ] ] ] } },
{ "type": "Feature", "properties": { "hotspot_id": "HOT_0019", "cluster_area_m2": 10000.0, "cluster_perimeter_m": 400.0, "cluster_size_pixels": 1, "mean_lst": 40.93, "peak_lst": 40.93 }, "geometry": { "type": "Polygon", "coordinates": [ [ [ 80.275763473641135, 13.188460640519668 ], [ 80.276686258241995, 13.188463246624694 ], [ 80.276683600126475, 13.189367432599557 ], [ 80.275760812135189, 13.189364826309635 ], [ 80.275763473641135, 13.188460640519668 ] ] ] } },
{ "type": "Feature", "properties": { "hotspot_id": "HOT_0020", "cluster_area_m2": 108326.08, "cluster_perimeter_m": 1784.09, "cluster_size_pixels": 11, "mean_lst": 42.11, "peak_lst": 43.88 }, "geometry": { "type": "Polygon", "coordinates": [ [ [ 80.236121112773347, 13.184860246974093 ], [ 80.236123907163488, 13.184860255301144 ], [ 80.23612111098528, 13.185761147751125 ], [ 80.236123905573407, 13.185761156079293 ], [ 80.2361211091971, 13.186662048528149 ], [ 80.237024794829097, 13.186664740190251 ], [ 80.237022009867502, 13.187562951022151 ], [ 80.23702480155292, 13.187562959332912 ], [ 80.23702200807918, 13.188463851799288 ], [ 80.237944784549995, 13.188466597393935 ], [ 80.237944792846662, 13.18846391858559 ], [ 80.23884568720311, 13.188466595867215 ], [ 80.238848482276225, 13.187563027715624 ], [ 80.239746588265831, 13.187565693379428 ], [ 80.239749381718198, 13.18666151487038 ], [ 80.238845702460907, 13.186658832835215 ], [ 80.238848480587407, 13.185760615562522 ], [ 80.237944798247668, 13.185757930511658 ], [ 80.237947579456389, 13.184859716254561 ], [ 80.237043894034713, 13.184857028188382 ], [ 80.237046678325143, 13.183958816946495 ], [ 80.236123918949787, 13.183956069040187 ], [ 80.236121112773347, 13.184860246974093 ] ] ] } },
{ "type": "Feature", "properties": { "hotspot_id": "HOT_0021", "cluster_area_m2": 19963.73, "cluster_perimeter_m": 599.86, "cluster_size_pixels": 2, "mean_lst": 42.3, "peak_lst": 42.39 }, "geometry": { "type": "Polygon", "coordinates": [ [ [ 80.258668267891238, 13.186661478846919 ], [ 80.257745493780988, 13.186658808225923 ], [ 80.257742766450136, 13.187562990481638 ], [ 80.257745482266415, 13.187562998346946 ], [ 80.257742764664499, 13.188463891261273 ], [ 80.258665545543025, 13.188466562250808 ], [ 80.258668269676747, 13.187562379869023 ], [ 80.258665553859927, 13.187562372013495 ], [ 80.258668267891238, 13.186661478846919 ] ] ] } },
{ "type": "Feature", "properties": { "hotspot_id": "HOT_0022", "cluster_area_m2": 117360347.14, "cluster_perimeter_m": 503243.62, "cluster_size_pixels": 12025, "mean_lst": 40.29, "peak_lst": 49.46 }, "geometry": { "type": "Polygon", "coordinates": [ [ [ 80.147836092666168, 13.017289266562043 ], [ 80.147833003142068, 13.01819343639076 ], [ 80.147836079906327, 13.018193446498975 ], [ 80.147833001365953, 13.019094337157439 ], [ 80.147836078350778, 13.019094347267034 ], [ 80.14783299958971, 13.019995237924114 ], [ 80.14783607679513, 13.019995248035086 ], [ 80.147832998902132, 13.02089582013015 ], [ 80.146935187287141, 13.020892868384273 ], [ 80.146935177147739, 13.020895831877397 ], [ 80.146034288128305, 13.020892866889181 ], [ 80.146031192252764, 13.021796724375783 ], [ 80.145133387414603, 13.021793766223238 ], [ 80.145130286982621, 13.022697935099274 ], [ 80.146034263624685, 13.022700913779406 ], [ 80.14603118763138, 13.023598837574124 ], [ 80.146953329266452, 13.023601873068007 ], [ 80.146953339409137, 13.023598909193931 ], [ 80.147854231909648, 13.023601871572579 ], [ 80.147857321598025, 13.022698020172445 ], [ 80.148736961198679, 13.022700909448785 ], [ 80.148733894909697, 13.023598842698975 ], [ 80.149637858832421, 13.023601808963294 ], [ 80.149634795559393, 13.024499745173921 ], [ 80.149637867354613, 13.024499755249009 ], [ 80.149634793782624, 13.025400645940804 ], [ 80.14963786579797, 13.025400656017265 ], [ 80.149634792005742, 13.026301546707687 ], [ 80.150538753349508, 13.026304510393746 ], [ 80.150535692655637, 13.027202449182953 ], [ 80.150538761853966, 13.027202459240799 ], [ 80.150535690878598, 13.028103349949941 ], [ 80.151439649423637, 13.028106310865496 ], [ 80.151436591528707, 13.029004252425411 ], [ 80.1523405470559, 13.029007210378856 ], [ 80.152337492179058, 13.029905154900991 ], [ 80.15325965866306, 13.029908169400414 ], [ 80.153262730230892, 13.029004335340181 ], [ 80.15416055974913, 13.029007266931727 ], [ 80.154163627817439, 13.028103436169621 ], [ 80.155061460834972, 13.028106364463152 ], [ 80.155064525404271, 13.027202536998786 ], [ 80.155962361920587, 13.027205461994676 ], [ 80.155962371855537, 13.027202528671427 ], [ 80.156845046131068, 13.027205401239428 ], [ 80.156842007871063, 13.028103361906242 ], [ 80.156845054487064, 13.02810337181659 ], [ 80.15684200609472, 13.029004262673988 ], [ 80.156845052928986, 13.029004272585679 ], [ 80.156842004318264, 13.029905163441736 ], [ 80.15684505137078, 13.029905173354777 ], [ 80.15684200254168, 13.030806064209482 ], [ 80.157745939084421, 13.030809003623778 ], [ 80.15774290319338, 13.031706966685249 ], [ 80.158646836715832, 13.03170990313555 ], [ 80.158643803845308, 13.032607869161128 ], [ 80.159565981837503, 13.032610861832351 ], [ 80.159565991695814, 13.032607939907921 ], [ 80.160466884480272, 13.032610860334257 ], [ 80.160466894317466, 13.032607941542333 ], [ 80.161367787122927, 13.032610858836051 ], [ 80.161370831065426, 13.031706686839975 ], [ 80.161367796609213, 13.031706677019651 ], [ 80.161370828058409, 13.030806151428608 ], [ 80.162268686648417, 13.030809055396295 ], [ 80.162268696440762, 13.030806143243613 ], [ 80.163169589290604, 13.030809053898082 ], [ 80.163169599061902, 13.030806144877495 ], [ 80.164070491932677, 13.030809052399754 ], [ 80.164070501682943, 13.030806146511264 ], [ 80.164953132618507, 13.030808992057663 ], [ 80.164950122624873, 13.031706980345454 ], [ 80.164953140788484, 13.031706990071326 ], [ 80.164950120849085, 13.032607881114176 ], [ 80.165854028688685, 13.032610792524428 ], [ 80.165851022780402, 13.033508402111259 ], [ 80.164953148670918, 13.033505509950061 ], [ 80.164953138936866, 13.033508413452697 ], [ 80.164052249511442, 13.033505508451185 ], [ 80.164052239756359, 13.033508415086725 ], [ 80.163151350352067, 13.033505506952428 ], [ 80.163151340575936, 13.033508416720867 ], [ 80.16225045119279, 13.033505505453782 ], [ 80.162250441395614, 13.033508418355124 ], [ 80.161349552033656, 13.033505503955247 ], [ 80.161349542215376, 13.033508419989495 ], [ 80.160448652874621, 13.033505502456833 ], [ 80.16044560636773, 13.034409312807279 ], [ 80.15956600588494, 13.034406461002453 ], [ 80.159569035872821, 13.033508492323035 ], [ 80.158646854556906, 13.033505499460327 ], [ 80.158646844675246, 13.033508424893292 ], [ 80.157745955398212, 13.033505497962246 ], [ 80.157742899050959, 13.034409317648242 ], [ 80.156845054681398, 13.034406397294759 ], [ 80.156845044756025, 13.034409329181857 ], [ 80.155962395441449, 13.034406455218857 ], [ 80.155965438380463, 13.033508499156223 ], [ 80.155043257922841, 13.033505493468679 ], [ 80.155040191734983, 13.034409322490029 ], [ 80.154142357206709, 13.034406392801205 ], [ 80.154139287518177, 13.035310225121865 ], [ 80.153241456490818, 13.035307292133632 ], [ 80.153238382164631, 13.036211461980496 ], [ 80.153241443783187, 13.036211471988004 ], [ 80.153238381522385, 13.03711202877178 ], [ 80.152340554217119, 13.0371090922959 ], [ 80.152337477304783, 13.038012931404245 ], [ 80.15143965350164, 13.038009991628019 ], [ 80.151439643443112, 13.038012943071879 ], [ 80.150538754344467, 13.038009990130297 ], [ 80.150538744264551, 13.038012944708077 ], [ 80.149637855187379, 13.038009988632684 ], [ 80.149634767115998, 13.038914157443875 ], [ 80.149637842433236, 13.038914167540891 ], [ 80.149634765337211, 13.039815058210731 ], [ 80.15053872996063, 13.039818024764919 ], [ 80.150535665986965, 13.040715960687603 ], [ 80.151457872067624, 13.040718984058222 ], [ 80.151457882129392, 13.040716032235533 ], [ 80.152358774712468, 13.040718982560161 ], [ 80.152358784752892, 13.040716033871806 ], [ 80.153259677357227, 13.040718981061993 ], [ 80.15325968737632, 13.040716035507959 ], [ 80.154160580001857, 13.04071897956371 ], [ 80.15416058999962, 13.040716037144001 ], [ 80.15506148264636, 13.040718978065318 ], [ 80.155061492622849, 13.040716038779925 ], [ 80.155962385290749, 13.040718976566806 ], [ 80.155962395245965, 13.04071604041574 ], [ 80.156863287935025, 13.040718975068184 ], [ 80.156863297869009, 13.040716042051438 ], [ 80.157764190579201, 13.040718973569451 ], [ 80.157764200491954, 13.040716043687025 ], [ 80.158665093223249, 13.040718972070611 ], [ 80.158665103114799, 13.040716045322496 ], [ 80.159565995867183, 13.04071897057165 ], [ 80.15956904711004, 13.039815156049151 ], [ 80.160466896951547, 13.039818068101662 ], [ 80.160469944693872, 13.038914256878387 ], [ 80.161349521802833, 13.038917106453749 ], [ 80.161346496917318, 13.03981508043076 ], [ 80.161349530068321, 13.039815090252786 ], [ 80.16134649513991, 13.04071598119903 ], [ 80.162250417870268, 13.040718906920693 ], [ 80.162247397024331, 13.041616517715754 ], [ 80.161349537999669, 13.041613611434606 ], [ 80.161346491584752, 13.042517782735567 ], [ 80.161349525387081, 13.042517792561599 ], [ 80.161346489806974, 13.043418683503832 ], [ 80.161349523826416, 13.043418693331196 ], [ 80.161346488029068, 13.044319584272095 ], [ 80.161349522265638, 13.044319594100795 ], [ 80.161346486251048, 13.045220485040359 ], [ 80.161349520704718, 13.045220494870389 ], [ 80.161346484472901, 13.04612138580862 ], [ 80.162250408497229, 13.046124312661414 ], [ 80.162247385125582, 13.047022288286191 ], [ 80.162250416751149, 13.047022298097769 ], [ 80.162247383347307, 13.047923189054561 ], [ 80.162250415189746, 13.047923198867471 ], [ 80.162247381568889, 13.048824089822928 ], [ 80.162250413628215, 13.048824099637169 ], [ 80.162247379790344, 13.04972499059129 ], [ 80.16225041206657, 13.049725000406864 ], [ 80.162247379235851, 13.050625527884849 ], [ 80.161349522394516, 13.050622619745221 ], [ 80.161346473801316, 13.051526790418151 ], [ 80.161349509774837, 13.051526800257523 ], [ 80.161346472022288, 13.052427691186399 ], [ 80.161349508212936, 13.052427701027106 ], [ 80.161346470243117, 13.053328591954644 ], [ 80.161349506650907, 13.053328601796688 ], [ 80.161346468463833, 13.054229492722893 ], [ 80.161349505088737, 13.054229502566271 ], [ 80.161346466684407, 13.055130393491137 ], [ 80.161349503526452, 13.055130403335848 ], [ 80.161346464904867, 13.056031294259379 ], [ 80.161349501964054, 13.05603130410543 ], [ 80.161346463125199, 13.05693219502762 ], [ 80.161349500401514, 13.056932204875004 ], [ 80.161346461345403, 13.057833095795862 ], [ 80.16134949883886, 13.057833105644582 ], [ 80.161346459565493, 13.058733996564099 ], [ 80.161349497276078, 13.058734006414156 ], [ 80.161346457785427, 13.059634897332336 ], [ 80.161349495713168, 13.059634907183725 ], [ 80.161346456005262, 13.06053579810057 ], [ 80.161349494150144, 13.060535807953295 ], [ 80.161346454224955, 13.061436698868803 ], [ 80.162268739705965, 13.061439688399469 ], [ 80.162268749543614, 13.061436769886285 ], [ 80.163151281103922, 13.061439627476787 ], [ 80.163148257310567, 13.062337603059259 ], [ 80.163151289357103, 13.062337612872337 ], [ 80.163148255530245, 13.063238503827705 ], [ 80.164070548124215, 13.06324148733637 ], [ 80.16407055792223, 13.063238574727823 ], [ 80.164971450770409, 13.063241485834014 ], [ 80.164971460547306, 13.063238576364807 ], [ 80.165853975538084, 13.06324142504147 ], [ 80.165850961050424, 13.064139409729297 ], [ 80.166773257625977, 13.064142383799057 ], [ 80.166773267362046, 13.064139480422506 ], [ 80.167674160271929, 13.064142382296254 ], [ 80.167674169986967, 13.064139482059238 ], [ 80.168575062917768, 13.064142380793339 ], [ 80.168575072611787, 13.064139483695858 ], [ 80.169475965563507, 13.064142379290308 ], [ 80.169475975236509, 13.064139485332362 ], [ 80.170376868209132, 13.064142377787171 ], [ 80.170376877861159, 13.064139486968752 ], [ 80.171259369102401, 13.06414231729781 ], [ 80.171256373875238, 13.065040320761982 ], [ 80.172178675064387, 13.065043275749982 ], [ 80.172178684675828, 13.065040391025825 ], [ 80.173061165913253, 13.065043215352659 ], [ 80.173058176965071, 13.065941224952031 ], [ 80.17306117393872, 13.065941234539174 ], [ 80.173058175185545, 13.066842125721667 ], [ 80.173980483484627, 13.066845074681122 ], [ 80.173983488465055, 13.065941304659258 ], [ 80.174862962723935, 13.065944113406763 ], [ 80.174859980055743, 13.066842129142064 ], [ 80.175782288775324, 13.066845071672949 ], [ 80.175785287179323, 13.065941307889428 ], [ 80.176664761101563, 13.065944110504985 ], [ 80.176661784926395, 13.066842132562007 ], [ 80.177565658723225, 13.066845010009015 ], [ 80.177562685582799, 13.067743035041996 ], [ 80.178466556344631, 13.067745909512768 ], [ 80.178463586239431, 13.068643937522079 ], [ 80.179367453965781, 13.068646809016233 ], [ 80.179364486896304, 13.069544840002276 ], [ 80.180286806697779, 13.069547767055878 ], [ 80.18028681612823, 13.069544909674311 ], [ 80.181187709342737, 13.069547765550729 ], [ 80.181187718752454, 13.06954491130989 ], [ 80.182088611987567, 13.06954776404547 ], [ 80.182088621376593, 13.069544912945348 ], [ 80.182971049153551, 13.069547704163885 ], [ 80.182968094863, 13.070445747611609 ], [ 80.183890418843532, 13.070448662002617 ], [ 80.183890428192498, 13.070445817001763 ], [ 80.184791321488134, 13.070448660496908 ], [ 80.184794287861365, 13.069544927183562 ], [ 80.185692222565763, 13.069547758023296 ], [ 80.185695185437879, 13.068644028010675 ], [ 80.186574647479546, 13.06864679740119 ], [ 80.186571706389074, 13.069544853677499 ], [ 80.18657465519685, 13.069544862958766 ], [ 80.18657170461077, 13.070445754448755 ], [ 80.187475543531221, 13.070448597856899 ], [ 80.187472605269704, 13.071346656929137 ], [ 80.188394933632807, 13.071349555440415 ], [ 80.188394942880109, 13.071346725962986 ], [ 80.189295836276955, 13.071349553934034 ], [ 80.189295845503736, 13.071346727597723 ], [ 80.190196738921003, 13.071349552427542 ], [ 80.190196748127278, 13.07134672923234 ], [ 80.191079138720184, 13.071349492999762 ], [ 80.191076213242283, 13.07224756453628 ], [ 80.191980036340098, 13.072250392500262 ], [ 80.19197711390234, 13.073148467016855 ], [ 80.191980043938145, 13.073148476180094 ], [ 80.191977112124235, 13.07404936778876 ], [ 80.191980042369281, 13.074049376953241 ], [ 80.191977110346002, 13.074950268560665 ], [ 80.191980040800274, 13.074950277726387 ], [ 80.191977108567656, 13.075851169332571 ], [ 80.192899454693986, 13.075854052741933 ], [ 80.192899463845109, 13.075851238069326 ], [ 80.193800357338162, 13.075854051234444 ], [ 80.193800366468849, 13.075851239703951 ], [ 80.194682727627537, 13.075853991953277 ], [ 80.194679814105726, 13.076752075231425 ], [ 80.195602164195193, 13.076754949185705 ], [ 80.195602173286346, 13.076752143759903 ], [ 80.196484524435718, 13.07675488999854 ], [ 80.19648161720599, 13.077652979421277 ], [ 80.197403971052381, 13.077655847136075 ], [ 80.197403980104085, 13.077653047815764 ], [ 80.198304873696216, 13.077655845627808 ], [ 80.198304882727598, 13.077653049450008 ], [ 80.199205776339937, 13.077655844119429 ], [ 80.199205785351026, 13.077653051084129 ], [ 80.200106678983545, 13.07765584261093 ], [ 80.200106687974369, 13.077653052718146 ], [ 80.201007581627024, 13.077655841102322 ], [ 80.201010490469912, 13.076752162539137 ], [ 80.201908482700418, 13.076754938627786 ], [ 80.201911388044991, 13.075851263363715 ], [ 80.202809383773584, 13.075854036153363 ], [ 80.20280939270134, 13.07585125604394 ], [ 80.203710286416509, 13.07585403464463 ], [ 80.203710295324086, 13.075851257677309 ], [ 80.204611189059307, 13.075854033135789 ], [ 80.204611197946733, 13.075851259310566 ], [ 80.205493517908579, 13.075853974501502 ], [ 80.205490643382319, 13.076752095729137 ], [ 80.206412995915002, 13.076754931083034 ], [ 80.206413004763405, 13.076752163364887 ], [ 80.207295314717641, 13.076754872543507 ], [ 80.207292446486747, 13.077652999917607 ], [ 80.208214802770854, 13.077655829029396 ], [ 80.208214811580305, 13.077653067419122 ], [ 80.209115705413311, 13.077655827519775 ], [ 80.209118584644074, 13.076752177057072 ], [ 80.210016606484615, 13.076754925045204 ], [ 80.210016615252826, 13.076752169896237 ], [ 80.21091750912673, 13.076754923535464 ], [ 80.210917517874961, 13.076752171528788 ], [ 80.211818411768732, 13.076754922025614 ], [ 80.211821282636308, 13.075850741736577 ], [ 80.211818420637158, 13.075850733004248 ], [ 80.211821280860406, 13.074949840709023 ], [ 80.21181841906558, 13.074949831977872 ], [ 80.211821279084631, 13.07404893968147 ], [ 80.211818417494129, 13.074048930951506 ], [ 80.211821275594588, 13.073148578735202 ], [ 80.212719308126296, 13.073151316657594 ], [ 80.21271931682989, 13.073148571638377 ], [ 80.213601615347116, 13.073151258550711 ], [ 80.213598770677322, 13.074049408768293 ], [ 80.214502512966035, 13.074052158046436 ], [ 80.214499671343148, 13.074950311248996 ], [ 80.214502520059298, 13.074950319910675 ], [ 80.214499669567715, 13.075851212023617 ], [ 80.214502518487251, 13.075851220686467 ], [ 80.214499669529687, 13.076751563710916 ], [ 80.21360162816174, 13.076748831251631 ], [ 80.213598763574836, 13.077653011866344 ], [ 80.213601616171388, 13.077653020551439 ], [ 80.213598763526662, 13.078553367346789 ], [ 80.212700725858568, 13.078550631416144 ], [ 80.212700717147129, 13.078553377665544 ], [ 80.211799826698893, 13.07855062990585 ], [ 80.211796956849497, 13.079454271583977 ], [ 80.210898925967797, 13.079451529232804 ], [ 80.21089891721526, 13.079454281944109 ], [ 80.209998026808464, 13.079451527722634 ], [ 80.209998018035918, 13.079454283577025 ], [ 80.209097127649244, 13.079451526212569 ], [ 80.209097118856675, 13.079454285210064 ], [ 80.208196228490152, 13.079451524702625 ], [ 80.208193345272093, 13.080355179048212 ], [ 80.207313924173917, 13.080352481112902 ], [ 80.207316792938556, 13.079454354383802 ], [ 80.206394430172267, 13.079451521683071 ], [ 80.206394421319487, 13.079454290109863 ], [ 80.205493531013502, 13.079451520173462 ], [ 80.205493522140614, 13.079454291743358 ], [ 80.204592631854865, 13.079451518663966 ], [ 80.20459262296184, 13.079454293376964 ], [ 80.203691732696313, 13.079451517154581 ], [ 80.203691723783137, 13.079454295010686 ], [ 80.202790833537904, 13.07945151564531 ], [ 80.202790824604534, 13.079454296644526 ], [ 80.201889934379608, 13.079451514136155 ], [ 80.20188992542603, 13.079454298278472 ], [ 80.200989035221411, 13.079451512627111 ], [ 80.200989026247626, 13.079454299912534 ], [ 80.200088136063329, 13.079451511118178 ], [ 80.200088127069293, 13.07945430154672 ], [ 80.199187236905374, 13.079451509609363 ], [ 80.199184319190834, 13.080355686865181 ], [ 80.199187224733052, 13.080355695875372 ], [ 80.199184317412659, 13.081256587637945 ], [ 80.20010668526379, 13.081259446475027 ], [ 80.200106694259489, 13.081256655868156 ], [ 80.200989012524857, 13.081259387489753 ], [ 80.200986120515196, 13.082157491828294 ], [ 80.200989019929352, 13.082157500800399 ], [ 80.200986120339508, 13.08305789499623 ], [ 80.200088129781619, 13.083055114461512 ], [ 80.200088120782709, 13.083057905604097 ], [ 80.199205805382391, 13.083055170563526 ], [ 80.199208704021473, 13.082157072844707 ], [ 80.198286333037132, 13.082154210607499 ], [ 80.198283412991287, 13.083057899839384 ], [ 80.197385432309488, 13.083055109934092 ], [ 80.197382508762615, 13.083958802467345 ], [ 80.196484531582072, 13.083956009260577 ], [ 80.196484522500654, 13.083958813158139 ], [ 80.195583632425141, 13.083956007751665 ], [ 80.195580702084342, 13.084859706710501 ], [ 80.194701295461158, 13.084856964986541 ], [ 80.194704210770936, 13.083958883450444 ], [ 80.193781834111661, 13.08395600473418 ], [ 80.193781824969037, 13.083958818064112 ], [ 80.192880934955085, 13.083956003225609 ], [ 80.192880925792011, 13.083958819699665 ], [ 80.191980035798622, 13.08395600171715 ], [ 80.191977090777144, 13.084860177051528 ], [ 80.191980023533063, 13.084860186230905 ], [ 80.191977090507706, 13.085760614185055 ], [ 80.19109768657826, 13.085757860016189 ], [ 80.191100615102499, 13.08485979132058 ], [ 80.191097675801686, 13.084859782110703 ], [ 80.191100613322646, 13.083958890290509 ], [ 80.191097674231543, 13.083958881081879 ], [ 80.191100610039769, 13.083058450299765 ], [ 80.191998564601747, 13.083061261985334 ], [ 80.192001509125802, 13.082157086520407 ], [ 80.19109768029297, 13.08215425662295 ], [ 80.191100607983856, 13.081256187200303 ], [ 80.190196776108579, 13.081253354320582 ], [ 80.190199706841668, 13.080355287880103 ], [ 80.189295871924458, 13.080352452018499 ], [ 80.189298805699281, 13.079454388559796 ], [ 80.18837644701874, 13.079451491512332 ], [ 80.188376437759374, 13.079454322801402 ], [ 80.187494065127154, 13.079451548263084 ], [ 80.187497005193265, 13.078553490949362 ], [ 80.187494054278503, 13.078553481666056 ], [ 80.187497001943413, 13.077653039113653 ], [ 80.188394944607737, 13.077655862212572 ], [ 80.188394953863821, 13.077653031467094 ], [ 80.189295847252723, 13.077655860705427 ], [ 80.189295856488243, 13.077653033102473 ], [ 80.190196749897581, 13.077655859198174 ], [ 80.190199699725085, 13.076751683759424 ], [ 80.19019675904164, 13.076751674540262 ], [ 80.190199697946241, 13.075850782729258 ], [ 80.18929586407306, 13.075847947778042 ], [ 80.189298796803911, 13.074949883408419 ], [ 80.188376454860446, 13.074946987340294 ], [ 80.188376445607346, 13.074949817723665 ], [ 80.187494057277519, 13.074947044023599 ], [ 80.187496996297341, 13.074048985796905 ], [ 80.186574658114168, 13.074046083492602 ], [ 80.186574648821178, 13.07404891997867 ], [ 80.185692250482163, 13.074046140269896 ], [ 80.185695195789975, 13.073148088185411 ], [ 80.184772861367748, 13.073145179645804 ], [ 80.184769894066648, 13.074048913920919 ], [ 80.183890445256012, 13.07404613736443 ], [ 80.18389339706097, 13.073148091604848 ], [ 80.182971063054183, 13.073145176633638 ], [ 80.18297105367995, 13.073148025505047 ], [ 80.182070163897578, 13.073145175127722 ], [ 80.182067186726854, 13.074048918766307 ], [ 80.181169263174169, 13.074046074455449 ], [ 80.181166282500115, 13.074949821396631 ], [ 80.180268362451002, 13.074946973783078 ], [ 80.180268353012067, 13.074949832445581 ], [ 80.179385933757516, 13.074947030949328 ], [ 80.179388902016271, 13.074049001186875 ], [ 80.178466565705719, 13.074046069938394 ], [ 80.178466556226539, 13.074048934701811 ], [ 80.17756566654981, 13.074046068432933 ], [ 80.177565657049811, 13.074048936338285 ], [ 80.176664767394001, 13.074046066927588 ], [ 80.176664757873183, 13.074048937974872 ], [ 80.17576386823832, 13.074046065422353 ], [ 80.175760867822817, 13.074949831090953 ], [ 80.174862967516532, 13.074946964750003 ], [ 80.174859963595637, 13.07585073372263 ], [ 80.173962066794957, 13.07584786407755 ], [ 80.173959058038562, 13.076752035899018 ], [ 80.174862943912302, 13.076754924870556 ], [ 80.174859958694185, 13.077652938380194 ], [ 80.174862951910967, 13.07765294794241 ], [ 80.174859958250991, 13.078553436769544 ], [ 80.173962062095569, 13.078550566575556 ], [ 80.173959052695366, 13.079454738208195 ], [ 80.173962049610225, 13.079454747793905 ], [ 80.173959050914036, 13.080355638977911 ], [ 80.17396204804281, 13.080355648564918 ], [ 80.173959049132591, 13.081256539747635 ], [ 80.173962046475282, 13.08125654933594 ], [ 80.173959048676252, 13.082157042448927 ], [ 80.173061156673683, 13.082154168400383 ], [ 80.173058143132181, 13.083058339574853 ], [ 80.173061144174355, 13.083058349186693 ], [ 80.173058141350225, 13.083959240344464 ], [ 80.173061142606556, 13.083959249957609 ], [ 80.17305813956817, 13.084860141114069 ], [ 80.173061141038644, 13.084860150728513 ], [ 80.173058137785972, 13.08576104188367 ], [ 80.17306113947059, 13.085761051499412 ], [ 80.173058137315607, 13.086661549144926 ], [ 80.172178733234858, 13.086658730335609 ], [ 80.172181730253655, 13.085760728294979 ], [ 80.171277829049714, 13.085757828036591 ], [ 80.171280829106578, 13.084859828975381 ], [ 80.170358454510904, 13.084856866380187 ], [ 80.170358444827926, 13.084859761642889 ], [ 80.169457555357411, 13.084856864874441 ], [ 80.169457545653401, 13.084859763281498 ], [ 80.168556656204046, 13.084856863368802 ], [ 80.168553625600268, 13.085761033319304 ], [ 80.168556643646752, 13.085761043040137 ], [ 80.168553625080634, 13.086661557233219 ], [ 80.167655753917131, 13.086658663527135 ], [ 80.167652719597299, 13.087562833143988 ], [ 80.167655741347275, 13.087562842888541 ], [ 80.167652719066012, 13.088463360883841 ], [ 80.166754851630316, 13.088460463685161 ], [ 80.166754841857752, 13.088463372269034 ], [ 80.165853952477761, 13.088460462179428 ], [ 80.165853942684038, 13.088463373908469 ], [ 80.164953053325306, 13.08846046067381 ], [ 80.164953043510437, 13.088463375548015 ], [ 80.164070612824034, 13.088460518954628 ], [ 80.164073639535957, 13.087562545781498 ], [ 80.163169708638591, 13.087559616657055 ], [ 80.163172738386777, 13.086661646462147 ], [ 80.163169697215963, 13.08666163660277 ], [ 80.163172736603059, 13.085760745428699 ], [ 80.162268802885407, 13.085757813514491 ], [ 80.162271835453652, 13.084859846109138 ], [ 80.161367898700718, 13.084856911217589 ], [ 80.161370934304017, 13.083958946789473 ], [ 80.161367887240232, 13.083958936891618 ], [ 80.161370932520455, 13.083058045755811 ], [ 80.160466992948912, 13.083055108075897 ], [ 80.160470031370608, 13.082157146435932 ], [ 80.15956608876499, 13.082154205779659 ], [ 80.159569130220547, 13.081256247115949 ], [ 80.159566077266547, 13.081256237179554 ], [ 80.159569128437113, 13.080355346082079 ], [ 80.158646773350597, 13.080352342660085 ], [ 80.158643708879438, 13.081256168932033 ], [ 80.157745872633171, 13.081253241987064 ], [ 80.157745862658913, 13.08125618051905 ], [ 80.156844973480815, 13.081253240483328 ], [ 80.156844963485199, 13.081256182158887 ], [ 80.155944074328573, 13.081253238979704 ], [ 80.155944064311583, 13.081256183798835 ], [ 80.155043175176445, 13.081253237476194 ], [ 80.155040097315123, 13.08215707642378 ], [ 80.154142274459943, 13.082154136803091 ], [ 80.154142264398772, 13.08215708809813 ], [ 80.15324137530817, 13.082154135299694 ], [ 80.153238289544262, 13.083058301877854 ], [ 80.153241362563449, 13.083058311956158 ], [ 80.153238287759748, 13.083959202645071 ], [ 80.154142250097777, 13.083962165901676 ], [ 80.154139188409957, 13.084860105127175 ], [ 80.155043147715162, 13.0848630654083 ], [ 80.155040089060378, 13.085761007609388 ], [ 80.155043156192633, 13.085761017648903 ], [ 80.155040087275722, 13.086661908376813 ], [ 80.155944043765004, 13.08666486587188 ], [ 80.155940987926371, 13.087562810859236 ], [ 80.155944052223418, 13.087562820880061 ], [ 80.155940986141573, 13.088463711626769 ], [ 80.155944050657212, 13.088463721648946 ], [ 80.155940984356647, 13.0893646123943 ], [ 80.155944049090891, 13.089364622417833 ], [ 80.155940982571607, 13.090265513161826 ], [ 80.156844936678269, 13.090268468249233 ], [ 80.156841883222441, 13.091166415644672 ], [ 80.156844945120085, 13.091166425649519 ], [ 80.156841881437259, 13.092067316412306 ], [ 80.157745832725652, 13.09207026871163 ], [ 80.157742782088306, 13.092968218895365 ], [ 80.157745841148426, 13.092968228881531 ], [ 80.157742780302996, 13.093869119663102 ], [ 80.157745839581239, 13.093869129650621 ], [ 80.157742778517559, 13.094770020430843 ], [ 80.157745838013938, 13.094770030419712 ], [ 80.157742777868236, 13.095670586827692 ], [ 80.156844948428159, 13.095667653773427 ], [ 80.156844938410899, 13.095670598459227 ], [ 80.155944049277792, 13.095667652268064 ], [ 80.155940970072763, 13.096571818534484 ], [ 80.155944036555823, 13.096571828568866 ], [ 80.155940968286728, 13.097472719302003 ], [ 80.156863386403586, 13.097475736258378 ], [ 80.156863396422693, 13.097472791384661 ], [ 80.157764289055152, 13.097475734752793 ], [ 80.157764299052857, 13.097472793026061 ], [ 80.158646722496343, 13.097475673001181 ], [ 80.158643673811682, 13.098373625217741 ], [ 80.159566095925271, 13.098376632712149 ], [ 80.159566105881581, 13.098373697091883 ], [ 80.160448519293141, 13.098376571052615 ], [ 80.160445476900634, 13.099274529417395 ], [ 80.160448527660051, 13.099274539348942 ], [ 80.160445476277488, 13.100175087053758 ], [ 80.159547638042639, 13.10017216244511 ], [ 80.159544572042932, 13.10107598969099 ], [ 80.158646737324815, 13.101073061769744 ], [ 80.158643666667089, 13.101977228289091 ], [ 80.159547613831279, 13.10198017633256 ], [ 80.159544567318491, 13.10287813077332 ], [ 80.159547622224551, 13.102878140731585 ], [ 80.159544566681589, 13.103778692742413 ], [ 80.158665223791374, 13.103775824606888 ], [ 80.158668273696847, 13.10287787364584 ], [ 80.157764319601995, 13.102874922308724 ], [ 80.15776737254609, 13.101976974328331 ], [ 80.157764308027225, 13.101976964318206 ], [ 80.15776737075953, 13.101076073294202 ], [ 80.157764306459043, 13.101076063285433 ], [ 80.157767368973083, 13.100175172260077 ], [ 80.157764304890975, 13.100175162252658 ], [ 80.157767367186764, 13.099274271225953 ], [ 80.156844942159992, 13.099271257096051 ], [ 80.156844932137318, 13.099274202534287 ], [ 80.155944043010109, 13.099271255590251 ], [ 80.155944032965991, 13.099274204176083 ], [ 80.15504314386034, 13.099271254084567 ], [ 80.155040060490748, 13.100175419888016 ], [ 80.155043131124373, 13.100175429949276 ], [ 80.15504005870406, 13.101076320655421 ], [ 80.15504312955656, 13.101076330718039 ], [ 80.155040058017619, 13.101976898810863 ], [ 80.154160707553928, 13.101974015652376 ], [ 80.154163773301235, 13.101076080160912 ], [ 80.153241342427236, 13.101073052733991 ], [ 80.153241332315957, 13.101076011140425 ], [ 80.15234044327805, 13.101073051228431 ], [ 80.152340433145227, 13.101076012782858 ], [ 80.15145799812538, 13.101073110450479 ], [ 80.151461073419043, 13.100175184277235 ], [ 80.151457986403997, 13.100175174119412 ], [ 80.151461070570264, 13.099274593255364 ], [ 80.152358876276963, 13.099277545728098 ], [ 80.152358886406176, 13.099274584741179 ], [ 80.153259778929339, 13.099277544222854 ], [ 80.15326286857568, 13.09837337877387 ], [ 80.152358896039473, 13.098370409369965 ], [ 80.152361967423573, 13.097472479455844 ], [ 80.151439550395281, 13.097469446402947 ], [ 80.1514395402464, 13.097472410348132 ], [ 80.150538651245839, 13.097469444898042 ], [ 80.1505386410754, 13.097472411990429 ], [ 80.149637752096524, 13.097469443393255 ], [ 80.149634649445218, 13.09837360805305 ], [ 80.149637739295144, 13.09837361824075 ], [ 80.14963464765809, 13.099274508819802 ], [ 80.14963773772827, 13.099274519008876 ], [ 80.149634645870833, 13.100175409586551 ], [ 80.150538625147576, 13.100178388943812 ], [ 80.150535546519933, 13.1010763120706 ], [ 80.150538633754252, 13.101076322240838 ], [ 80.150535544732548, 13.101977212837454 ], [ 80.15053863218688, 13.101977223009067 ], [ 80.150535542945036, 13.102878113604309 ], [ 80.150538630619394, 13.102878123777296 ], [ 80.150535541157396, 13.103779014371158 ], [ 80.150538629051781, 13.103779024545521 ], [ 80.150535539369628, 13.104679915138012 ], [ 80.150538627484025, 13.104679925313748 ], [ 80.150535537581732, 13.105580815904858 ], [ 80.151439514915225, 13.105583793237534 ], [ 80.151436438231016, 13.106481718389546 ], [ 80.152358888813637, 13.106484753501904 ], [ 80.152361982442542, 13.105580900364046 ], [ 80.153259789899323, 13.105583851024187 ], [ 80.153259800016571, 13.105580891862362 ], [ 80.154160692552395, 13.105583849518073 ], [ 80.154160702648127, 13.105580893505048 ], [ 80.155043111641092, 13.105583787426022 ], [ 80.15504004907784, 13.10648140389879 ], [ 80.154142232171182, 13.106478459221744 ], [ 80.154139143755913, 13.107382624309677 ], [ 80.154142219418389, 13.107382634403317 ], [ 80.154139143052802, 13.108283207555406 ], [ 80.153241329886697, 13.108280259375904 ], [ 80.153238238815845, 13.1091841101947 ], [ 80.152340429170422, 13.109181158699615 ], [ 80.152337334578604, 13.11008501283427 ], [ 80.151458013818413, 13.110082118892791 ], [ 80.151461091297335, 13.109184194626156 ], [ 80.150557109627513, 13.10918121659539 ], [ 80.150560190144674, 13.108283295309423 ], [ 80.150557097871172, 13.10828328511764 ], [ 80.150560188356266, 13.107382394274417 ], [ 80.150557096303032, 13.107382384084007 ], [ 80.150560186568001, 13.106481493239409 ], [ 80.149656202298246, 13.106478512610179 ], [ 80.14965928541514, 13.105580593922355 ], [ 80.148736838848407, 13.105577549355759 ], [ 80.148733731943807, 13.106481415249565 ], [ 80.147835938133326, 13.106478448679805 ], [ 80.147832826694042, 13.107382612284033 ], [ 80.148736814233416, 13.107385599511051 ], [ 80.148733727342588, 13.108283514768942 ], [ 80.148736822893596, 13.10828352499343 ], [ 80.148733725553967, 13.109184415535569 ], [ 80.149637710275101, 13.109187399973974 ], [ 80.14963462620274, 13.110085318020694 ], [ 80.149637718916026, 13.110085328226299 ], [ 80.149634625444719, 13.110985918718351 ], [ 80.148755307524354, 13.1109830153773 ], [ 80.148758394993393, 13.110085100816541 ], [ 80.147835931863881, 13.110082051998196 ], [ 80.147835921609214, 13.110085031193583 ], [ 80.146935032716542, 13.110082050492224 ], [ 80.146931918100861, 13.1109859235854 ], [ 80.146034132001887, 13.110982949815744 ], [ 80.146031013862938, 13.111886826226408 ], [ 80.145133231287431, 13.111883849139167 ], [ 80.145130108647805, 13.11278801172563 ], [ 80.145133218418948, 13.112788022043869 ], [ 80.145130106858076, 13.113688912491813 ], [ 80.145133216850667, 13.113688922811441 ], [ 80.145130105068219, 13.114589813257997 ], [ 80.146034104135666, 13.114592811533871 ], [ 80.146031005716011, 13.115490715743769 ], [ 80.146953488566425, 13.115493772259768 ], [ 80.146953498850223, 13.1154907889632 ], [ 80.147835900924719, 13.115493709585396 ], [ 80.147832808802136, 13.116391619949141 ], [ 80.148755295445071, 13.116394670218742 ], [ 80.148755305686848, 13.11639169303435 ], [ 80.149656198100132, 13.116394668711884 ], [ 80.149659305092868, 13.115490505308681 ], [ 80.149656207777085, 13.115490495084233 ], [ 80.149659302275779, 13.114589903337075 ], [ 80.150557097617877, 13.114592865261102 ], [ 80.150560200877649, 13.113688701519498 ], [ 80.149656214855824, 13.113685719362687 ], [ 80.149659299724703, 13.1127878022033 ], [ 80.14965620307045, 13.112787791982994 ], [ 80.149659296905625, 13.111887200985866 ], [ 80.150538604745805, 13.111890101394099 ], [ 80.150535523274044, 13.112788022039593 ], [ 80.151439502355885, 13.112791000898365 ], [ 80.151436423923258, 13.113688924525135 ], [ 80.152358901358312, 13.113691961275562 ], [ 80.152358911509424, 13.11368899726323 ], [ 80.153259804012578, 13.113691959768584 ], [ 80.153259814142118, 13.113688998906857 ], [ 80.154142198326582, 13.113691897494872 ], [ 80.154139129449945, 13.11458983044786 ], [ 80.154142206865231, 13.114589840552407 ], [ 80.154139128739587, 13.115490415696764 ], [ 80.153241317338157, 13.115487466017976 ], [ 80.153241307204993, 13.115490427446472 ], [ 80.152340418190832, 13.115487464510672 ], [ 80.15234040803611, 13.115490429090384 ], [ 80.151439519043635, 13.115487463003483 ], [ 80.151436418555747, 13.116391626825957 ], [ 80.15143950625027, 13.116391636997951 ], [ 80.151436417812306, 13.117292222599659 ], [ 80.150538616758851, 13.117289263156295 ], [ 80.150538606558158, 13.117292234417349 ], [ 80.149637717612123, 13.117289261649111 ], [ 80.149634611123716, 13.118193126863268 ], [ 80.148736816896701, 13.118190160971769 ], [ 80.148736806651286, 13.118193138725925 ], [ 80.147835917750299, 13.118190159464705 ], [ 80.147835907483199, 13.118193140370684 ], [ 80.146935018604026, 13.118190157957752 ], [ 80.146931901985951, 13.119094032750839 ], [ 80.1460341178893, 13.119091057280318 ], [ 80.146030996764779, 13.119995219575182 ], [ 80.146934993892458, 13.119998215828934 ], [ 80.146931898403466, 13.120895834787598 ], [ 80.146034114751799, 13.12089285893914 ], [ 80.146030994162828, 13.121796737429577 ], [ 80.145133214037273, 13.121793758261388 ], [ 80.145133203699345, 13.121796749385448 ], [ 80.144232314891795, 13.121793756754345 ], [ 80.144229186515233, 13.122697918432964 ], [ 80.14513319082225, 13.122700921610956 ], [ 80.145130087162698, 13.12359882091971 ], [ 80.146052600028298, 13.123601882518168 ], [ 80.146052610346345, 13.123598894356496 ], [ 80.146934987608063, 13.123601819660994 ], [ 80.14693189123696, 13.124499438861104 ], [ 80.146034108475291, 13.124496462256809 ], [ 80.146030986019127, 13.125400624172826 ], [ 80.146034095607931, 13.125400634488788 ], [ 80.14603098422775, 13.126301524939093 ], [ 80.146934982893455, 13.126304522534996 ], [ 80.146931884875627, 13.12720242742626 ], [ 80.147835880499798, 13.127205422038395 ], [ 80.147832785523761, 13.128103329913534 ], [ 80.147835889209475, 13.128103340190149 ], [ 80.147832783732227, 13.129004230680016 ], [ 80.14783588763872, 13.129004240958016 ], [ 80.147832781940565, 13.129905131446494 ], [ 80.147835886067838, 13.129905141725882 ], [ 80.147832781141204, 13.130805744365309 ], [ 80.146934996631131, 13.13080276957119 ], [ 80.146931875916778, 13.131706931258115 ], [ 80.14693498376991, 13.131706941562033 ], [ 80.146931874124618, 13.132607832024481 ], [ 80.146934982198758, 13.132607842329788 ], [ 80.146931872332345, 13.133508732790844 ], [ 80.146934980627492, 13.13350874309754 ], [ 80.14693187151866, 13.134409350063189 ], [ 80.146034091204612, 13.134406371380599 ], [ 80.146030966306952, 13.135310532601684 ], [ 80.146953523095462, 13.135313593650777 ], [ 80.146953533409814, 13.135310606169094 ], [ 80.147835866347094, 13.135313530659262 ], [ 80.147832769395436, 13.136211436811804 ], [ 80.148755329982009, 13.136214491604914 ], [ 80.148755340254226, 13.136211510244316 ], [ 80.149637663128189, 13.136214428705767 ], [ 80.149634572484715, 13.137112341021902 ], [ 80.149637671806758, 13.137112351268891 ], [ 80.149634570692143, 13.138013241788583 ], [ 80.150538559158093, 13.13801622916508 ], [ 80.150535471340831, 13.13891414427713 ], [ 80.151439456761238, 13.138917128666455 ], [ 80.151436371989746, 13.139815046765783 ], [ 80.152340354364156, 13.13981802816755 ], [ 80.152337272638903, 13.140715949254535 ], [ 80.153259851129761, 13.140718988915159 ], [ 80.153262949851154, 13.139815131781058 ], [ 80.154160752214921, 13.139818086433396 ], [ 80.154160762362537, 13.139815123252287 ], [ 80.155061654872341, 13.139818084923036 ], [ 80.155061664998357, 13.139815124898366 ], [ 80.155962557529662, 13.139818083412562 ], [ 80.155965646106495, 13.138914235870072 ], [ 80.156844851825298, 13.13891711992755 ], [ 80.156841786641834, 13.139815057094609 ], [ 80.15776436284392, 13.139818080391283 ], [ 80.157764372905248, 13.139815129835911 ], [ 80.1586652655009, 13.139818078880474 ], [ 80.158668344154265, 13.13891424074237 ], [ 80.159547549358592, 13.138917115556906 ], [ 80.159544493969435, 13.139815062257505 ], [ 80.160467070814491, 13.139818075858511 ], [ 80.16046708081133, 13.13981513477243 ], [ 80.161367973471116, 13.139818074347362 ], [ 80.16136798344651, 13.139815136417702 ], [ 80.162268876127627, 13.1398180728361 ], [ 80.162271942700116, 13.138913908125168 ], [ 80.162268885656914, 13.138913898166884 ], [ 80.162271940908951, 13.138013007091523 ], [ 80.162268884083034, 13.138012997134581 ], [ 80.162271937966281, 13.137112445667491 ], [ 80.163169774063746, 13.137115368413747 ], [ 80.163172836686144, 13.136211203304152 ], [ 80.163169783580258, 13.136211193371288 ], [ 80.163172833732247, 13.135310645720683 ], [ 80.164070673573207, 13.135313564962136 ], [ 80.164073731290173, 13.134409746558614 ], [ 80.164952952304873, 13.134412602033049 ], [ 80.164949917580628, 13.135310568737626 ], [ 80.165853849908643, 13.135313501531895 ], [ 80.165850818233281, 13.136211471225794 ], [ 80.166754747512158, 13.136214401030461 ], [ 80.166751718886161, 13.137112373714068 ], [ 80.166754755779934, 13.137112383552516 ], [ 80.166751717095821, 13.138013274482811 ], [ 80.166754754205471, 13.138013284322588 ], [ 80.166751715305352, 13.138914175251564 ], [ 80.167655641963478, 13.13891710244024 ], [ 80.167652615958431, 13.139815077740149 ], [ 80.167655650213462, 13.139815087561294 ], [ 80.167652614167821, 13.140715978509002 ], [ 80.168556537989602, 13.140718902893683 ], [ 80.168553514821127, 13.141616880997805 ], [ 80.1685565462206, 13.141616890800336 ], [ 80.168553513030389, 13.14251778176676 ], [ 80.169476102099452, 13.142520763650612 ], [ 80.169476111886837, 13.142517853573274 ], [ 80.170377004755295, 13.142520762138009 ], [ 80.170380041058593, 13.141616964203621 ], [ 80.171277905836035, 13.141619859655959 ], [ 80.171277915579665, 13.141616956077403 ], [ 80.172178808491509, 13.141619858143235 ], [ 80.172181837962611, 13.140716066663549 ], [ 80.173079709571795, 13.14071895566128 ], [ 80.173082735519344, 13.139815167500206 ], [ 80.173980610651853, 13.139818053179424 ], [ 80.173983634355679, 13.138913885768666 ], [ 80.173980620032495, 13.138913876086837 ], [ 80.173983632566021, 13.138012984736431 ], [ 80.17398061845708, 13.138012975055906 ], [ 80.173983629495694, 13.13711246676427 ], [ 80.174881508581905, 13.137115348759847 ], [ 80.174884528344748, 13.136211180953346 ], [ 80.174881517949757, 13.136211171296523 ], [ 80.174884525263579, 13.135310666813959 ], [ 80.175782408086846, 13.135313545309597 ], [ 80.175782417715737, 13.135310658801432 ], [ 80.176683310740927, 13.135313543797073 ], [ 80.176686323482016, 13.134409375452632 ], [ 80.17668332008499, 13.134409365840527 ], [ 80.176686320380441, 13.13350886848486 ], [ 80.177584210245428, 13.133511740347249 ], [ 80.177587219262577, 13.13260757167099 ], [ 80.177584219577142, 13.132607562082487 ], [ 80.177587217474283, 13.131706670639197 ], [ 80.177584218002139, 13.131706661051988 ], [ 80.177587215686117, 13.130805769607411 ], [ 80.177584216427263, 13.130805760021497 ], [ 80.17758721389805, 13.129904868575627 ], [ 80.176664670038704, 13.129901918577319 ], [ 80.17666466043778, 13.129904801012383 ], [ 80.175763770890285, 13.129901917065339 ], [ 80.175763761268342, 13.129904802654806 ], [ 80.174881516569101, 13.129901975336942 ], [ 80.174884514035028, 13.12900397269642 ], [ 80.173980612372418, 13.129001073032601 ], [ 80.173983612888165, 13.128103073381954 ], [ 80.17307970817599, 13.128100170728535 ], [ 80.173082711741074, 13.127202174067381 ], [ 80.173079696919871, 13.127202164381416 ], [ 80.173082709952951, 13.126301273035061 ], [ 80.172178802404972, 13.126298367578237 ], [ 80.172181808805661, 13.125400373720279 ], [ 80.171259283015431, 13.125397405344767 ], [ 80.171259273294567, 13.125400305782248 ], [ 80.170358383867111, 13.125397403834009 ], [ 80.170355351379257, 13.126301198704521 ], [ 80.169457483146303, 13.126298303155618 ], [ 80.169454447137909, 13.127202101342347 ], [ 80.168556582425708, 13.127199202477129 ], [ 80.168556572638693, 13.127202112745627 ], [ 80.167674290873109, 13.127199261140298 ], [ 80.167677313796176, 13.126301283342631 ], [ 80.166773386677306, 13.12629835883771 ], [ 80.166776411435947, 13.125400743572685 ], [ 80.167674266893073, 13.125403648249385 ], [ 80.167674276697809, 13.125400735384094 ], [ 80.168575169546898, 13.125403646739073 ], [ 80.168578209578882, 13.124499479558693 ], [ 80.167655687995122, 13.124496498470386 ], [ 80.167655678190854, 13.124499411335867 ], [ 80.166773383529332, 13.12449655714582 ], [ 80.166776409070238, 13.123598581961712 ], [ 80.166773372131573, 13.123598572132767 ], [ 80.16677640606801, 13.122698041216371 ], [ 80.167674262177016, 13.122700945339925 ], [ 80.167674271977802, 13.122698033031481 ], [ 80.168575164830486, 13.122700943829939 ], [ 80.168575174610069, 13.122698034674096 ], [ 80.16947606748387, 13.122700942319844 ], [ 80.169476077242251, 13.122698036316597 ], [ 80.170376970137113, 13.122700940809629 ], [ 80.170380002934579, 13.121796773025123 ], [ 80.170376979554987, 13.121796763283628 ], [ 80.170380001146867, 13.120895871992483 ], [ 80.169476085097088, 13.120892958130245 ], [ 80.169479099998938, 13.11999497267707 ], [ 80.16857518090292, 13.119992055827995 ], [ 80.168578198850781, 13.119094073361554 ], [ 80.1685751695546, 13.119094063581667 ], [ 80.168578197063212, 13.118193172328699 ], [ 80.168575167982638, 13.118193162550131 ], [ 80.168578194037707, 13.117292639745573 ], [ 80.169476058053732, 13.117295536502152 ], [ 80.169479091600707, 13.116391740580644 ], [ 80.170358378871924, 13.116394574178567 ], [ 80.170355368005502, 13.117292563669048 ], [ 80.171259276480356, 13.117295473678306 ], [ 80.171256268659747, 13.118193466155054 ], [ 80.17217876758275, 13.118196432942439 ], [ 80.172178777271185, 13.118193537320092 ], [ 80.173079670235069, 13.118196431432427 ], [ 80.173082692078637, 13.117292262711922 ], [ 80.172178786663267, 13.117289359113245 ], [ 80.172181790931447, 13.116391363396071 ], [ 80.172178775403339, 13.116391353704685 ], [ 80.172181789144716, 13.11549046236366 ], [ 80.171277880896739, 13.115487555964473 ], [ 80.17128088672753, 13.114589942249982 ], [ 80.172178761296593, 13.114592829065245 ], [ 80.172178770979784, 13.114589934181447 ], [ 80.173079663948442, 13.114592827555679 ], [ 80.173082683642406, 13.113689044704298 ], [ 80.173980565028714, 13.113691925076905 ], [ 80.173980574668491, 13.113689036678915 ], [ 80.174881467680208, 13.113691923567217 ], [ 80.174884480557523, 13.11278814715789 ], [ 80.175782368760039, 13.112791021088546 ], [ 80.175782378356516, 13.112788139175564 ], [ 80.176664679442752, 13.112790960166933 ], [ 80.176661692240344, 13.113688972603516 ], [ 80.177584175634053, 13.113691919037478 ], [ 80.1775841851899, 13.113689043241807 ], [ 80.178485078285092, 13.113691917527337 ], [ 80.178488077960608, 13.112788153636105 ], [ 80.179385979363971, 13.112791015048652 ], [ 80.179385988876717, 13.112788145737175 ], [ 80.180268276175426, 13.112790954342527 ], [ 80.180265302007314, 13.113688979464683 ], [ 80.180268284094652, 13.113688988953141 ], [ 80.180265300222004, 13.114589880235105 ], [ 80.181169172210218, 13.114592754795098 ], [ 80.18116620087882, 13.115490782720748 ], [ 80.18208869203329, 13.115493713421868 ], [ 80.182088701487302, 13.115490853014212 ], [ 80.182989594684003, 13.115493711910949 ], [ 80.182989604117182, 13.115490854654265 ], [ 80.183890497334602, 13.115493710399914 ], [ 80.183890506746991, 13.115490856294205 ], [ 80.184772767368898, 13.115493649922232 ], [ 80.184769808864019, 13.116391690351502 ], [ 80.185673664977244, 13.116394549419141 ], [ 80.185670709522014, 13.11729259283735 ], [ 80.185673672775565, 13.117292602206094 ], [ 80.18567070773689, 13.118193493608414 ], [ 80.186574561009792, 13.118196349869626 ], [ 80.18657160839507, 13.119094396094473 ], [ 80.18657456878951, 13.119094405445011 ], [ 80.186571606609817, 13.119995296865646 ], [ 80.187475457041444, 13.119998150319622 ], [ 80.187472507268211, 13.120896199351915 ], [ 80.188376354648526, 13.120899049815488 ], [ 80.188373407926832, 13.121797101838283 ], [ 80.189295924254353, 13.121800008101923 ], [ 80.189295933551236, 13.121797171636347 ], [ 80.190178151438559, 13.121799947852924 ], [ 80.190175211029995, 13.122698006039737 ], [ 80.191097731130299, 13.122700906043642 ], [ 80.191100686711593, 13.121797184176835 ], [ 80.191979949805216, 13.121799944936358 ], [ 80.191977015919022, 13.122698009469351 ], [ 80.192899536431199, 13.122700903017691 ], [ 80.192899545646839, 13.122698078981593 ], [ 80.193781746595178, 13.122700842972517 ], [ 80.193778819023692, 13.123598913670557 ], [ 80.194701343307031, 13.123601800957852 ], [ 80.19470428739865, 13.122697627726289 ], [ 80.194701352416018, 13.122697618546333 ], [ 80.194704285613952, 13.121796726696584 ], [ 80.193781768062365, 13.121793839809603 ], [ 80.193781758867715, 13.121796660693324 ], [ 80.192899554777696, 13.121793896869397 ], [ 80.192902483622206, 13.120896286626607 ], [ 80.193800435931252, 13.120899099571202 ], [ 80.193803381184992, 13.119995387457159 ], [ 80.194701337006123, 13.119998197091597 ], [ 80.19470134617697, 13.119995379899414 ], [ 80.195602239655827, 13.119998195578551 ], [ 80.195602248806154, 13.119995381538331 ], [ 80.196503142305403, 13.119998194065396 ], [ 80.196503151435238, 13.119995383177134 ], [ 80.197404044954894, 13.119998192552128 ], [ 80.197406976792081, 13.119094493142105 ], [ 80.198304946028856, 13.119097290072609 ], [ 80.198304955116555, 13.119094485667061 ], [ 80.199205848677977, 13.119097288559223 ], [ 80.199208775262051, 13.118193114009561 ], [ 80.199205857727364, 13.118193104938124 ], [ 80.199208773478574, 13.117292212980407 ], [ 80.199205856151551, 13.117292203910196 ], [ 80.199208770135186, 13.116391794012136 ], [ 80.200106746600866, 13.116394584147956 ], [ 80.2001067556441, 13.11639178658112 ], [ 80.201007649249405, 13.116394582634666 ], [ 80.201010567047447, 13.115490896458393 ], [ 80.201908550322486, 13.115493680155565 ], [ 80.201911464611953, 13.114589997286791 ], [ 80.202809451395339, 13.114592777676561 ], [ 80.202809460375121, 13.114589989918786 ], [ 80.203691651819923, 13.114592718353762 ], [ 80.203688763578242, 13.115490326613298 ], [ 80.202790770616829, 13.115487549093411 ], [ 80.202787859340887, 13.116391229243382 ], [ 80.201889869887751, 13.116388448416046 ], [ 80.201886955103276, 13.117292131873738 ], [ 80.200988969158885, 13.117289347738582 ], [ 80.200986049288645, 13.118193522746177 ], [ 80.201889847139796, 13.118196325080072 ], [ 80.201886949950762, 13.11909442523217 ], [ 80.201889854568563, 13.119094434233778 ], [ 80.201886948167484, 13.11999532600519 ], [ 80.201889852992053, 13.119995335008014 ], [ 80.201886947967822, 13.120895735925449 ], [ 80.200988962855732, 13.120892951082745 ], [ 80.200986042154867, 13.121797125837816 ], [ 80.200988950674571, 13.121797134863417 ], [ 80.200986040371106, 13.122698026610722 ], [ 80.200988949097791, 13.122698035637542 ], [ 80.200986040159975, 13.123598440582459 ], [ 80.200088058974728, 13.123595652076636 ], [ 80.20008804992095, 13.123598451249194 ], [ 80.199187159822515, 13.123595650562487 ], [ 80.19918715074833, 13.123598452888009 ], [ 80.198286260670429, 13.123595649048452 ], [ 80.198283331010686, 13.124499346450973 ], [ 80.197385359942444, 13.12449654837015 ], [ 80.19738242523546, 13.125400722072923 ], [ 80.197385347713521, 13.125400731185071 ], [ 80.197382424985307, 13.126301150096403 ], [ 80.196484457638533, 13.126298348527261 ], [ 80.196481519220015, 13.127202521903232 ], [ 80.196484445397004, 13.127202531038316 ], [ 80.196481518959033, 13.128102953742275 ], [ 80.195602273675121, 13.128100207188369 ], [ 80.195605195680187, 13.127202131159887 ], [ 80.194682657759813, 13.127199246334634 ], [ 80.19467971404913, 13.128102956980804 ], [ 80.193781757032724, 13.128100145655914 ], [ 80.193781747829391, 13.128102967798117 ], [ 80.192880857881903, 13.128100144142012 ], [ 80.192877905866496, 13.129004316587448 ], [ 80.19288084559399, 13.129004325807177 ], [ 80.192877904080689, 13.129905217359363 ], [ 80.193781733973978, 13.129908050596931 ], [ 80.193778804740589, 13.130806119846779 ], [ 80.193781741602237, 13.130806129048411 ], [ 80.193778802954625, 13.131707020618803 ], [ 80.193781740025145, 13.131707029821673 ], [ 80.193778801168548, 13.132607921390822 ], [ 80.19378173844791, 13.132607930594931 ], [ 80.193778799382329, 13.133508822162842 ], [ 80.193781736870577, 13.133508831368195 ], [ 80.193778797595996, 13.134409722934857 ], [ 80.19470136222175, 13.134412612556396 ], [ 80.194701371412378, 13.134409792490962 ], [ 80.195583524445894, 13.13441255244212 ], [ 80.195580600702755, 13.135310627138638 ], [ 80.19558353203837, 13.135310636305341 ], [ 80.195580598916393, 13.136211527910865 ], [ 80.196484420469673, 13.136214352887471 ], [ 80.196481499576933, 13.137112430399025 ], [ 80.19738531807225, 13.137115252379719 ], [ 80.197382400237686, 13.138013332887288 ], [ 80.197385325626769, 13.138013342016649 ], [ 80.197382398451197, 13.138914233659733 ], [ 80.198286214094665, 13.138917052824207 ], [ 80.198283299112148, 13.139815136148208 ], [ 80.198286221630767, 13.139815145259531 ], [ 80.198283297325503, 13.140716036920754 ], [ 80.198286220051841, 13.140716046033308 ], [ 80.198283295538744, 13.1416169376933 ], [ 80.198286218472788, 13.141616946807078 ], [ 80.198283293751842, 13.142517838465844 ], [ 80.198286216893621, 13.14251784758085 ], [ 80.198283291964827, 13.14341873923839 ], [ 80.199187105374648, 13.143421556125425 ], [ 80.199184192625978, 13.144319641727394 ], [ 80.200088002975249, 13.144322455616328 ], [ 80.200085093287356, 13.145220544216503 ], [ 80.200988900575581, 13.145223355106953 ], [ 80.200985993948947, 13.14612144670572 ], [ 80.200988908057653, 13.146121455764227 ], [ 80.200985992161762, 13.147022347478581 ], [ 80.200988906477491, 13.147022356538306 ], [ 80.200985991929272, 13.147922767933728 ], [ 80.200088016369179, 13.14791997464803 ], [ 80.200085087683007, 13.148823670567554 ], [ 80.199187115640527, 13.148820873966848 ], [ 80.19918418190116, 13.149725046363264 ], [ 80.199187103415767, 13.14972505546759 ], [ 80.199184180113235, 13.150625947135904 ], [ 80.199187101835349, 13.150625956241454 ], [ 80.199184178325211, 13.151526847908537 ], [ 80.200106808127941, 13.151529721817255 ], [ 80.200106817218824, 13.151526917294706 ], [ 80.201007710781056, 13.151529720299726 ], [ 80.201007719851475, 13.151526918936165 ], [ 80.201889788684852, 13.151529660309826 ], [ 80.201886883885763, 13.152427753832832 ], [ 80.202790686283251, 13.15243055979929 ], [ 80.202787786116602, 13.153328170769477 ], [ 80.201889805185928, 13.153325382699945 ], [ 80.20188688186893, 13.154229073403474 ], [ 80.200988904456764, 13.154226282018115 ], [ 80.200988895381897, 13.154229084094228 ], [ 80.200088005308444, 13.154226280500158 ], [ 80.200087996213085, 13.154229085736059 ], [ 80.19918710616021, 13.154226278982312 ], [ 80.199187097044359, 13.154229087378004 ], [ 80.198286207012117, 13.154226277464582 ], [ 80.198286197875746, 13.154229089020058 ], [ 80.197385307864138, 13.154226275946957 ], [ 80.197385298707204, 13.154229090662225 ], [ 80.196503222112057, 13.154226333273479 ], [ 80.196506146858965, 13.153328259301135 ], [ 80.195602317908424, 13.153325430962068 ], [ 80.195605245717417, 13.152427359989478 ], [ 80.194701413705047, 13.152424528650938 ], [ 80.194704344575626, 13.151526460677715 ], [ 80.194701402909061, 13.151526451458095 ], [ 80.194704342786892, 13.150625559647956 ], [ 80.19470140132924, 13.150625550429581 ], [ 80.194704340998271, 13.149724658618204 ], [ 80.194701399749505, 13.149724649401067 ], [ 80.194704339209778, 13.148823757588449 ], [ 80.193781720749399, 13.148820864866053 ], [ 80.193781711517516, 13.148823691142304 ], [ 80.192880821601278, 13.148820863349652 ], [ 80.192877866231555, 13.149724584551201 ], [ 80.191979920874488, 13.149721762668396 ], [ 80.191976960523562, 13.150625933394947 ], [ 80.191979908558864, 13.150625942665201 ], [ 80.191976958734585, 13.151526834166713 ], [ 80.191979906979256, 13.151526843438214 ], [ 80.191976956945481, 13.152427734938479 ], [ 80.191979905399521, 13.152427744211227 ], [ 80.191976955156264, 13.153328635710242 ], [ 80.191979903819657, 13.153328644984239 ], [ 80.191976953366904, 13.154229536482003 ], [ 80.192880792138936, 13.154232377789169 ], [ 80.192877854026307, 13.15513043897232 ], [ 80.193781689736809, 13.155133277280163 ], [ 80.193778754685951, 13.156031341462741 ], [ 80.194701400105117, 13.156034235752445 ], [ 80.194701409325504, 13.156031411378491 ], [ 80.195602302759511, 13.156034234235056 ], [ 80.195602311959277, 13.15603141302109 ], [ 80.196484385693381, 13.156034173846221 ], [ 80.196481460244868, 13.156932247390021 ], [ 80.196484393291826, 13.156932256565803 ], [ 80.196481459957369, 13.157832687186215 ], [ 80.195583503247661, 13.157829876254002 ], [ 80.195580554216349, 13.158734047216077 ], [ 80.196484380946458, 13.158736876704067 ], [ 80.196481454876647, 13.159634949706913 ], [ 80.197404114390267, 13.159637835064492 ], [ 80.197404123553795, 13.159635019455001 ], [ 80.198305017044788, 13.159637833546327 ], [ 80.198305026187754, 13.159635021097632 ], [ 80.199205919699182, 13.15963783202805 ], [ 80.199208854120926, 13.158734131079299 ], [ 80.200106820772362, 13.158736929543842 ], [ 80.20010682987305, 13.158734123595002 ], [ 80.201007723426429, 13.158736928025446 ], [ 80.201007732506611, 13.158734125237203 ], [ 80.201908626080368, 13.158736926506938 ], [ 80.201908635140086, 13.158734126879283 ], [ 80.202790675203275, 13.158736866463016 ], [ 80.20278777202941, 13.15963496173433 ], [ 80.203691572799713, 13.159637765951505 ], [ 80.203688672691541, 13.160535864225244 ], [ 80.203691580237617, 13.160535873241942 ], [ 80.203688670902693, 13.161436764998411 ], [ 80.203691578655125, 13.161436774016316 ], [ 80.203688669113717, 13.162337665771567 ], [ 80.20461134036907, 13.162340525811794 ], [ 80.204611349372385, 13.162337734956836 ], [ 80.205512243023023, 13.162340524292397 ], [ 80.205512252005946, 13.162337736598831 ], [ 80.206394265587519, 13.162340464415283 ], [ 80.206391374679271, 13.163238571698617 ], [ 80.206394272967174, 13.163238580657799 ], [ 80.206391372890394, 13.164139472472105 ], [ 80.207314051495842, 13.164142323183134 ], [ 80.207316957145125, 13.163238649619517 ], [ 80.208214952566905, 13.163241420698361 ], [ 80.2082178563128, 13.162337247258783 ], [ 80.208214961522074, 13.162337238331542 ], [ 80.208217852907694, 13.161436849661797 ], [ 80.209115852055049, 13.161439617248973 ], [ 80.209118750459922, 13.160535950493285 ], [ 80.210016753125672, 13.160538714764508 ], [ 80.210019648012448, 13.159635051324505 ], [ 80.210917654196052, 13.159637812280153 ], [ 80.21092054556523, 13.158734152155459 ], [ 80.211818555266206, 13.158736909795897 ], [ 80.211821443118282, 13.157833252986142 ], [ 80.212719456336131, 13.157836007311735 ], [ 80.212719465150869, 13.157833245786531 ], [ 80.213601466953037, 13.157835947946104 ], [ 80.213598603234573, 13.15873408156561 ], [ 80.214502364549475, 13.158736847432502 ], [ 80.214499503899503, 13.159634984056376 ], [ 80.215403262145657, 13.159637746918612 ], [ 80.215400406252172, 13.160535356176373 ], [ 80.214502380615414, 13.160532610665454 ], [ 80.214499500324735, 13.161436785605314 ], [ 80.214502368573946, 13.161436794379929 ], [ 80.214499498537165, 13.162337686379777 ], [ 80.214502366989919, 13.162337695155573 ], [ 80.214499496749468, 13.163238587154241 ], [ 80.214502365405764, 13.163238595931217 ], [ 80.214499494961629, 13.164139487928709 ], [ 80.215403254219027, 13.164142251671629 ], [ 80.21540039562673, 13.165040390420115 ], [ 80.21540326139727, 13.165040399179317 ], [ 80.215400395522479, 13.165940762245768 ], [ 80.214502371113369, 13.165938015692195 ], [ 80.214499491271766, 13.166841664878486 ], [ 80.213601470380851, 13.166838915008819 ], [ 80.213601461573688, 13.166841675301594 ], [ 80.212700571232574, 13.166838913487762 ], [ 80.212697682902601, 13.167743087591656 ], [ 80.213620376405643, 13.167745916397768 ], [ 80.213620385213218, 13.167743156105171 ], [ 80.214502348695476, 13.167745856939408 ], [ 80.2144994860206, 13.168643991800989 ], [ 80.215422183296923, 13.16864681431924 ], [ 80.215422192065361, 13.168644060176975 ], [ 80.216323085950336, 13.168646812797727 ], [ 80.216323094698637, 13.168644061818247 ], [ 80.21720504464929, 13.168646753493189 ], [ 80.217202191593259, 13.169544897727585 ], [ 80.21812489284163, 13.169547710717987 ], [ 80.218124901550937, 13.169544965889829 ], [ 80.219025795494815, 13.169547709196028 ], [ 80.219028659300989, 13.168644075434715 ], [ 80.219907742190045, 13.168646749095505 ], [ 80.219904898955562, 13.169544902878716 ], [ 80.220808639783471, 13.169547648579439 ], [ 80.220805801354288, 13.170445257576432 ], [ 80.219907758081575, 13.170442529013229 ], [ 80.219904895379415, 13.171346704428917 ], [ 80.219907746100731, 13.171346713095941 ], [ 80.219904895313633, 13.172247061219627 ], [ 80.219006855762174, 13.172244329167656 ], [ 80.219003991061342, 13.173147963852063 ], [ 80.218124918315368, 13.173145286277132 ], [ 80.218127768823223, 13.172247139668873 ], [ 80.217205057465748, 13.172244326122987 ], [ 80.217205048732069, 13.172247074811986 ], [ 80.216304158317698, 13.172244324600822 ], [ 80.216304149563925, 13.172247076453607 ], [ 80.215403259169776, 13.172244323078774 ], [ 80.215403250395852, 13.172247078095337 ], [ 80.214502360021953, 13.172244321556834 ], [ 80.214499478746319, 13.173147971960052 ], [ 80.213601459289393, 13.173145220872714 ], [ 80.213601450473931, 13.173147982392067 ], [ 80.21270056014194, 13.173145219350891 ], [ 80.212700551306256, 13.173147984034236 ], [ 80.21181859995788, 13.173145276014274 ], [ 80.211821473388525, 13.172247151694341 ], [ 80.210898763431857, 13.172244315470207 ], [ 80.210898754556894, 13.172247086305708 ], [ 80.209997864284631, 13.172244313948834 ], [ 80.209997855389375, 13.17224708794812 ], [ 80.209115890503071, 13.172244370766581 ], [ 80.209118773553584, 13.171346255821737 ], [ 80.209115880003139, 13.171346246902814 ], [ 80.209118771763912, 13.170445354793682 ], [ 80.209115878418686, 13.170445345875956 ], [ 80.209118769974381, 13.169544453765631 ], [ 80.209115876834346, 13.169544444849105 ], [ 80.209118768184979, 13.168643552737587 ], [ 80.208196072325904, 13.168640707558236 ], [ 80.208196063394823, 13.168643487179393 ], [ 80.207314078915417, 13.168640764434096 ], [ 80.207316967697167, 13.167742655145979 ], [ 80.206394275614585, 13.167739803680321 ], [ 80.206394266643997, 13.167742589450624 ], [ 80.20551227208496, 13.167739860654228 ], [ 80.20551516720856, 13.166841757554383 ], [ 80.204592478903123, 13.166838899803293 ], [ 80.204592469892987, 13.16684169172194 ], [ 80.203691579755983, 13.166838898283363 ], [ 80.203691570725411, 13.166841693364605 ], [ 80.202790680608956, 13.166838896763542 ], [ 80.202787755925314, 13.167743068691768 ], [ 80.2036915585429, 13.167745874517944 ], [ 80.203688658153979, 13.168643486364866 ], [ 80.202790677443417, 13.16864069843632 ], [ 80.202790668389966, 13.168643497035442 ], [ 80.201889778296731, 13.1686406969164 ], [ 80.20188685144106, 13.169544390622885 ], [ 80.20098887756744, 13.16954159623276 ], [ 80.200985945650828, 13.170445767572435 ], [ 80.200988865349629, 13.170445776663898 ], [ 80.200985943860232, 13.171346668345247 ], [ 80.200988863766113, 13.171346677437935 ], [ 80.200985942069522, 13.172247569118063 ], [ 80.200988862182442, 13.172247578211975 ], [ 80.200985941814764, 13.173147996297633 ], [ 80.20008797208942, 13.173145198057238 ], [ 80.200087962968354, 13.173148007036525 ], [ 80.199205963229204, 13.173145255501451 ], [ 80.199208882502191, 13.172247175761758 ], [ 80.199205952504357, 13.172247166616733 ], [ 80.199208880711126, 13.171346274732505 ], [ 80.198286176963663, 13.171343393345376 ], [ 80.198286167803914, 13.171346208295418 ], [ 80.197385277817901, 13.171343391825692 ], [ 80.197382333761766, 13.172247101777756 ], [ 80.19648437708976, 13.172244291141755 ], [ 80.196481428018529, 13.173148461291158 ], [ 80.196484364813458, 13.173148470489169 ], [ 80.196481426226981, 13.174049362063432 ], [ 80.197404139699486, 13.17405225052239 ], [ 80.19740414888274, 13.174049432051266 ], [ 80.198305042355898, 13.174052249002484 ], [ 80.198305051518531, 13.174049433695366 ], [ 80.199187051558283, 13.17405218850446 ], [ 80.199184131791739, 13.174950267996522 ], [ 80.199187059116767, 13.174950277135192 ], [ 80.199184130000276, 13.175851168769112 ], [ 80.200106850834956, 13.175854047893873 ], [ 80.200106859958908, 13.175851238558321 ], [ 80.20100775349124, 13.175854046373409 ], [ 80.201010685040188, 13.17495034852222 ], [ 80.201908654563809, 13.174953143887285 ], [ 80.201911584132972, 13.174048972660463 ], [ 80.201908663605266, 13.174048963574611 ], [ 80.201911580796875, 13.173148548567534 ], [ 80.202809554052692, 13.173151340435812 ], [ 80.202809563111444, 13.173148541126341 ], [ 80.203710456708293, 13.173151338915337 ], [ 80.203710465746553, 13.173148542769669 ], [ 80.204611359363767, 13.173151337394749 ], [ 80.204611368381606, 13.173148544412879 ], [ 80.205512262019127, 13.173151335874048 ], [ 80.205515176366248, 13.17224765426946 ], [ 80.206413163090559, 13.172250433388223 ], [ 80.206413172066377, 13.172247646910771 ], [ 80.20729514733182, 13.172250373416924 ], [ 80.207292257447733, 13.173148481925786 ], [ 80.208214969984553, 13.173151331311274 ], [ 80.20821497892085, 13.173148550984584 ], [ 80.209115872639458, 13.173151329790121 ], [ 80.209115881555434, 13.173148552627222 ], [ 80.209997843281968, 13.17315126997212 ], [ 80.209994964643101, 13.174048881082404 ], [ 80.209096961968811, 13.1740461141019 ], [ 80.209094058774255, 13.174950286910903 ], [ 80.210016778463199, 13.174953130198011 ], [ 80.210016787361255, 13.174950355846869 ], [ 80.210898739287913, 13.174953070408579 ], [ 80.2108958618917, 13.175851191122426 ], [ 80.210898746580469, 13.175851199996835 ], [ 80.210895860101644, 13.17675209189643 ], [ 80.210898744994907, 13.176752100772029 ], [ 80.210895858311446, 13.177652992670433 ], [ 80.210898743409217, 13.177653001547228 ], [ 80.210895856521134, 13.178553893444438 ], [ 80.211818590113225, 13.178556731012124 ], [ 80.211818598975498, 13.178553962286923 ], [ 80.212719492768386, 13.178556729489868 ], [ 80.212719501610422, 13.178553963929662 ], [ 80.213620395423433, 13.1785567279675 ], [ 80.213623281164672, 13.177653073609285 ], [ 80.214521296492734, 13.177655825480995 ], [ 80.214521305293147, 13.177653066425774 ], [ 80.215422199147426, 13.177655823958514 ], [ 80.215422207927659, 13.177653068068079 ], [ 80.216304129599195, 13.17765576446345 ], [ 80.216301271248909, 13.178553903756917 ], [ 80.217224006042443, 13.1785567218769 ], [ 80.217224014783568, 13.178553972141639 ], [ 80.218124908696907, 13.178556720353971 ], [ 80.218124917417924, 13.178553973783689 ], [ 80.219025811351258, 13.178556718830926 ], [ 80.219025820052195, 13.178553975425631 ], [ 80.21992671400551, 13.178556717307769 ], [ 80.219929578250785, 13.177652542394577 ], [ 80.219025828875203, 13.177649792002072 ], [ 80.219028677114977, 13.176751643085725 ], [ 80.218105948685348, 13.176748831836541 ], [ 80.218105939965923, 13.176751578232796 ], [ 80.217224022042146, 13.176748888216753 ], [ 80.217226876631941, 13.175850745494786 ], [ 80.217224011716567, 13.175850736751897 ], [ 80.217226873148036, 13.174950377726173 ], [ 80.218124902353296, 13.174953116499607 ], [ 80.218127770696867, 13.17404947855719 ], [ 80.219025803421474, 13.174052214013502 ], [ 80.219025812116556, 13.174049471478233 ], [ 80.219926706075142, 13.17405221249089 ], [ 80.219926714750173, 13.174049473119601 ], [ 80.220827608728683, 13.174052210968165 ], [ 80.220827617383677, 13.174049474760851 ], [ 80.221728511382096, 13.174052209445327 ], [ 80.221731368000235, 13.173148033826177 ], [ 80.221728520168938, 13.173148025187084 ], [ 80.221731364472419, 13.172247683460412 ], [ 80.222629410863433, 13.172250405996262 ], [ 80.222632262022131, 13.171346784290265 ], [ 80.223530311930475, 13.171349503510459 ], [ 80.223530320522059, 13.171346777314108 ], [ 80.224431214583191, 13.17134950198761 ], [ 80.224431223154866, 13.17134677895463 ], [ 80.225313132510919, 13.171349443146331 ], [ 80.225310308320928, 13.172247615505206 ], [ 80.226214030103492, 13.172250342628871 ], [ 80.226211210770046, 13.17314795088401 ], [ 80.22531314821687, 13.173145240666654 ], [ 80.225310304745406, 13.1740494170567 ], [ 80.225313136302091, 13.174049425607429 ], [ 80.225310304729163, 13.174949754525855 ], [ 80.224412245894982, 13.174947040821397 ], [ 80.224409400476304, 13.175850657157481 ], [ 80.223511345159835, 13.175847940136915 ], [ 80.223508494469641, 13.176752115949569 ], [ 80.223511333220372, 13.176752124543597 ], [ 80.223508492681091, 13.177653016725095 ], [ 80.223511331633048, 13.177653025320277 ], [ 80.223508490892414, 13.17855391750062 ], [ 80.223511330045596, 13.178553926096958 ], [ 80.223508489103594, 13.179454818276142 ], [ 80.223511328458031, 13.179454826873631 ], [ 80.223508489065708, 13.180355163832397 ], [ 80.222610438077496, 13.180352442807568 ], [ 80.222610429453624, 13.180355174072687 ], [ 80.221709538929829, 13.180352441283748 ], [ 80.221709530285949, 13.180355175714453 ], [ 80.220808639782263, 13.180352439760041 ], [ 80.220805779882198, 13.181256069708716 ], [ 80.219907739048011, 13.181253339074937 ], [ 80.219904873911872, 13.182157513729997 ], [ 80.219907727059194, 13.182157522411005 ], [ 80.219904872122086, 13.18305841450508 ], [ 80.220808615963278, 13.183061162828917 ], [ 80.220805772788367, 13.183959316998717 ], [ 80.221709513552852, 13.183962062311078 ], [ 80.221706673454875, 13.184860219492458 ], [ 80.221709520612734, 13.184860228136872 ], [ 80.221706671664947, 13.185761120267751 ], [ 80.222629434665478, 13.185763920441889 ], [ 80.222629443295546, 13.185761188311044 ], [ 80.223530337320199, 13.185763918917408 ], [ 80.223530345930286, 13.185761189953151 ], [ 80.224431239974805, 13.185763917392817 ], [ 80.224431248564912, 13.185761191595141 ], [ 80.225332142629298, 13.185763915868115 ], [ 80.225334986874785, 13.184860301021141 ], [ 80.22623304369553, 13.18486301338071 ], [ 80.226233052244623, 13.184860294088569 ], [ 80.227133946349682, 13.18486301185589 ], [ 80.227133954878866, 13.184860295730125 ], [ 80.22803484900372, 13.184863010330956 ], [ 80.228034857513023, 13.18486029737157 ], [ 80.22893575165763, 13.184863008805911 ], [ 80.228935760147095, 13.184860299012898 ], [ 80.229836654311427, 13.18486300728075 ], [ 80.229839481766177, 13.18395940833723 ], [ 80.230737555376521, 13.183962104793428 ], [ 80.23074038112938, 13.18305792793991 ], [ 80.230737564051992, 13.183057919487153 ], [ 80.230740377523873, 13.182157608374801 ], [ 80.231638454852899, 13.182160301344263 ], [ 80.231641275071183, 13.181256709203836 ], [ 80.232539355917538, 13.181259398857257 ], [ 80.232539364323301, 13.181256702413629 ], [ 80.233440258570411, 13.181259397332079 ], [ 80.233443071954994, 13.180355811653168 ], [ 80.234341159634596, 13.180358494845168 ], [ 80.234341167999816, 13.180355804903261 ], [ 80.235242062287128, 13.180358493319879 ], [ 80.235242070632665, 13.18035580654333 ], [ 80.236142964939532, 13.180358491794474 ], [ 80.236145770043251, 13.179454313539077 ], [ 80.23614297354375, 13.179454305209147 ], [ 80.236145768255966, 13.178553412514269 ], [ 80.236142971954663, 13.178553404185458 ], [ 80.236145766468795, 13.177652511489464 ], [ 80.235223030922569, 13.177649761631878 ], [ 80.23522302257966, 13.177652448067839 ], [ 80.234322131772956, 13.17764976010681 ], [ 80.234322123410365, 13.177652449707731 ], [ 80.233421232623442, 13.177649758581849 ], [ 80.23342122424117, 13.177652451347738 ], [ 80.232520333474042, 13.177649757057004 ], [ 80.232520325072045, 13.177652452987857 ], [ 80.231638465583188, 13.177649812548562 ], [ 80.231641267957684, 13.176751619045227 ], [ 80.231638455573403, 13.176751610620176 ], [ 80.231641264340723, 13.175851304452436 ], [ 80.232539346389331, 13.175853993086173 ], [ 80.232542161889768, 13.174950405280661 ], [ 80.2334402474538, 13.174953090599905 ], [ 80.233440255831965, 13.17495039851736 ], [ 80.234341150105749, 13.174953089075377 ], [ 80.234343958776066, 13.174049507728473 ], [ 80.235242051169749, 13.174052186589202 ], [ 80.235242059507442, 13.17404950100538 ], [ 80.236142953821329, 13.174052185064561 ], [ 80.236142962139397, 13.174049502644696 ], [ 80.237043856472809, 13.174052183539803 ], [ 80.237046654999432, 13.173148611795066 ], [ 80.237944757536127, 13.17315128105373 ], [ 80.237947554438435, 13.172247101910305 ], [ 80.237944766113898, 13.172247093628522 ], [ 80.237947552652386, 13.171346200885724 ], [ 80.237944764525579, 13.171346192605055 ], [ 80.237947550866465, 13.170445299861157 ], [ 80.237944762937374, 13.170445291581599 ], [ 80.237947549080673, 13.169544398836578 ], [ 80.237944761349283, 13.169544390558137 ], [ 80.237947547295008, 13.168643497812008 ], [ 80.237043865414449, 13.168640812823703 ], [ 80.237046646163947, 13.167742598502013 ], [ 80.236142961206042, 13.167739910502485 ], [ 80.236145745032658, 13.166841699191918 ], [ 80.235223049974095, 13.166838951548101 ], [ 80.235223041644616, 13.166841635939253 ], [ 80.234322150823061, 13.166838950024337 ], [ 80.234319343670037, 13.167742530243775 ], [ 80.233421250085442, 13.167739849340764 ], [ 80.233421241715533, 13.167742540227838 ], [ 80.232520350934763, 13.167739847817115 ], [ 80.232520342545172, 13.167742541866948 ], [ 80.231638448106764, 13.167739903165488 ], [ 80.231641248302168, 13.166841707766507 ], [ 80.230737543898726, 13.166839000845473 ], [ 80.230740347169515, 13.165940808456318 ], [ 80.230737533884394, 13.16594080002511 ], [ 80.23074034538341, 13.165039907430886 ], [ 80.229836638103407, 13.165037197672952 ], [ 80.229839442429792, 13.164139590919405 ], [ 80.230737520458732, 13.164142283627751 ], [ 80.230740339982006, 13.163238691746837 ], [ 80.231638421523741, 13.163241381142868 ], [ 80.231641239372919, 13.162337202639877 ], [ 80.231638430178251, 13.162337194232924 ], [ 80.231641237587439, 13.161436301614559 ], [ 80.231638428592106, 13.161436293208732 ], [ 80.231641235802101, 13.160535400589239 ], [ 80.230718565321027, 13.160532638052155 ], [ 80.230718556901067, 13.160535337056078 ], [ 80.229836630167597, 13.160532693409101 ], [ 80.229839435321992, 13.159634502992802 ], [ 80.22893572596152, 13.159631791090241 ], [ 80.228938534188941, 13.158733603681771 ], [ 80.228034821755699, 13.158730888771657 ], [ 80.228037633055663, 13.157832704370637 ], [ 80.228034811693789, 13.157832695890361 ], [ 80.228037631270354, 13.156931803344888 ], [ 80.228034810108738, 13.156931794865754 ], [ 80.228037629485172, 13.156030902319142 ], [ 80.228034808523816, 13.156030893841148 ], [ 80.228037627700118, 13.155130001293402 ], [ 80.228034806939021, 13.155129992816546 ], [ 80.228037625915192, 13.154229100267656 ], [ 80.227114979808107, 13.154226326087983 ], [ 80.227112148971315, 13.155129929055331 ], [ 80.226214079072463, 13.155127225405936 ], [ 80.226214070560459, 13.155129939180933 ], [ 80.225332107554209, 13.155127280965338 ], [ 80.225334927869241, 13.154229105410536 ], [ 80.225332097438269, 13.154229096875378 ], [ 80.225334924297769, 13.153328773326679 ], [ 80.226232988189111, 13.153331479688552 ], [ 80.226235823648068, 13.152427301644215 ], [ 80.226232996908593, 13.152427293131188 ], [ 80.22623582186327, 13.151526400618261 ], [ 80.226232995324537, 13.151526392106382 ], [ 80.226235818282106, 13.150626072571249 ], [ 80.227114967366063, 13.150628718376858 ], [ 80.227112154308372, 13.151526901090339 ], [ 80.228034790321431, 13.151529674721489 ], [ 80.228034798788528, 13.151526968126907 ], [ 80.228916764147542, 13.151529616396243 ], [ 80.228913957430009, 13.152427805293943 ], [ 80.229836597204454, 13.152430572641572 ], [ 80.22983660563321, 13.152427872193213 ], [ 80.230737499853916, 13.152430571120217 ], [ 80.230737508262962, 13.152427873831002 ], [ 80.231638402503279, 13.152430569598748 ], [ 80.231638410892629, 13.15242787546868 ], [ 80.2325393051525, 13.152430568077165 ], [ 80.232539313522196, 13.15242787710624 ], [ 80.233421258479922, 13.152430510018378 ], [ 80.233418469774435, 13.153328115706634 ], [ 80.232520376305132, 13.153325434377791 ], [ 80.232517565527729, 13.154229018334503 ], [ 80.231619475568067, 13.154226333695826 ], [ 80.231616659437478, 13.155130512764144 ], [ 80.231619463746611, 13.155130521152451 ], [ 80.231616657653007, 13.156031413540685 ], [ 80.231619462161234, 13.156031421930122 ], [ 80.231616655868422, 13.156932314317222 ], [ 80.231619460575729, 13.156932322707787 ], [ 80.231616654083695, 13.157833215093763 ], [ 80.23161945899011, 13.157833223485456 ], [ 80.23161665229884, 13.158734115870301 ], [ 80.231619457404364, 13.158734124263122 ], [ 80.231616650513857, 13.159635016646837 ], [ 80.232520346602669, 13.159637719074617 ], [ 80.23251755118342, 13.160535919137642 ], [ 80.232520353395458, 13.160535927513038 ], [ 80.23251754939831, 13.161436819914289 ], [ 80.233421242610717, 13.161439519505695 ], [ 80.233418450068072, 13.162337722405306 ], [ 80.234341127889252, 13.162340475612197 ], [ 80.234341136232004, 13.162337789082429 ], [ 80.235242030539425, 13.162340474089083 ], [ 80.235244833103096, 13.161436898256706 ], [ 80.236142931603297, 13.161439571604394 ], [ 80.23614573253667, 13.160535392018456 ], [ 80.235242045882103, 13.160532702208156 ], [ 80.235244831405225, 13.159634492707506 ], [ 80.235242035974323, 13.15963448438257 ], [ 80.235244829620598, 13.158733591682624 ], [ 80.235242034388094, 13.15873358335881 ], [ 80.235244827836098, 13.157832690657747 ], [ 80.235242032801992, 13.157832682335048 ], [ 80.235244826051741, 13.156931789632871 ], [ 80.235242031216018, 13.156931781311295 ], [ 80.235244824267482, 13.156030888607997 ], [ 80.235242029630157, 13.15603088028754 ], [ 80.235244822483352, 13.155129987583123 ], [ 80.235242028044439, 13.155129979263785 ], [ 80.235244818822892, 13.154229691918719 ], [ 80.23614291891829, 13.154232363912664 ], [ 80.236145718263117, 13.153328183820317 ], [ 80.23614292751077, 13.1533281755228 ], [ 80.236145714593746, 13.152427891951749 ], [ 80.237024855216021, 13.152430504155122 ], [ 80.237022077730089, 13.153328721489801 ], [ 80.237925752813354, 13.153331403637369 ], [ 80.23792298030186, 13.154229008627354 ], [ 80.237024870483793, 13.154226342828956 ], [ 80.237022074162923, 13.155130523044196 ], [ 80.237024858730464, 13.155130531314848 ], [ 80.237022072379162, 13.156031423821391 ], [ 80.237925748051822, 13.156034106482176 ], [ 80.237922973050146, 13.156932326311747 ], [ 80.237925754722326, 13.156932334565093 ], [ 80.237922971266229, 13.157833227089052 ], [ 80.238826644060495, 13.157835906912 ], [ 80.23882387384333, 13.158733512056033 ], [ 80.237925761707871, 13.158730848554534 ], [ 80.237922969595317, 13.159634414683355 ], [ 80.237024860969385, 13.159631747871906 ], [ 80.237022063458411, 13.160535927707334 ], [ 80.23794473531656, 13.160538667596573 ], [ 80.237944743578751, 13.160535994051857 ], [ 80.238826639296732, 13.160538609756454 ], [ 80.238823866584923, 13.161436831911832 ], [ 80.238826645952557, 13.161436840151206 ], [ 80.238823864800494, 13.162337732689233 ], [ 80.238826644365361, 13.162337740929715 ], [ 80.238823863015952, 13.16323863346663 ], [ 80.238826642778051, 13.163238641708219 ], [ 80.238823861231282, 13.164139534244025 ], [ 80.239746546962294, 13.164142268393839 ], [ 80.239746555189882, 13.164139600493289 ], [ 80.240647449612041, 13.164142266869824 ], [ 80.240647457820131, 13.164139602131028 ], [ 80.24154835226166, 13.164142265345701 ], [ 80.241551133966937, 13.16323808480959 ], [ 80.241548360788983, 13.163238076616953 ], [ 80.241551132182622, 13.162337183785462 ], [ 80.241548359201417, 13.162337175593926 ], [ 80.241551128470363, 13.161436909583756 ], [ 80.242449250149761, 13.161439560939391 ], [ 80.242452027960255, 13.16053538002407 ], [ 80.242449258664251, 13.160535371854177 ], [ 80.242452026176437, 13.159634479000056 ], [ 80.24244925707697, 13.159634470831262 ], [ 80.242452024392733, 13.158733577976045 ], [ 80.242449255489802, 13.158733569808348 ], [ 80.242452022609172, 13.157832676952038 ], [ 80.242449253902763, 13.15783266878544 ], [ 80.242452018886851, 13.15693240723672 ], [ 80.243350144865019, 13.156935054612402 ], [ 80.243352918388766, 13.156030873191533 ], [ 80.243350153365895, 13.156030865046537 ], [ 80.243352916605701, 13.155129972167638 ], [ 80.243350151779126, 13.155129964023738 ], [ 80.243352914822765, 13.154229071143744 ], [ 80.242449255713495, 13.154226407966657 ], [ 80.242452013693239, 13.153328171832019 ], [ 80.242449245969453, 13.153328163670915 ], [ 80.242452009968702, 13.152427903271901 ], [ 80.243350136934382, 13.152430549809376 ], [ 80.243350145069911, 13.15242789674809 ], [ 80.24425103958211, 13.152430548286324 ], [ 80.244251047698285, 13.15242789838417 ], [ 80.245151942229754, 13.15243054676316 ], [ 80.245154708168201, 13.151526364648506 ], [ 80.244232068469501, 13.151523652488722 ], [ 80.244232060353724, 13.151526302391053 ], [ 80.24333116931534, 13.151523650965675 ], [ 80.24333116118018, 13.151526304027135 ], [ 80.242430270161279, 13.151523649442742 ], [ 80.242430262006735, 13.151526305663333 ], [ 80.241548348334391, 13.151523703938025 ], [ 80.241551108998038, 13.150625470471974 ], [ 80.241548338574717, 13.150625462294755 ], [ 80.241551107215486, 13.149724569447873 ], [ 80.241548336988927, 13.149724561271753 ], [ 80.241551105433075, 13.148823668423775 ], [ 80.240647440956977, 13.14882099991009 ], [ 80.240650204303137, 13.147922769111409 ], [ 80.239727579040135, 13.147920041511423 ], [ 80.23972479592787, 13.148823599337419 ], [ 80.238845635723266, 13.148820996978129 ], [ 80.238848405607527, 13.147922772535225 ], [ 80.238845625909292, 13.147922764302958 ], [ 80.238848403825017, 13.147021871510798 ], [ 80.237925782316637, 13.147019137626863 ], [ 80.237925774070376, 13.14702180879379 ], [ 80.237024883162675, 13.147019136105152 ], [ 80.237022088428546, 13.14792331682658 ], [ 80.23702487141459, 13.147923325088335 ], [ 80.23702208664578, 13.148824217603785 ], [ 80.237024869829497, 13.148824225866651 ], [ 80.237022086758529, 13.149724505197852 ], [ 80.236123979255538, 13.149721837104636 ], [ 80.236123970966887, 13.14972451509864 ], [ 80.235223080102173, 13.149721835582822 ], [ 80.235223071793953, 13.149724516735565 ], [ 80.234341124223235, 13.14972189050294 ], [ 80.234343910649741, 13.148823682121684 ], [ 80.234341114310908, 13.148823673790588 ], [ 80.234343908866506, 13.147922781096714 ], [ 80.233440218434296, 13.147920087331272 ], [ 80.23344300586983, 13.147022482346497 ], [ 80.234341100945031, 13.147025159263427 ], [ 80.23434390342679, 13.146121583171512 ], [ 80.235242002009272, 13.146124256780553 ], [ 80.235244800984034, 13.145220683996266 ], [ 80.236142903073286, 13.145223354297784 ], [ 80.236145698541549, 13.144319784820748 ], [ 80.237043804137059, 13.144322451815119 ], [ 80.237043812398767, 13.14431977817055 ], [ 80.23794470678456, 13.144322450293835 ], [ 80.237944715026757, 13.144319779806604 ], [ 80.238845609431934, 13.144322448772444 ], [ 80.238845617654661, 13.144319781442539 ], [ 80.239727567047879, 13.144322391223787 ], [ 80.239724801136489, 13.145220619629873 ], [ 80.240647416310736, 13.145223346690273 ], [ 80.240647424495677, 13.145220685505741 ], [ 80.241548318957896, 13.145223345168432 ], [ 80.241548327123411, 13.145220687141423 ], [ 80.242449221604929, 13.145223343646478 ], [ 80.242449229751074, 13.145220688776993 ], [ 80.243331162204214, 13.145223286309221 ], [ 80.243328409170445, 13.146121527252843 ], [ 80.244232059803323, 13.146124185790979 ], [ 80.244229309843149, 13.147022429742004 ], [ 80.244232066326276, 13.147022437847255 ], [ 80.244229308061449, 13.147923330520083 ], [ 80.244232064740388, 13.147923338626425 ], [ 80.244229306279635, 13.148824231298157 ], [ 80.244232063154385, 13.148824239405592 ], [ 80.244229304497679, 13.149725132076233 ], [ 80.244232061568255, 13.149725140184758 ], [ 80.244229302715596, 13.15062603285431 ], [ 80.245151939057905, 13.150628744842372 ], [ 80.24515470460392, 13.149724562601175 ], [ 80.245151947532761, 13.149724554502548 ], [ 80.245154700854357, 13.148824304949114 ], [ 80.2460528385336, 13.148826941398731 ], [ 80.246055600387194, 13.147922758842665 ], [ 80.246052846996051, 13.147922750765531 ], [ 80.246055598605608, 13.147021857819112 ], [ 80.246052845410048, 13.147021849743064 ], [ 80.246055596824164, 13.146120956795562 ], [ 80.245151949278679, 13.146118304678611 ], [ 80.245154695695433, 13.145220057482856 ], [ 80.245151939603346, 13.145220049389682 ], [ 80.245154693914102, 13.144319156459202 ], [ 80.245151938017827, 13.144319148367117 ], [ 80.245154692132914, 13.143418255435547 ], [ 80.245151936432421, 13.143418247344551 ], [ 80.245154690351839, 13.142517354411897 ], [ 80.245151934847172, 13.14251734632199 ], [ 80.245154686598781, 13.141617098603295 ], [ 80.246052825852246, 13.141619733716302 ], [ 80.246055586138084, 13.140715550654278 ], [ 80.246052834311527, 13.140715542585836 ], [ 80.246055584357507, 13.139814649630738 ], [ 80.245151938174217, 13.139811998698605 ], [ 80.245154683228847, 13.13891375031729 ], [ 80.245151928507383, 13.13891374223174 ], [ 80.245154681448412, 13.138012849293641 ], [ 80.24515192692273, 13.13801284120918 ], [ 80.245154679668104, 13.137111948269997 ], [ 80.24515192533822, 13.137111940186626 ], [ 80.245154677887925, 13.136211047246354 ], [ 80.245151923753838, 13.136211039164071 ], [ 80.245154676107873, 13.135310146222716 ], [ 80.245151922169569, 13.135310138141522 ], [ 80.245154674327935, 13.134409245199073 ], [ 80.245151920585428, 13.134409237118968 ], [ 80.245154670570926, 13.133508991464273 ], [ 80.246052811595305, 13.133511625073393 ], [ 80.246055570117505, 13.132607441442472 ], [ 80.246052820050977, 13.132607433383809 ], [ 80.246055568338065, 13.131706540418941 ], [ 80.246052818467106, 13.131706532361369 ], [ 80.246055566558766, 13.130805639395421 ], [ 80.246052816883335, 13.130805631338934 ], [ 80.246055564779581, 13.129904738371895 ], [ 80.24605281529972, 13.129904730316495 ], [ 80.246055563000525, 13.129003837348375 ], [ 80.246052813716204, 13.129003829294062 ], [ 80.24605556122161, 13.128102936324854 ], [ 80.246052812132845, 13.128102928271625 ], [ 80.246055557453886, 13.12720268752574 ], [ 80.246934790663261, 13.127205261496972 ], [ 80.246932054586125, 13.128103518527995 ], [ 80.247854607384639, 13.128106216270323 ], [ 80.247854615394402, 13.12810358353221 ], [ 80.248755510028644, 13.128106214749646 ], [ 80.248755518019223, 13.128103585165237 ], [ 80.249656412672536, 13.128106213228859 ], [ 80.249656420643944, 13.128103586798149 ], [ 80.250557315316314, 13.128106211707959 ], [ 80.250557323268595, 13.128103588430942 ], [ 80.251458217959964, 13.128106210186944 ], [ 80.251458225893145, 13.128103590063626 ], [ 80.252359120603529, 13.128106208665816 ], [ 80.252359128517611, 13.128103591696194 ], [ 80.253260023246952, 13.128106207144574 ], [ 80.253260031141977, 13.128103593328644 ], [ 80.254160925890275, 13.128106205623222 ], [ 80.254160933766258, 13.128103594960988 ], [ 80.255061828533471, 13.128106204101755 ], [ 80.255061836390453, 13.128103596593212 ], [ 80.255962731176552, 13.128106202580174 ], [ 80.255962739014535, 13.128103598225328 ], [ 80.256863633819535, 13.128106201058484 ], [ 80.256863641638532, 13.128103599857326 ], [ 80.257764536462389, 13.128106199536679 ], [ 80.257764544262443, 13.128103601489208 ], [ 80.25866543910513, 13.128106198014763 ], [ 80.258668148232005, 13.127202710112506 ], [ 80.259566340163275, 13.12720529553401 ], [ 80.259566347924448, 13.12720270395903 ], [ 80.26046724280566, 13.127205294011979 ], [ 80.260469947246165, 13.12630110695598 ], [ 80.260467251072811, 13.126301099209769 ], [ 80.260469943358615, 13.125400911748251 ], [ 80.261368142278869, 13.125403490572825 ], [ 80.261368150000251, 13.125400905634235 ], [ 80.262250080052809, 13.125403434699399 ], [ 80.262247399845791, 13.126301745995899 ], [ 80.262250086170326, 13.126301753695238 ], [ 80.262247398069334, 13.127202646776189 ], [ 80.263150976070222, 13.127205235125242 ], [ 80.263148298747112, 13.128103549263033 ], [ 80.264070854959215, 13.128106188880894 ], [ 80.264070862627278, 13.128103612909216 ], [ 80.264971757601145, 13.128106187358185 ], [ 80.264974445760743, 13.127201999445028 ], [ 80.264971765810529, 13.127201991791841 ], [ 80.264974441837694, 13.126301820604024 ], [ 80.265872657072478, 13.12630438391945 ], [ 80.265872664700979, 13.126301814582543 ], [ 80.266773559713954, 13.126304382396736 ], [ 80.266776240903198, 13.125400193990691 ], [ 80.266773567899293, 13.125400186377027 ], [ 80.266776239127452, 13.124499292969681 ], [ 80.266773566313717, 13.124499285357043 ], [ 80.266776237351834, 13.12359839194867 ], [ 80.266773564728283, 13.123598384337059 ], [ 80.266776235576359, 13.122697490927662 ], [ 80.266773563142962, 13.122697483317078 ], [ 80.266776233801011, 13.121796589906655 ], [ 80.26677356155777, 13.121796582297097 ], [ 80.266776232025776, 13.12089568888565 ], [ 80.266773559972705, 13.120895681277117 ], [ 80.26677623025067, 13.119994787864648 ], [ 80.265853703733427, 13.119992159538601 ], [ 80.265851022473484, 13.12089562128287 ], [ 80.264952802988091, 13.120893058860421 ], [ 80.264950116087149, 13.121797247211441 ], [ 80.265853683160174, 13.121799825054339 ], [ 80.265851018921865, 13.122697423296012 ], [ 80.264952799819099, 13.122694860547963 ], [ 80.264952792175308, 13.122697432546572 ], [ 80.264051900658529, 13.122694859025803 ], [ 80.26404921222327, 13.123598327526214 ], [ 80.263150999913634, 13.123595758347314 ], [ 80.263150992231274, 13.123598336815595 ], [ 80.26225010075342, 13.123595756825271 ], [ 80.262250093052259, 13.123598338446429 ], [ 80.261368156668638, 13.123595809686051 ], [ 80.261370839488578, 13.122697501162669 ], [ 80.261368147364237, 13.122697493439484 ], [ 80.261370837712505, 13.121796600141005 ], [ 80.261368145779755, 13.121796592418866 ], [ 80.261370833815732, 13.120896409386393 ], [ 80.262269036999712, 13.120898984258766 ], [ 80.262269044697064, 13.120896403295866 ], [ 80.26316993964096, 13.120898982737154 ], [ 80.263169947319511, 13.120896404926329 ], [ 80.264070842282081, 13.120898981215429 ], [ 80.26407353006303, 13.119995513426295 ], [ 80.264971743338876, 13.119998078735509 ], [ 80.264974427628317, 13.119094614242499 ], [ 80.265872644395458, 13.119097176255687 ], [ 80.265875327352575, 13.11819298752765 ], [ 80.265872652589351, 13.118192979903505 ], [ 80.265875325577738, 13.117292086506547 ], [ 80.265872651004898, 13.117292078883427 ], [ 80.265875321643307, 13.116391913467883 ], [ 80.266754591866686, 13.116394417916293 ], [ 80.266751929869358, 13.11729274671799 ], [ 80.266754597880819, 13.117292754313297 ], [ 80.266751928094749, 13.118193647498838 ], [ 80.267655487887055, 13.118196218341774 ], [ 80.267652828773791, 13.119094549984588 ], [ 80.26765549388422, 13.119094557563287 ], [ 80.26765282699904, 13.119995450765549 ], [ 80.268575353901284, 13.119998072647473 ], [ 80.26857536146656, 13.119995513912198 ], [ 80.269476256541608, 13.119998071125178 ], [ 80.269478926519426, 13.119093881728958 ], [ 80.269476264689331, 13.119093874178439 ], [ 80.269478924744931, 13.118192980708285 ], [ 80.269476263104281, 13.118192973158786 ], [ 80.269478922970549, 13.11729207968761 ], [ 80.268575366453618, 13.117289515415871 ], [ 80.268578021848157, 13.116391180371396 ], [ 80.267655508393247, 13.116388559206481 ], [ 80.267655500812737, 13.116391120603803 ], [ 80.266773559648229, 13.116388611628651 ], [ 80.266776221377043, 13.115490282759652 ], [ 80.266773550464933, 13.115490275157278 ], [ 80.26677621960269, 13.114589381738657 ], [ 80.266773548880735, 13.114589374137312 ], [ 80.266776217828479, 13.113688480717665 ], [ 80.266773547296665, 13.113688473117346 ], [ 80.266776216054367, 13.112787579696674 ], [ 80.265872650698071, 13.11278500673815 ], [ 80.265875314931336, 13.111886680379937 ], [ 80.264952818825591, 13.111884050422855 ], [ 80.264952811194163, 13.111886620454266 ], [ 80.264051919663629, 13.111884048902001 ], [ 80.264049233529775, 13.112787515445193 ], [ 80.263151018918819, 13.112784948224784 ], [ 80.263148329295078, 13.113688418062914 ], [ 80.262250118174236, 13.113685847547469 ], [ 80.262250110484501, 13.113688427358777 ], [ 80.261349219012828, 13.113685846026735 ], [ 80.261346520475698, 13.114590034146925 ], [ 80.262250099078202, 13.114592623348925 ], [ 80.26224742115339, 13.115490936632268 ], [ 80.262250105184762, 13.115490944319145 ], [ 80.262247419378454, 13.116391837412582 ], [ 80.263150995099991, 13.116394423776004 ], [ 80.263148320056359, 13.117292739898135 ], [ 80.263151001189485, 13.117292747568312 ], [ 80.263148320418352, 13.118192923097123 ], [ 80.262250110257554, 13.118190351764618 ], [ 80.262247416182163, 13.119093825715559 ], [ 80.261349209513142, 13.119091251086664 ], [ 80.261349201798367, 13.119093835037077 ], [ 80.260448310352572, 13.11909124956539 ], [ 80.260448302618968, 13.11909383666768 ], [ 80.259547411192102, 13.119091248044228 ], [ 80.25954470491817, 13.119995435416429 ], [ 80.259547399748371, 13.119995443164981 ], [ 80.259544705248487, 13.12089563256529 ], [ 80.258665444078403, 13.120893102723292 ], [ 80.258668136114295, 13.119994803215732 ], [ 80.25866543472128, 13.119994795439078 ], [ 80.258668134338251, 13.119093902193754 ], [ 80.257745612871531, 13.119091245002245 ], [ 80.257745605081297, 13.11909384156017 ], [ 80.256844713711416, 13.119091243481423 ], [ 80.256844705902253, 13.119093843191232 ], [ 80.255943814551415, 13.119091241960714 ], [ 80.25594109510746, 13.119995428591675 ], [ 80.255943803062152, 13.119995436415868 ], [ 80.25594109333106, 13.120896329371218 ], [ 80.255943801478509, 13.120896337196466 ], [ 80.255941091554547, 13.121797230150758 ], [ 80.255943799894709, 13.121797237977061 ], [ 80.255941091853373, 13.122697441029498 ], [ 80.255061836801573, 13.122694898574888 ], [ 80.25506454227073, 13.121796612086193 ], [ 80.254142011483054, 13.12179394144702 ], [ 80.254142003613779, 13.121796551111487 ], [ 80.253241112323749, 13.121793939926322 ], [ 80.25324110443546, 13.121796552743275 ], [ 80.252340213164558, 13.121793938405736 ], [ 80.252340205257227, 13.121796554375175 ], [ 80.251439314005466, 13.121793936885261 ], [ 80.251436579553143, 13.122697449093808 ], [ 80.250538413263811, 13.12269483620693 ], [ 80.250538405317258, 13.122697458648494 ], [ 80.249637514105075, 13.12269483468658 ], [ 80.249634770833524, 13.123599019759165 ], [ 80.249637502533631, 13.123599027720902 ], [ 80.249634771077268, 13.12449925433654 ], [ 80.248736611781197, 13.124496634849971 ], [ 80.248736603794214, 13.124499263931979 ], [ 80.247835712622916, 13.12449663332962 ], [ 80.247835704616776, 13.124499265564729 ], [ 80.246934813464762, 13.124496631809384 ], [ 80.246934805439423, 13.124499267197594 ], [ 80.246033914306722, 13.124496630289265 ], [ 80.246031157469517, 13.125400814484424 ], [ 80.246033902688524, 13.125400822525013 ], [ 80.246031157680619, 13.126301062808151 ], [ 80.245133011983967, 13.12629843045203 ], [ 80.245130253441673, 13.127201965430823 ], [ 80.244232111243903, 13.127199329773202 ], [ 80.244232103157586, 13.127201975126299 ], [ 80.243350110756396, 13.127199383810918 ], [ 80.24335285961422, 13.126301139403857 ], [ 80.242430314511594, 13.126298425892026 ], [ 80.242427546062729, 13.127201970273751 ], [ 80.241548305528724, 13.127199380882978 ], [ 80.241551060913693, 13.126301142821779 ], [ 80.240647401331216, 13.126298478565403 ], [ 80.24065015978401, 13.125400243506739 ], [ 80.239746497133979, 13.125397576248107 ], [ 80.239749258654115, 13.124499344191602 ], [ 80.238845592936983, 13.124496673931098 ], [ 80.238848357523992, 13.123598444876356 ], [ 80.238845583156277, 13.123598436673987 ], [ 80.238848355744878, 13.122697543851977 ], [ 80.23792582505196, 13.122694814932215 ], [ 80.237925816835656, 13.122697481511588 ], [ 80.2370437845438, 13.122694869297922 ], [ 80.237046553349472, 13.121797266626945 ], [ 80.237944667223971, 13.121799926260977 ], [ 80.237944675438442, 13.121797260021671 ], [ 80.238845569868403, 13.121799924742302 ], [ 80.238848350256958, 13.120896369062871 ], [ 80.239746470931692, 13.120899022262387 ], [ 80.239746479106259, 13.120896362497243 ], [ 80.240647373575783, 13.120899020743593 ], [ 80.24064738173098, 13.120896364130557 ], [ 80.241548276219774, 13.120899019224691 ], [ 80.241551048462441, 13.119994835653412 ], [ 80.241548284727799, 13.119994827513571 ], [ 80.241551044729249, 13.119094572318975 ], [ 80.242449175701239, 13.119097215784061 ], [ 80.242449183815594, 13.119094565813134 ], [ 80.243331208161663, 13.119097158822855 ], [ 80.243328460784412, 13.119995404690931 ], [ 80.243331214675038, 13.119995412782744 ], [ 80.243328459006378, 13.120896305468953 ], [ 80.243331213093001, 13.120896313561852 ], [ 80.24332845919723, 13.121796562606493 ], [ 80.242430322420972, 13.12179392168674 ], [ 80.242427552998834, 13.122698105316628 ], [ 80.243331201828951, 13.122700762614288 ], [ 80.243328453671566, 13.123599007803005 ], [ 80.244250988896269, 13.123601717549045 ], [ 80.244250996977499, 13.123599073038783 ], [ 80.245151891540132, 13.123601716029365 ], [ 80.245151899602121, 13.123599074671796 ], [ 80.246052794183882, 13.123601714509569 ], [ 80.246055550550707, 13.122697530183773 ], [ 80.245151908064429, 13.122694882468201 ], [ 80.245154647437701, 13.121797281152404 ], [ 80.246052791019807, 13.121799912588841 ], [ 80.246055546994739, 13.120895728136757 ], [ 80.246052799470291, 13.120895720092211 ], [ 80.246055543223562, 13.11999548117927 ], [ 80.246953690499396, 13.119998109148636 ], [ 80.24695369851861, 13.119995474768235 ], [ 80.247854593142449, 13.119998107629053 ], [ 80.247854601142492, 13.119995476400543 ], [ 80.248755495785389, 13.119998106109353 ], [ 80.248758239473901, 13.119094585225064 ], [ 80.249656396846163, 13.119097203629602 ], [ 80.249656404806842, 13.119094578872229 ], [ 80.250557299488761, 13.119097202109792 ], [ 80.250557307430327, 13.119094580504102 ], [ 80.251458202131246, 13.119097200589867 ], [ 80.251460935724296, 13.118193689269509 ], [ 80.252359103191324, 13.118196298110215 ], [ 80.252361835338277, 13.117292112093528 ], [ 80.25145821684923, 13.117289487587628 ], [ 80.251460934211465, 13.116391212777376 ], [ 80.250557312654124, 13.11638858526913 ], [ 80.25056003308444, 13.115490313461125 ], [ 80.25055730313305, 13.115490305518831 ], [ 80.250560029272933, 13.114590084481911 ], [ 80.251458194221556, 13.11459269579124 ], [ 80.251460926839258, 13.113689185300288 ], [ 80.252359095281676, 13.113691793312118 ], [ 80.252359103178705, 13.113689179010308 ], [ 80.253259997923237, 13.113691791792617 ], [ 80.253260005801238, 13.113689180641286 ], [ 80.254160900564671, 13.113691790273002 ], [ 80.254163625158469, 13.112787603567888 ], [ 80.253260014154819, 13.112784986240378 ], [ 80.253262724032183, 13.111886704251198 ], [ 80.253260004695306, 13.111886696370334 ], [ 80.253262722256579, 13.11098580322858 ], [ 80.253260003113368, 13.110985795348782 ], [ 80.253262720481118, 13.110084902205966 ], [ 80.253260001531544, 13.110084894327226 ], [ 80.253262718705784, 13.109184001183351 ], [ 80.252359105212562, 13.109181381357331 ], [ 80.252361817579313, 13.108283101866238 ], [ 80.251439337732506, 13.108280424253435 ], [ 80.251436606206454, 13.109183933973704 ], [ 80.250557299991328, 13.109181378431421 ], [ 80.250560018876413, 13.108283105277565 ], [ 80.249637539411154, 13.108280421216088 ], [ 80.249637531462653, 13.108283044132673 ], [ 80.248736640250655, 13.108280419697584 ], [ 80.248736632283055, 13.108283045763649 ], [ 80.24783574109027, 13.108280418179191 ], [ 80.247835733103557, 13.108283047394742 ], [ 80.246934841930013, 13.10828041666092 ], [ 80.246934833924144, 13.108283049025943 ], [ 80.246052785354905, 13.108280470263967 ], [ 80.246055518339958, 13.107382870072996 ], [ 80.246953668366643, 13.107385495704749 ], [ 80.246956415908116, 13.106481970891565 ], [ 80.247854569427972, 13.106484593226499 ], [ 80.247854577411829, 13.106481964514469 ], [ 80.248755472069149, 13.106484591708433 ], [ 80.248755480033893, 13.106481966145283 ], [ 80.249656374710213, 13.106484590190254 ], [ 80.249656382655857, 13.106481967775979 ], [ 80.25053842383889, 13.106484533855305 ], [ 80.250535705260774, 13.107382807446557 ], [ 80.251458181572588, 13.107385488113309 ], [ 80.25145818948117, 13.107382871829801 ], [ 80.252359084213438, 13.107385486594682 ], [ 80.252361814029015, 13.106481299820787 ], [ 80.252359092576398, 13.106481291927297 ], [ 80.252361812254065, 13.105580398798079 ], [ 80.251439342474526, 13.10557772172713 ], [ 80.251439334567365, 13.105580337843829 ], [ 80.250557293662936, 13.105577775012666 ], [ 80.25056001177542, 13.104679501185824 ], [ 80.250557284156216, 13.104679493256391 ], [ 80.250560007958825, 13.10377927495689 ], [ 80.251458175251074, 13.103781884274293 ], [ 80.251460907577879, 13.102877697434897 ], [ 80.251458183624052, 13.102877689526647 ], [ 80.251460905803313, 13.101976796412078 ], [ 80.251458182043592, 13.101976788504897 ], [ 80.251460904028889, 13.101075895389258 ], [ 80.250538451213743, 13.101073215998817 ], [ 80.250535717952857, 13.101976727520693 ], [ 80.249656384726691, 13.101974170131916 ], [ 80.249659105323914, 13.101075898799069 ], [ 80.24873665289077, 13.101073212963437 ], [ 80.248736644931768, 13.101075837688805 ], [ 80.247835753729433, 13.101073211445916 ], [ 80.247833010582269, 13.10197673235446 ], [ 80.246934852988886, 13.101974110770055 ], [ 80.246932106349988, 13.102877634974353 ], [ 80.246033952248567, 13.102875010094081 ], [ 80.246031200113933, 13.103779195803853 ], [ 80.246033940645972, 13.103779203818434 ], [ 80.246031200341491, 13.104679438603075 ], [ 80.245133049928995, 13.104676810259351 ], [ 80.24513029411375, 13.105580995654645 ], [ 80.245133038313753, 13.10558100369057 ], [ 80.24513029233799, 13.106481896432905 ], [ 80.245133036733492, 13.106481904469918 ], [ 80.245130290562088, 13.107382797211171 ], [ 80.245133035153103, 13.107382805249264 ], [ 80.245130288786072, 13.108283697989432 ], [ 80.2451330335726, 13.108283706028615 ], [ 80.245130287009928, 13.109184598767692 ], [ 80.245133031991969, 13.109184606807963 ], [ 80.245130285233657, 13.110085499545949 ], [ 80.24513303041121, 13.1100855075873 ], [ 80.245130285448582, 13.110985747275427 ], [ 80.244232139709553, 13.110983114630473 ], [ 80.244229381213771, 13.111886649896757 ], [ 80.243350083847545, 13.111884069293138 ], [ 80.243352829390147, 13.110985821998799 ], [ 80.242430341390758, 13.110983111594283 ], [ 80.24243033328554, 13.110985760213676 ], [ 80.241529442231524, 13.110983110076356 ], [ 80.24152667384115, 13.111886654735393 ], [ 80.240628541492526, 13.111884009399349 ], [ 80.240628533347589, 13.111886664488303 ], [ 80.239746473399606, 13.111884063444057 ], [ 80.23974923198071, 13.110985828827692 ], [ 80.238826744754519, 13.110983105523252 ], [ 80.238826736571994, 13.110985766743019 ], [ 80.237944666594018, 13.110983159666665 ], [ 80.237947431497858, 13.110084931218351 ], [ 80.237944656812488, 13.110084923013185 ], [ 80.237947429720521, 13.109184030193886 ], [ 80.237024949595565, 13.109181300807675 ], [ 80.237024941376475, 13.109183967987265 ], [ 80.236124050436786, 13.10918129929064 ], [ 80.236121262654748, 13.110084862396056 ], [ 80.235223149699181, 13.110082198613872 ], [ 80.235223141440102, 13.110084872263444 ], [ 80.234322250540757, 13.110082197096954 ], [ 80.234322242262209, 13.11008487389643 ], [ 80.233440151951271, 13.110082251505744 ], [ 80.233442932953835, 13.109184038732563 ], [ 80.233440142074301, 13.109184030431248 ], [ 80.233442929285815, 13.108283748288047 ], [ 80.234341032953239, 13.108286417907598 ], [ 80.234341041228831, 13.108283741620669 ], [ 80.235241935596378, 13.108286416391003 ], [ 80.235244728105897, 13.107382233267181 ], [ 80.235241944179705, 13.107382225007065 ], [ 80.235244724421122, 13.106481949930146 ], [ 80.236142835082148, 13.106484612951098 ], [ 80.23614562390523, 13.10558042951031 ], [ 80.236142843653099, 13.105580421271869 ], [ 80.236145622128305, 13.104679528485638 ], [ 80.236142842074244, 13.104679520248313 ], [ 80.236145620351508, 13.103778627460972 ], [ 80.235241946115607, 13.103775948456983 ], [ 80.235244719220688, 13.102877728143273 ], [ 80.23432226316784, 13.102874990376687 ], [ 80.234319470186833, 13.103778558555012 ], [ 80.233421362430747, 13.103775889700678 ], [ 80.233421354140546, 13.103778568453075 ], [ 80.232520463271726, 13.103775888184749 ], [ 80.232520454962028, 13.103778570085641 ], [ 80.231619564112819, 13.103775886668931 ], [ 80.231616761042545, 13.104679464404214 ], [ 80.230718663376422, 13.104676785992819 ], [ 80.230715856809013, 13.105580367027633 ], [ 80.229817762640238, 13.105577685316607 ], [ 80.229814950716175, 13.106481867412569 ], [ 80.229817750831742, 13.106481875779149 ], [ 80.229814948938298, 13.107382768188984 ], [ 80.229817749253343, 13.107382776556692 ], [ 80.229814947160293, 13.10828366896539 ], [ 80.230718638490472, 13.108286367906969 ], [ 80.230715849695358, 13.109183971067914 ], [ 80.229817756328558, 13.10918128867457 ], [ 80.229817747953433, 13.109183981051768 ], [ 80.228916857170674, 13.109181287158441 ], [ 80.228916848775953, 13.109183982685343 ], [ 80.228015958012946, 13.109181285642421 ], [ 80.228015949598571, 13.109183984319031 ], [ 80.227115058855304, 13.109181284126516 ], [ 80.227112238092985, 13.110084878534424 ], [ 80.226214158120015, 13.110082183449789 ], [ 80.226211333857862, 13.110985781159275 ], [ 80.225332030013476, 13.110983139209759 ], [ 80.2253348405455, 13.110084955135234 ], [ 80.224412359805569, 13.110082180418328 ], [ 80.224412351311315, 13.110084891866773 ], [ 80.223511460648496, 13.110082178902763 ], [ 80.223511452134503, 13.110084893501122 ], [ 80.222610561491564, 13.11008217738731 ], [ 80.222610552957789, 13.110084895135591 ], [ 80.221728417979634, 13.110082232516435 ], [ 80.221731239564221, 13.10918462809744 ], [ 80.222629300159127, 13.109187338576261 ], [ 80.222632137131114, 13.108283728921062 ], [ 80.22353020122668, 13.108286436097904 ], [ 80.223533036498992, 13.107382255475114 ], [ 80.223530209960145, 13.107382246960119 ], [ 80.223533034720163, 13.106481354448917 ], [ 80.223530208382684, 13.106481345935066 ], [ 80.223533032941489, 13.105580453422721 ], [ 80.223530206805336, 13.105580444910023 ], [ 80.22353303116293, 13.104679552396526 ], [ 80.222629311122034, 13.104676828866134 ], [ 80.222632130028842, 13.103778653078987 ], [ 80.221709673372359, 13.103775870002393 ], [ 80.221709664826875, 13.103778589685321 ], [ 80.220808774214817, 13.103775868487931 ], [ 80.220805931583484, 13.104679483770356 ], [ 80.219907873481205, 13.104676767811865 ], [ 80.219905027349625, 13.105580386395946 ], [ 80.21900697274782, 13.105577667135707 ], [ 80.219006964140547, 13.105580396612604 ], [ 80.218106073590832, 13.105577665621361 ], [ 80.218106064963692, 13.105580398247177 ], [ 80.217205174434, 13.105577664107132 ], [ 80.217202318206787, 13.106481292251484 ], [ 80.216304273701297, 13.106478563430874 ], [ 80.216304265033173, 13.106481302529339 ], [ 80.215422093369597, 13.106478618893606 ], [ 80.215424938738579, 13.105580468806586 ], [ 80.2145211891782, 13.105577716583616 ], [ 80.214524037602416, 13.104679569489186 ], [ 80.214521178895495, 13.104679560779013 ], [ 80.214524035822819, 13.103778668461905 ], [ 80.214521177319583, 13.103778659752912 ], [ 80.21452403404335, 13.102877767434626 ], [ 80.214521175743783, 13.102877758726809 ], [ 80.214524032263995, 13.101976866407352 ], [ 80.213620280256478, 13.101974111721573 ], [ 80.213623131127633, 13.101075967089525 ], [ 80.212700686527143, 13.101073152350608 ], [ 80.212700677786202, 13.10107590299179 ], [ 80.211799787370396, 13.101073150837594 ], [ 80.211796912385225, 13.101976796882969 ], [ 80.210898886639114, 13.101974050161893 ], [ 80.210896008151821, 13.10287769951009 ], [ 80.209997985908075, 13.102874949486086 ], [ 80.209997977104621, 13.102877709923508 ], [ 80.209115768763368, 13.102875005280485 ], [ 80.209118636120067, 13.10197687666637 ], [ 80.208196189170266, 13.101974045623558 ], [ 80.208196180327803, 13.10197681218099 ], [ 80.207295290014216, 13.101974044111001 ], [ 80.207295281151616, 13.101976813816561 ], [ 80.206394390858264, 13.101974042598563 ], [ 80.206394381975514, 13.10197681545225 ], [ 80.205512156730094, 13.101974098598658 ], [ 80.205515036908082, 13.101075982479594 ], [ 80.204611252540118, 13.101073196291177 ], [ 80.204614135769404, 13.100175083161693 ], [ 80.203691696538414, 13.100172236389273 ], [ 80.20369168759747, 13.100175018332056 ], [ 80.202809445735951, 13.100172292526683 ], [ 80.202812335271744, 13.099274185554265 ], [ 80.202809435201189, 13.099274176589732 ], [ 80.20281233349138, 13.09837328452558 ], [ 80.202809433627536, 13.098373275562256 ], [ 80.202812331711158, 13.097472383496896 ], [ 80.202809432053996, 13.097472374534787 ], [ 80.202812328320661, 13.096571983123848 ], [ 80.203710322560255, 13.09657475685276 ], [ 80.203710331495586, 13.096571975798444 ], [ 80.204611225205753, 13.096574755341418 ], [ 80.204614125240681, 13.095671085565092 ], [ 80.205493483291335, 13.095673795445773 ], [ 80.205490604262252, 13.096571912746477 ], [ 80.205493490611545, 13.09657192163688 ], [ 80.205490604118921, 13.097472303127525 ], [ 80.204592600414585, 13.097469535391889 ], [ 80.204589698259696, 13.098373712583331 ], [ 80.204592588296123, 13.098373721496326 ], [ 80.204589696479701, 13.099274613356718 ], [ 80.205512132571116, 13.099277456725929 ], [ 80.205512141469654, 13.099274681433286 ], [ 80.206413035216727, 13.099277455214033 ], [ 80.206413044095115, 13.099274683068714 ], [ 80.207313937862239, 13.099277453702022 ], [ 80.207313946720461, 13.099274684704028 ], [ 80.208214840507651, 13.099277452189902 ], [ 80.208214849345751, 13.099274686339228 ], [ 80.209115743152921, 13.09927745067767 ], [ 80.209115751970927, 13.09927468797432 ], [ 80.210016645798092, 13.099277449165324 ], [ 80.210019526679886, 13.098373797622775 ], [ 80.210917546868984, 13.098376546688199 ], [ 80.210917555645665, 13.098373790455531 ], [ 80.2118184495138, 13.098376545175737 ], [ 80.211818458270443, 13.098373792090184 ], [ 80.212719352158501, 13.098376543663157 ], [ 80.212722222947917, 13.09747290167663 ], [ 80.213620253228711, 13.097475641186122 ], [ 80.213623122232832, 13.096571461952626 ], [ 80.213620262083879, 13.096571453233079 ], [ 80.213623120454258, 13.095670560925251 ], [ 80.213620260509188, 13.095670552206883 ], [ 80.213623118675812, 13.094769659897878 ], [ 80.212719365034374, 13.094766903457833 ], [ 80.21272221753928, 13.0938687605792 ], [ 80.212719354727597, 13.09386875184321 ], [ 80.212722215760962, 13.092967859551718 ], [ 80.211799801537637, 13.092965043301994 ], [ 80.211799792787332, 13.092967795508446 ], [ 80.210898902379952, 13.092965041790078 ], [ 80.210898893609638, 13.092967797142643 ], [ 80.209998003222381, 13.092965040278274 ], [ 80.209997994432015, 13.092967798776948 ], [ 80.209097104064924, 13.092965038766582 ], [ 80.209094221045717, 13.093868692618457 ], [ 80.20819620333441, 13.093865938091851 ], [ 80.20819331681443, 13.094769595245319 ], [ 80.207313949355878, 13.094766894713523 ], [ 80.20731682138765, 13.093868770833691 ], [ 80.206413045167764, 13.093865992406469 ], [ 80.206415920249526, 13.092967871514926 ], [ 80.206413034722644, 13.092967862639643 ], [ 80.206415918470512, 13.092066970486687 ], [ 80.206413033149403, 13.092066961612604 ], [ 80.20641591669164, 13.091166069458451 ], [ 80.205512137831391, 13.091163288399954 ], [ 80.205515015553289, 13.09026517013937 ], [ 80.204592612996692, 13.090262328700607 ], [ 80.204589714127266, 13.091165997654072 ], [ 80.203691712267357, 13.091163228026209 ], [ 80.203691703338492, 13.091166008192356 ], [ 80.202809429991675, 13.091163284030658 ], [ 80.202812317473857, 13.090265175267502 ], [ 80.20190852580464, 13.090262381724919 ], [ 80.201911416334596, 13.089364275948322 ], [ 80.201908515264449, 13.089364266976871 ], [ 80.201911412948093, 13.088463874408342 ], [ 80.202809405764626, 13.088466649673027 ], [ 80.202812312136956, 13.087562472181501 ], [ 80.202809414753432, 13.087562463232709 ], [ 80.202812310358226, 13.086661571152844 ], [ 80.202809413181413, 13.086661562205261 ], [ 80.202812306961405, 13.085761173655898 ], [ 80.203710303694407, 13.085763945266066 ], [ 80.203710312615257, 13.085761166343914 ], [ 80.204611206338498, 13.085763943756028 ], [ 80.204611215239169, 13.085761167978186 ], [ 80.205512108982475, 13.085763942245878 ], [ 80.20551211786298, 13.085761169612347 ], [ 80.206413011626324, 13.085763940735616 ], [ 80.206413020486721, 13.085761171246391 ], [ 80.207313914270074, 13.085763939225236 ], [ 80.207313923110362, 13.085761172880323 ], [ 80.208214816913724, 13.08576393771475 ], [ 80.208214825733904, 13.085761174514136 ], [ 80.209097097365841, 13.08576387914964 ], [ 80.209094233597625, 13.086662011071676 ], [ 80.20909710459334, 13.086662019868488 ], [ 80.209094231819833, 13.087562911845628 ], [ 80.209997993407228, 13.087565679596423 ], [ 80.209995132484366, 13.088463814327957 ], [ 80.209998000616707, 13.088463823107102 ], [ 80.209995132392223, 13.08936418594331 ], [ 80.209097110356822, 13.089361435418798 ], [ 80.209094228162186, 13.09026508856955 ], [ 80.208196209626337, 13.090262334744491 ], [ 80.208193323931894, 13.091165991196053 ], [ 80.207295308896079, 13.091163234070077 ], [ 80.207292418043565, 13.092067412297382 ], [ 80.208214827920727, 13.092070244469889 ], [ 80.208214836749264, 13.092067480032506 ], [ 80.20911573056506, 13.092070242958524 ], [ 80.20911573937353, 13.092067481666854 ], [ 80.210016633209293, 13.092070241447047 ], [ 80.210016641997697, 13.092067483301088 ], [ 80.210917535853397, 13.092070239935456 ], [ 80.210917544621765, 13.092067484935207 ], [ 80.211818438497403, 13.092070238423753 ], [ 80.211818447245761, 13.092067486569217 ], [ 80.21271934114128, 13.092070236911942 ], [ 80.212719349869658, 13.092067488203112 ], [ 80.21360158229102, 13.092070178525331 ], [ 80.213598733366766, 13.092968325032782 ], [ 80.213601589425323, 13.092968333737874 ], [ 80.213598731588689, 13.093869225807264 ], [ 80.214521149576328, 13.093872035816469 ], [ 80.214521158267132, 13.093869293048522 ], [ 80.215422052220092, 13.093872034304095 ], [ 80.215422060890987, 13.093869294682262 ], [ 80.216322954863756, 13.093872032791616 ], [ 80.216322963514742, 13.093869296315882 ], [ 80.217223857507292, 13.09387203127902 ], [ 80.217226710799665, 13.092968405795288 ], [ 80.21812475857638, 13.0929711288025 ], [ 80.218124767186467, 13.092968398793426 ], [ 80.219025661219575, 13.092971127289784 ], [ 80.219025669809824, 13.092968400426614 ], [ 80.219907875043077, 13.092971069272204 ], [ 80.219905048697115, 13.093869237764212 ], [ 80.220827468080344, 13.093872025227508 ], [ 80.220827476632152, 13.093869304482281 ], [ 80.221709671846597, 13.093871967306178 ], [ 80.221706851809117, 13.094770141954932 ], [ 80.222629274941227, 13.094772923164339 ], [ 80.22262928345468, 13.094770208537859 ], [ 80.223511468649889, 13.094772865339417 ], [ 80.223508654921915, 13.095671046145638 ], [ 80.223511475567861, 13.095671054636068 ], [ 80.223508653144748, 13.096571946921308 ], [ 80.223511473991778, 13.096571955412889 ], [ 80.223508651367439, 13.097472847696983 ], [ 80.223511472415566, 13.097472856189706 ], [ 80.223508649590002, 13.09837374847265 ], [ 80.224412361530426, 13.098376467680636 ], [ 80.224409550258116, 13.099274650956206 ], [ 80.225331990748387, 13.099277423438176 ], [ 80.22533199920845, 13.09927471738639 ], [ 80.226232893391497, 13.099277421923794 ], [ 80.226232901831892, 13.099274719019318 ], [ 80.227133796034494, 13.099277420409312 ], [ 80.227133804455235, 13.099274720652124 ], [ 80.228015956712028, 13.099277362793234 ], [ 80.228013158264901, 13.10017555856286 ], [ 80.228935602896755, 13.100178318342479 ], [ 80.228935611279411, 13.100175624707862 ], [ 80.229836505539524, 13.100178316827545 ], [ 80.229836513902598, 13.10017562634042 ], [ 80.230737408182179, 13.100178315312498 ], [ 80.230737416525699, 13.100175627972863 ], [ 80.231638310824721, 13.100178313797334 ], [ 80.231638319148701, 13.100175629605191 ], [ 80.232539213467135, 13.100178312282059 ], [ 80.232539221771617, 13.100175631237411 ], [ 80.233421350274824, 13.100178254983559 ], [ 80.233418571168357, 13.101076469582667 ], [ 80.234341020329097, 13.101079210213005 ], [ 80.234341028595736, 13.10107653529252 ], [ 80.235241922971284, 13.101079208697286 ], [ 80.235241931218496, 13.101076536924486 ], [ 80.236142825613371, 13.101079207181451 ], [ 80.236145611326052, 13.100175645996902 ], [ 80.237043726677527, 13.100178304703993 ], [ 80.237043734884807, 13.100175639396783 ], [ 80.237944629319259, 13.10017830318804 ], [ 80.237944637507169, 13.100175641028315 ], [ 80.238845531960877, 13.100178301671976 ], [ 80.238845540129432, 13.100175642659735 ], [ 80.23972764461034, 13.100178244760432 ], [ 80.239724888301041, 13.101076481528439 ], [ 80.240647338822072, 13.10107919960058 ], [ 80.240647346953082, 13.101076546713895 ], [ 80.241529441412638, 13.10107914278689 ], [ 80.241526691421527, 13.101977385718346 ], [ 80.242449145683395, 13.101980097528301 ], [ 80.24245190852524, 13.101076558073647 ], [ 80.243350046745917, 13.101079195050708 ], [ 80.243352808077489, 13.100175009713157 ], [ 80.242430360342539, 13.100172301502168 ], [ 80.242430352250466, 13.10017494809367 ], [ 80.241548258073763, 13.100172355269882 ], [ 80.241551007594737, 13.09927411210076 ], [ 80.241548248383808, 13.099274103986161 ], [ 80.241551005819403, 13.098373211076749 ], [ 80.240628565177815, 13.098370496787483 ], [ 80.240628557049362, 13.098373149335528 ], [ 80.23972766601716, 13.098370495271308 ], [ 80.239727657869409, 13.098373150966628 ], [ 80.23884554708286, 13.098370549180325 ], [ 80.238848304036296, 13.097472948455616 ], [ 80.23974642986866, 13.097475597272242 ], [ 80.239746438014578, 13.097472941916328 ], [ 80.240647332509695, 13.097475595756274 ], [ 80.240647340636329, 13.097472943547244 ], [ 80.241548235150645, 13.097475594240199 ], [ 80.241548243257995, 13.097472945178044 ], [ 80.242449137791453, 13.097475592724011 ], [ 80.242451899646312, 13.096572054108941 ], [ 80.243350038854018, 13.096574690246952 ], [ 80.24335004692179, 13.096572047647362 ], [ 80.244250941494485, 13.096574688730644 ], [ 80.244250949543058, 13.09657204927773 ], [ 80.245151844134838, 13.096574687214224 ], [ 80.245151852164227, 13.096572050907982 ], [ 80.246052746775078, 13.096574685697693 ], [ 80.24605275478531, 13.096572052538118 ], [ 80.246934844464306, 13.096574629281232 ], [ 80.246932114986507, 13.09747289206004 ], [ 80.247835742076234, 13.097475528767601 ], [ 80.247833015660675, 13.098373794543406 ], [ 80.247835748470024, 13.098373802513249 ], [ 80.24783301388625, 13.099274695322011 ], [ 80.248755459431976, 13.099277384027728 ], [ 80.248755467388108, 13.099274759805329 ], [ 80.249656362072102, 13.099277382510421 ], [ 80.249656370009163, 13.099274761435286 ], [ 80.250557264712114, 13.099277380992993 ], [ 80.250557272630132, 13.099274763065136 ], [ 80.251458167352027, 13.099277379475462 ], [ 80.251460898706341, 13.098373192320816 ], [ 80.251458175723016, 13.098373184417911 ], [ 80.2514608969324, 13.097472291298006 ], [ 80.251458174143181, 13.097472283396163 ], [ 80.251460893105019, 13.096572070217332 ], [ 80.252359065253543, 13.096574675078815 ], [ 80.252359073130322, 13.096572063945899 ], [ 80.253241138812825, 13.096574619051509 ], [ 80.253238432128015, 13.097472903990996 ], [ 80.254142036424611, 13.097475518536603 ], [ 80.254139332803788, 13.098373806474335 ], [ 80.255061776330592, 13.098376472444857 ], [ 80.255064492259848, 13.097472977452336 ], [ 80.255962677389917, 13.097475569967635 ], [ 80.255962685191989, 13.09747297125536 ], [ 80.256863580028892, 13.097475568449646 ], [ 80.256863587812092, 13.097472972884223 ], [ 80.257764482667753, 13.097475566931537 ], [ 80.257767190626495, 13.096571378348187 ], [ 80.256844753249084, 13.096568722412531 ], [ 80.256844745466239, 13.096571317978123 ], [ 80.25596269350369, 13.096568775236896 ], [ 80.255965390148873, 13.09567048073308 ], [ 80.255962684121982, 13.095670472928148 ], [ 80.255965388375913, 13.094769579710819 ], [ 80.255962682541934, 13.094769571906941 ], [ 80.255965384510475, 13.093869375885259 ], [ 80.256863573710078, 13.093871964613127 ], [ 80.256863581489071, 13.093869369710934 ], [ 80.25776447634847, 13.093871963095458 ], [ 80.257767183535819, 13.092967774260012 ], [ 80.256844759567869, 13.092965119041647 ], [ 80.256844751789231, 13.092967713944013 ], [ 80.255962687179533, 13.092965171816102 ], [ 80.255965383057756, 13.092066876644042 ], [ 80.255962677802557, 13.092066868843331 ], [ 80.255965381285293, 13.091165975621784 ], [ 80.255962676223021, 13.091165967822127 ], [ 80.255965377418235, 13.090265772708126 ], [ 80.256863567393268, 13.090268360776575 ], [ 80.25686357516804, 13.090265766537648 ], [ 80.257764470031191, 13.090268359259341 ], [ 80.257764477787134, 13.09026576816566 ], [ 80.258646545041486, 13.090268303655112 ], [ 80.258643859231839, 13.091166608753735 ], [ 80.258646551198922, 13.091166616487664 ], [ 80.25864385745983, 13.092067509533653 ], [ 80.258646549618916, 13.092067517268624 ], [ 80.258643855687708, 13.092968410313576 ], [ 80.259566280045192, 13.092971059100966 ], [ 80.259566287766646, 13.092968473802134 ], [ 80.260448338686473, 13.092971003570394 ], [ 80.260445658814504, 13.093869314499115 ], [ 80.261368086900916, 13.093871957023644 ], [ 80.26136809458589, 13.0938693778517 ], [ 80.26226898953874, 13.093871955505406 ], [ 80.262271678153112, 13.092968486355741 ], [ 80.263151036269434, 13.092970999183928 ], [ 80.263148366163961, 13.093869319606702 ], [ 80.263151042335267, 13.093869327249992 ], [ 80.263148366542794, 13.094769496919156 ], [ 80.262250151390163, 13.094766929836092 ], [ 80.262247460170087, 13.095671119464987 ], [ 80.263169895337271, 13.0956737559038 ], [ 80.26316990298686, 13.095671182695146 ], [ 80.264070797975108, 13.095673754385121 ], [ 80.264073480387054, 13.094770291163607 ], [ 80.264952831494185, 13.094772798150595 ], [ 80.264950167520936, 13.095671124572553 ], [ 80.265853729106183, 13.095673697633506 ], [ 80.265851068199751, 13.096572027055633 ], [ 80.266754626717912, 13.096574597116135 ], [ 80.266751968878779, 13.097472929538819 ], [ 80.267674411687764, 13.097475550224921 ], [ 80.267677083493226, 13.096571359616844 ], [ 80.267674419849115, 13.096571352054619 ], [ 80.267677081721658, 13.095670458595992 ], [ 80.266773523216969, 13.095667891931713 ], [ 80.266776180599024, 13.094769559277218 ], [ 80.266773514060105, 13.094769551698425 ], [ 80.266776178827584, 13.093868658256262 ], [ 80.266773512478792, 13.093868650678496 ], [ 80.266776177056272, 13.092967757235307 ], [ 80.266773510897593, 13.09296774965857 ], [ 80.266776173104347, 13.092067593603907 ], [ 80.267655533825192, 13.092070090925954 ], [ 80.267652880186418, 13.092968427336098 ], [ 80.268575306419422, 13.092971043916883 ], [ 80.268575313954116, 13.092968490076485 ], [ 80.269476209056208, 13.092971042397854 ], [ 80.269476216572343, 13.092968491703296 ], [ 80.270358229828062, 13.092970987482808 ], [ 80.270355585767533, 13.093869333221999 ], [ 80.270358235744084, 13.093869340716438 ], [ 80.270355583996675, 13.094770234003333 ], [ 80.271278017492122, 13.094772841274246 ], [ 80.271278024973242, 13.094770296546169 ], [ 80.272178920128795, 13.094772839754661 ], [ 80.27218157493364, 13.09386864804617 ], [ 80.271278033086418, 13.093866097534351 ], [ 80.271280671596699, 13.09296850244052 ], [ 80.272178916965899, 13.092971037840091 ], [ 80.272181571392537, 13.092066846005565 ], [ 80.272178925067223, 13.092066838541111 ], [ 80.272181569622177, 13.091165944985271 ], [ 80.272178923485583, 13.091165937521826 ], [ 80.272181567851931, 13.090265043964978 ], [ 80.271278026756008, 13.090262494107158 ], [ 80.271280666730519, 13.089364144645538 ], [ 80.27035825335652, 13.089361538441146 ], [ 80.270358245862298, 13.089364085501629 ], [ 80.269476219961433, 13.089361590324934 ], [ 80.269478866257245, 13.088463247026972 ], [ 80.268556456605864, 13.088460634559516 ], [ 80.268556449075589, 13.088463187747257 ], [ 80.267674413167072, 13.08846068654344 ], [ 80.267677065783147, 13.087562349408421 ], [ 80.267674404037862, 13.087562341856415 ], [ 80.26767706401283, 13.08666144838759 ], [ 80.266754661434987, 13.086658829834873 ], [ 80.266754653869612, 13.086661388985451 ], [ 80.265853762269501, 13.086658828316834 ], [ 80.265851085910995, 13.087563019247725 ], [ 80.265853750928429, 13.087563026827842 ], [ 80.265851084140436, 13.088463920028524 ], [ 80.265853749347997, 13.088463927609668 ], [ 80.26585108236975, 13.089364820809319 ], [ 80.265853747767423, 13.089364828391494 ], [ 80.265851080598949, 13.090265721590114 ], [ 80.265853746186721, 13.090265729173312 ], [ 80.265851081002211, 13.091165888065865 ], [ 80.264952855204427, 13.091163331017341 ], [ 80.264952847596689, 13.091165897277261 ], [ 80.264051956039765, 13.091163329498986 ], [ 80.264051948413353, 13.091165898904549 ], [ 80.263169904878154, 13.091163381800541 ], [ 80.263172574334888, 13.090265060979691 ], [ 80.263169895652908, 13.090265053331411 ], [ 80.263172572563619, 13.089364159958306 ], [ 80.263169894072661, 13.089364152311061 ], [ 80.263172570792463, 13.088463258936928 ], [ 80.262250162449902, 13.088460623932537 ], [ 80.262247474718208, 13.089364092486699 ], [ 80.261368096501528, 13.089361577164816 ], [ 80.261370772087204, 13.088463262340779 ], [ 80.260448364120649, 13.088460620897269 ], [ 80.260445669805335, 13.089364095704241 ], [ 80.259566291287186, 13.089361574241316 ], [ 80.259568973381477, 13.088463265745084 ], [ 80.259566281989777, 13.088463258023911 ], [ 80.25956897160998, 13.087562364723269 ], [ 80.258665385518867, 13.087559771068793 ], [ 80.258668070485356, 13.086661465403559 ], [ 80.257764481331506, 13.086658868752099 ], [ 80.257767169360505, 13.085760566083742 ], [ 80.257764472000233, 13.085760558328102 ], [ 80.257767167589165, 13.084859665061721 ], [ 80.256863575564537, 13.084857065580438 ], [ 80.256866266464101, 13.083958765741693 ], [ 80.255943876191509, 13.083956109098128 ], [ 80.255943868404529, 13.083958705486294 ], [ 80.255061768770943, 13.083956161803714 ], [ 80.255064465984631, 13.083057868123683 ], [ 80.254142079440456, 13.083055205223166 ], [ 80.254139363247759, 13.083958700922016 ], [ 80.253259963556658, 13.083956158882582 ], [ 80.253262667275905, 13.083057871528247 ], [ 80.252359059370363, 13.083055256567386 ], [ 80.252361764079893, 13.08215765912488 ], [ 80.253259942639104, 13.082160258208095 ], [ 80.253262663732926, 13.081256069483116 ], [ 80.253259950979384, 13.081256061638383 ], [ 80.253262661961628, 13.080355168460558 ], [ 80.253259949401681, 13.080355160616888 ], [ 80.253262658111581, 13.079454958351667 ], [ 80.254160840544557, 13.079457553813814 ], [ 80.254163557774419, 13.078553364713647 ], [ 80.254160848872061, 13.078553356891007 ], [ 80.254163553916214, 13.077653158371922 ], [ 80.255061740027216, 13.077655750379437 ], [ 80.255061747824982, 13.077653152177399 ], [ 80.255962642663732, 13.07765574886395 ], [ 80.255965350840341, 13.07675226079391 ], [ 80.256863543723, 13.07675484638917 ], [ 80.25686624841714, 13.075851361607452 ], [ 80.257764444782026, 13.075853943914495 ], [ 80.257767148112706, 13.07494975381954 ], [ 80.257764453061625, 13.074949746076488 ], [ 80.257767146342871, 13.074048852797535 ], [ 80.257764451484221, 13.074048845055531 ], [ 80.257767144573165, 13.073147951775532 ], [ 80.256844794285442, 13.07314530050245 ], [ 80.256844786529939, 13.073147891756337 ], [ 80.255943895119458, 13.07314529898729 ], [ 80.255943887345126, 13.073147893382806 ], [ 80.255061749826865, 13.073145351543372 ], [ 80.255064444737158, 13.072247055855621 ], [ 80.255061740457094, 13.072247048059255 ], [ 80.255064442967353, 13.071346154833293 ], [ 80.25416084406578, 13.071343548374092 ], [ 80.254163541841748, 13.070445255511681 ], [ 80.253241202350296, 13.0704425919158 ], [ 80.253241194522573, 13.07044519523618 ], [ 80.252340303184425, 13.070442590401411 ], [ 80.252340295337788, 13.070445196862831 ], [ 80.251439404018654, 13.070442588887142 ], [ 80.251436678615505, 13.071346777989822 ], [ 80.252340283837384, 13.071349393994833 ], [ 80.252337579291108, 13.072247680470056 ], [ 80.252340290108137, 13.072247688313851 ], [ 80.252337577520947, 13.073148581249256 ], [ 80.253241179878145, 13.073151194429917 ], [ 80.253238478196749, 13.074049483729713 ], [ 80.253241186131731, 13.074049491556726 ], [ 80.253238476426461, 13.074950384509009 ], [ 80.253241184554795, 13.074950392337085 ], [ 80.25323847465603, 13.075851285288309 ], [ 80.253241182977732, 13.075851293117445 ], [ 80.253238474966054, 13.076751494468306 ], [ 80.252340292151217, 13.076748896296266 ], [ 80.252337568668253, 13.077653085145212 ], [ 80.252340280646834, 13.07765309299538 ], [ 80.252337568969367, 13.078553298092551 ], [ 80.25143938983301, 13.078550696465282 ], [ 80.251436664743593, 13.079454200709218 ], [ 80.250538489091724, 13.079451595792056 ], [ 80.250538481196529, 13.079454210208253 ], [ 80.24963758992736, 13.079451594276923 ], [ 80.249637582013179, 13.079454211836163 ], [ 80.248755442627782, 13.079451647309412 ], [ 80.248758161642655, 13.0785533749261 ], [ 80.248755433117921, 13.078553366989683 ], [ 80.248758159871144, 13.077652473903003 ], [ 80.248755431541184, 13.07765246596766 ], [ 80.248758158099776, 13.076751572879903 ], [ 80.247835796327607, 13.076748888722221 ], [ 80.247833056437145, 13.077653076635061 ], [ 80.247835784766551, 13.077653084580147 ], [ 80.247833056699989, 13.078553306136712 ], [ 80.246934894011176, 13.078550688890711 ], [ 80.246934886040947, 13.078553315711032 ], [ 80.246033994847139, 13.078550687376136 ], [ 80.246033986857839, 13.078553317339308 ], [ 80.245133095683229, 13.078550685861677 ], [ 80.245133087674816, 13.078553318967694 ], [ 80.244232196519434, 13.078550684347324 ], [ 80.244229445113476, 13.079454213582421 ], [ 80.24333129578001, 13.079451583674137 ], [ 80.243331287732218, 13.079454223234727 ], [ 80.242430396616555, 13.079451582159903 ], [ 80.242430388549593, 13.07945422486355 ], [ 80.241548221767786, 13.079451635635753 ], [ 80.241550966793866, 13.07855338854899 ], [ 80.240628599865389, 13.078550678291053 ], [ 80.240628591761109, 13.078553327111344 ], [ 80.239746414975045, 13.078550731864802 ], [ 80.239749166307845, 13.077652490931643 ], [ 80.23882680311408, 13.077649774423092 ], [ 80.238824030210921, 13.078553960383912 ], [ 80.238826791439138, 13.078553968521643 ], [ 80.238824028438131, 13.079454861161468 ], [ 80.238826789863438, 13.079454869300301 ], [ 80.238824026665199, 13.080355761939018 ], [ 80.239727679336724, 13.080358423896024 ], [ 80.239724927337463, 13.081256664420376 ], [ 80.2406473041288, 13.081259378456421 ], [ 80.240647312235666, 13.081256729297367 ], [ 80.241529476146781, 13.081259321926751 ], [ 80.241526730455604, 13.082157568605536 ], [ 80.241529482658208, 13.082157576689928 ], [ 80.241526728682658, 13.083058469383406 ], [ 80.241529481081656, 13.083058477468896 ], [ 80.241526726909569, 13.083959370161278 ], [ 80.242430370607281, 13.083962023312166 ], [ 80.242427627582501, 13.084860272643059 ], [ 80.243350018349688, 13.084862977756902 ], [ 80.243350026403292, 13.084860337352181 ], [ 80.24425092098862, 13.084862976242007 ], [ 80.2442536754982, 13.083958789581466 ], [ 80.244250929445812, 13.083958781543082 ], [ 80.244253673725353, 13.083057888557809 ], [ 80.243350033293595, 13.083055241968868 ], [ 80.243352770603096, 13.082157643031749 ], [ 80.244250916259503, 13.082160273359955 ], [ 80.244253668178033, 13.08125674384836 ], [ 80.245151817321741, 13.081259370884702 ], [ 80.245151825332684, 13.081256737441928 ], [ 80.24603397211645, 13.081259314630959 ], [ 80.246031242685589, 13.082157577122324 ], [ 80.246033978531486, 13.082157585110938 ], [ 80.246031240913211, 13.083058477900741 ], [ 80.246934868154142, 13.083061115066856 ], [ 80.246932141587308, 13.083959380382392 ], [ 80.246934874551883, 13.083959388354076 ], [ 80.246932141837647, 13.08485961480509 ], [ 80.246033983811799, 13.084856993265809 ], [ 80.246031235595368, 13.085761180235979 ], [ 80.246953630481727, 13.085763872657008 ], [ 80.246953638459885, 13.085761244660471 ], [ 80.247854533120332, 13.085763871141554 ], [ 80.247854541079406, 13.085761246289273 ], [ 80.248755435758824, 13.085763869625991 ], [ 80.24875544369884, 13.085761247917965 ], [ 80.249656338397187, 13.085763868110313 ], [ 80.24965907340146, 13.084859680384735 ], [ 80.249656346785358, 13.08485967245983 ], [ 80.249659069583046, 13.083959455885205 ], [ 80.250557237880685, 13.083962064674687 ], [ 80.250557245780513, 13.083959449589655 ], [ 80.251439362546449, 13.083962008714646 ], [ 80.251436654110719, 13.084859606757332 ], [ 80.250538479628972, 13.08485700084362 ], [ 80.250535747830554, 13.085761188752141 ], [ 80.250538468096082, 13.085761196649823 ], [ 80.250535746058262, 13.086662089531094 ], [ 80.250538466517881, 13.086662097429844 ], [ 80.250535744285855, 13.087562990310047 ], [ 80.251439356229127, 13.087565612503324 ], [ 80.251436644961061, 13.088463892792218 ], [ 80.252340253843357, 13.088466511989775 ], [ 80.252337545636465, 13.089364795274491 ], [ 80.25234026013193, 13.089364803138487 ], [ 80.252337543863902, 13.090265696053656 ], [ 80.252340258552991, 13.09026570391871 ], [ 80.252337542091226, 13.091166596832821 ], [ 80.252340256973923, 13.091166604698939 ], [ 80.252337540318408, 13.092067497611977 ], [ 80.252340255394728, 13.092067505479159 ], [ 80.252337540608821, 13.092967714219395 ], [ 80.251439364589146, 13.092965109938 ], [ 80.251439356696935, 13.092967723716708 ], [ 80.250538465426416, 13.092965108421122 ], [ 80.250535733923158, 13.093868618447765 ], [ 80.249637564685244, 13.093866007746206 ], [ 80.249634829693179, 13.094769521066313 ], [ 80.248736663944285, 13.094766907071179 ], [ 80.248736655992829, 13.094769530623308 ], [ 80.247835764782138, 13.094766905554422 ], [ 80.247835756811597, 13.094769532253013 ], [ 80.246934865620133, 13.094766904037776 ], [ 80.246934857630478, 13.094769533882836 ], [ 80.246052761644165, 13.09476695745116 ], [ 80.246055493716028, 13.093868697432349 ], [ 80.246052752056954, 13.093868689420331 ], [ 80.246055491942016, 13.092967796408894 ], [ 80.246052750478455, 13.092967788397958 ], [ 80.246055490168146, 13.092066895385438 ], [ 80.246052748900055, 13.092066887375585 ], [ 80.246055488394404, 13.091165994361987 ], [ 80.246052747321798, 13.091165986353218 ], [ 80.24605548662079, 13.090265093338543 ], [ 80.245151851138019, 13.090262451720049 ], [ 80.245154585492656, 13.089364194019197 ], [ 80.245151841537805, 13.089364185993453 ], [ 80.24515458371917, 13.088463292995648 ], [ 80.245151839960045, 13.088463284970988 ], [ 80.245154581945812, 13.08756239197209 ], [ 80.244232180755148, 13.087559692759003 ], [ 80.244232172716735, 13.087562330694421 ], [ 80.243331281592631, 13.087559691243676 ], [ 80.243331273535048, 13.087562332323964 ], [ 80.242449138575452, 13.087559744778158 ], [ 80.24245188210692, 13.086661496060563 ], [ 80.241529484844605, 13.086658787372516 ], [ 80.24152947674969, 13.086661434573287 ], [ 80.24062858568233, 13.086658785857638 ], [ 80.240625817369661, 13.087562971568399 ], [ 80.241529465101564, 13.087565628564288 ], [ 80.241526718042309, 13.088463874050609 ], [ 80.241529471619771, 13.088463882142664 ], [ 80.241526716268467, 13.089364774828471 ], [ 80.241529470042352, 13.089364782921621 ], [ 80.241526714494512, 13.090265675606325 ], [ 80.241529468464819, 13.09026568370057 ], [ 80.241526712720429, 13.091166576384184 ], [ 80.241529466887144, 13.091166584479527 ], [ 80.241526710946204, 13.09206747716204 ], [ 80.241529465309355, 13.092067485258474 ], [ 80.241526711143365, 13.092967733546436 ], [ 80.240628574644049, 13.092965091742888 ], [ 80.240625804950241, 13.093869277012638 ], [ 80.240628562980604, 13.093869285130522 ], [ 80.240625803175533, 13.09477017779038 ], [ 80.240628561402559, 13.094770185909363 ], [ 80.240625803362661, 13.095670438184884 ], [ 80.239746444955486, 13.095667848080449 ], [ 80.239749200010138, 13.094769610391493 ], [ 80.238845540766391, 13.094766945766711 ], [ 80.238848298880342, 13.093868711072711 ], [ 80.237925875583286, 13.093865988037084 ], [ 80.237925867402424, 13.093868649176851 ], [ 80.237024976422404, 13.09386598652179 ], [ 80.237024968222173, 13.093868650807833 ], [ 80.236124077261636, 13.093865985006602 ], [ 80.236124069042035, 13.093868652438932 ], [ 80.235241928746916, 13.093866039073587 ], [ 80.235244699684344, 13.092967816870829 ], [ 80.234322280517006, 13.092965081136574 ], [ 80.234322272259689, 13.09296775469063 ], [ 80.233421381356465, 13.092965079621843 ], [ 80.233421373079693, 13.092967756321974 ], [ 80.232539219337568, 13.092965133841986 ], [ 80.232541999841715, 13.092066920963754 ], [ 80.231638315149354, 13.092064231530008 ], [ 80.231641098710085, 13.09116602164468 ], [ 80.231638305258571, 13.091166013326813 ], [ 80.231641096934595, 13.09026512061949 ], [ 80.230737409384133, 13.090262428365786 ], [ 80.230740195802767, 13.089364221300206 ], [ 80.230737399476453, 13.089364212965076 ], [ 80.230740192148446, 13.08846392602846 ], [ 80.23163829033372, 13.088466601289026 ], [ 80.231641089721265, 13.087563026848224 ], [ 80.232539191399155, 13.087565698813082 ], [ 80.23253919968792, 13.087563020165778 ], [ 80.233440094039821, 13.087565697299215 ], [ 80.233442886642948, 13.086662129278977 ], [ 80.234340995104787, 13.086664794823363 ], [ 80.234341003353563, 13.08666212263627 ], [ 80.235241897745098, 13.086664793309382 ], [ 80.235244683564858, 13.085761231709016 ], [ 80.23614279880961, 13.085763890833634 ], [ 80.236142807018496, 13.085761225105941 ], [ 80.237043701449579, 13.085763889319537 ], [ 80.23704370963911, 13.085761226736114 ], [ 80.237944604089435, 13.085763887805328 ], [ 80.237947379835376, 13.084860335748962 ], [ 80.238845505153265, 13.084862985329671 ], [ 80.238845513303048, 13.084860329204638 ], [ 80.239746407792765, 13.08486298381534 ], [ 80.239746415923278, 13.084860330834378 ], [ 80.240647310432166, 13.084862982300905 ], [ 80.240650078075205, 13.083958796396864 ], [ 80.240647318935586, 13.083958788281652 ], [ 80.240650076301904, 13.083057895372772 ], [ 80.240647317359162, 13.083057887258661 ], [ 80.240650074528716, 13.082156994348686 ], [ 80.239727694400287, 13.082154280139736 ], [ 80.239724925753322, 13.083057825667876 ], [ 80.238845520251701, 13.083055234672916 ], [ 80.238848275816068, 13.082156997756625 ], [ 80.238845510527526, 13.082156989605069 ], [ 80.23884827404278, 13.081256096732318 ], [ 80.237944614489038, 13.081253431507502 ], [ 80.237947372912899, 13.080355197411944 ], [ 80.237043710303809, 13.08035252919572 ], [ 80.237046471782776, 13.07945429809145 ], [ 80.23704370054493, 13.079454289904591 ], [ 80.237046470009631, 13.078553397066939 ], [ 80.23614280454251, 13.078550726031173 ], [ 80.236145568879309, 13.077652497746239 ], [ 80.235241900358048, 13.077649823720046 ], [ 80.235244667748759, 13.076751598425442 ], [ 80.234322308873985, 13.076748866017008 ], [ 80.234319521679296, 13.077652429273144 ], [ 80.233421408137104, 13.077649765344075 ], [ 80.233418617453211, 13.078553331893339 ], [ 80.23252050740048, 13.07855066467104 ], [ 80.232520499122174, 13.078553341777093 ], [ 80.231638291499749, 13.07855071874112 ], [ 80.231641072091051, 13.077652506267009 ], [ 80.230718710650166, 13.077649760806089 ], [ 80.230718702334087, 13.077652444026189 ], [ 80.229836484706553, 13.077649814973343 ], [ 80.229839271601094, 13.076751608650721 ], [ 80.229836474797025, 13.076751600311876 ], [ 80.229839269827409, 13.075850707625341 ], [ 80.229836473222989, 13.075850699287622 ], [ 80.229839266174096, 13.074950412541551 ], [ 80.230737364077257, 13.074953088367982 ], [ 80.230740165638977, 13.074048903870416 ], [ 80.230737372703146, 13.074048895554441 ], [ 80.230740161976783, 13.07314861256839 ], [ 80.23163826356965, 13.073151284931402 ], [ 80.231641061451398, 13.072247100116048 ], [ 80.23163827218319, 13.072247091821785 ], [ 80.231641059678552, 13.07134619909089 ], [ 80.231638270609551, 13.071346190797749 ], [ 80.231641057905847, 13.07044529806574 ], [ 80.231638269036026, 13.070445289773723 ], [ 80.231641056133256, 13.069544397040586 ], [ 80.230718724810401, 13.069541653250486 ], [ 80.23071592417044, 13.070445838058276 ], [ 80.23071871303965, 13.070445846360245 ], [ 80.230715924287949, 13.071346128644626 ], [ 80.229817822501644, 13.071343453417818 ], [ 80.229817814173956, 13.071346138577308 ], [ 80.228916923338844, 13.071343451906257 ], [ 80.228916914991657, 13.071346140207007 ], [ 80.228034668465867, 13.071343506093356 ], [ 80.228037460469423, 13.070445304880893 ], [ 80.228034658526312, 13.070445296510933 ], [ 80.228037458696377, 13.069544403855303 ], [ 80.227133762709542, 13.069541702932627 ], [ 80.227136557563824, 13.068643504533572 ], [ 80.22713375275309, 13.068643496146336 ], [ 80.227136553930762, 13.067743201378642 ], [ 80.228034643578184, 13.067745885202267 ], [ 80.228034651939609, 13.067743194622009 ], [ 80.228935546216846, 13.06774588369136 ], [ 80.228938350860744, 13.066842303806824 ], [ 80.229836447283134, 13.066844981217875 ], [ 80.229836455604442, 13.066842297090043 ], [ 80.230737349921455, 13.066844979706845 ], [ 80.230737358223308, 13.066842298719077 ], [ 80.231638252559634, 13.066844978195711 ], [ 80.231638260842061, 13.066842300347993 ], [ 80.232539155197728, 13.066844976684459 ], [ 80.232541948403593, 13.065940791237033 ], [ 80.23163826945212, 13.065938106805692 ], [ 80.231641047272234, 13.065039891914857 ], [ 80.231638259597531, 13.065039883629575 ], [ 80.23164104550041, 13.064138990889713 ], [ 80.231638258024887, 13.064138982605554 ], [ 80.231641043728715, 13.063238089864573 ], [ 80.231638256452356, 13.06323808158154 ], [ 80.231641041957147, 13.062337188839436 ], [ 80.231638254879968, 13.062337180557524 ], [ 80.231641040185707, 13.061436287814303 ], [ 80.231638253307693, 13.061436279533511 ], [ 80.231641038414381, 13.060535386789166 ], [ 80.230737357404095, 13.060532700234916 ], [ 80.230740135385048, 13.059635100691954 ], [ 80.231638239984264, 13.059637770497636 ], [ 80.231641034872126, 13.058733584738899 ], [ 80.231638248591636, 13.058733576461478 ], [ 80.231641031194201, 13.057833300717013 ], [ 80.232539139478561, 13.057835967062932 ], [ 80.232539147730378, 13.057833294068587 ], [ 80.233440042115362, 13.057835965552652 ], [ 80.233440050347809, 13.057833295696355 ], [ 80.234340944752034, 13.057835964042269 ], [ 80.23434372748028, 13.056932404750075 ], [ 80.235241845817015, 13.056935061569924 ], [ 80.235241854009701, 13.056932398160445 ], [ 80.236142748453346, 13.05693506005942 ], [ 80.236142756626734, 13.056932399787774 ], [ 80.237043651089564, 13.056935058548801 ], [ 80.237043659243682, 13.056932401414992 ], [ 80.237925921906054, 13.056935002147666 ], [ 80.237923170470609, 13.057832600626382 ], [ 80.237025039402042, 13.057829952910643 ], [ 80.23702226429603, 13.058734139874817 ], [ 80.237925918758563, 13.058736804045115 ], [ 80.237923164968052, 13.059635042353609 ], [ 80.237925925322998, 13.059635050487449 ], [ 80.237923163197792, 13.060535943131088 ], [ 80.237925923750041, 13.060535951266031 ], [ 80.237923161427403, 13.061436843908567 ], [ 80.237925922176956, 13.061436852044613 ], [ 80.237923159656887, 13.062337744686046 ], [ 80.238845465795833, 13.062340461295623 ], [ 80.238848233094458, 13.06143691675261 ], [ 80.239727712428248, 13.061439503978084 ], [ 80.239724964542489, 13.06233774808921 ], [ 80.240628610049654, 13.06234040346979 ], [ 80.240625865215179, 13.063238650568419 ], [ 80.241529507670819, 13.063241302961211 ], [ 80.241526765888082, 13.06413955304774 ], [ 80.242449079488125, 13.064142257170419 ], [ 80.242449087535817, 13.064139617510586 ], [ 80.243349982124485, 13.06414225565814 ], [ 80.243352733391006, 13.063238726378309 ], [ 80.244250883187092, 13.063241353185012 ], [ 80.244253630971073, 13.062337827193042 ], [ 80.245151784249487, 13.062340450711995 ], [ 80.245154530573373, 13.061436262289766 ], [ 80.24515179268505, 13.061436254297638 ], [ 80.245154526781306, 13.060536027214305 ], [ 80.246052683738156, 13.060538647278547 ], [ 80.246055426392843, 13.05963445854224 ], [ 80.245151797522851, 13.059631822685148 ], [ 80.245154523241439, 13.058734225627914 ], [ 80.246052680591561, 13.058736845357487 ], [ 80.246055422854567, 13.057832656495455 ], [ 80.246052689013965, 13.057832648526711 ], [ 80.246055419053306, 13.056932425648554 ], [ 80.246953580080415, 13.056935041924566 ], [ 80.246956316635178, 13.056031526462117 ], [ 80.247854481142156, 13.056034139452276 ], [ 80.247857214217333, 13.055130627275409 ], [ 80.248755382203683, 13.055133236980087 ], [ 80.248755390107206, 13.055130620973477 ], [ 80.249656284838053, 13.055133235468109 ], [ 80.249656292722634, 13.055130622598911 ], [ 80.250557187472324, 13.055133233956015 ], [ 80.250559912573763, 13.054229043904252 ], [ 80.249637634024154, 13.054226370707143 ], [ 80.249637626139929, 13.054228983576508 ], [ 80.248736734856621, 13.054226369195167 ], [ 80.248736726953453, 13.054228985201949 ], [ 80.247854495888816, 13.054226421931894 ], [ 80.247857212729357, 13.05332814797935 ], [ 80.247854486393635, 13.053328140054017 ], [ 80.247857210961271, 13.052427246956183 ], [ 80.246953590136442, 13.052424618767008 ], [ 80.246956309834005, 13.051526347632342 ], [ 80.24695358062479, 13.051526339690167 ], [ 80.246956308066046, 13.050625446609075 ], [ 80.246052684384949, 13.050622815602612 ], [ 80.246055406938581, 13.049724547285027 ], [ 80.245151780207649, 13.049721913292551 ], [ 80.24515450378118, 13.048824316902785 ], [ 80.246052663294165, 13.048826934791505 ], [ 80.246055403403076, 13.047922745238276 ], [ 80.245151777061068, 13.047920111584858 ], [ 80.245154500244595, 13.047022515316403 ], [ 80.246052660150809, 13.04702513287039 ], [ 80.246052668101598, 13.047022508966659 ], [ 80.246953562784483, 13.047025131359728 ], [ 80.246956299228202, 13.046120941492761 ], [ 80.246953571190105, 13.046120933557052 ], [ 80.246956297461011, 13.045220040469504 ], [ 80.246034053075135, 13.045217356246932 ], [ 80.246034045125796, 13.045219979982475 ], [ 80.245151772342112, 13.045217409023353 ], [ 80.245154496973129, 13.044319142843481 ], [ 80.245151762802308, 13.044319134871921 ], [ 80.245154493172933, 13.043418912143643 ], [ 80.24605265386559, 13.043421529028125 ], [ 80.246055392799619, 13.042517339098085 ], [ 80.246052662281144, 13.042517331147698 ], [ 80.246055388991124, 13.041617112162765 ], [ 80.24695355335669, 13.041619725596972 ], [ 80.246953561282041, 13.041617105837847 ], [ 80.24785445598954, 13.04161972408685 ], [ 80.247854463895933, 13.041617107462127 ], [ 80.248755358622276, 13.041619722576614 ], [ 80.248755366509741, 13.041617109086291 ], [ 80.249656261254898, 13.041619721066265 ], [ 80.249656269123449, 13.041617110710341 ], [ 80.250557163887407, 13.041619719555804 ], [ 80.250557171737071, 13.041617112334279 ], [ 80.251458066519803, 13.041619718045233 ], [ 80.251458074350609, 13.0416171139581 ], [ 80.252340335825167, 13.041619662736853 ], [ 80.252337637635591, 13.042517954755668 ], [ 80.252340342064997, 13.042517962564443 ], [ 80.252337635869594, 13.04341885553492 ], [ 80.252340340492538, 13.043418863344753 ], [ 80.252337634103469, 13.04431975631417 ], [ 80.253259876500053, 13.044322417902858 ], [ 80.253259884296369, 13.044319819584228 ], [ 80.254160779132448, 13.044322416391623 ], [ 80.254160786909964, 13.044319821207987 ], [ 80.25504302870354, 13.044322361209968 ], [ 80.25504033966466, 13.045220662186409 ], [ 80.255943926329138, 13.045223260700437 ], [ 80.255941242462328, 13.046120855386087 ], [ 80.255043043191307, 13.046118272199882 ], [ 80.255040338245507, 13.047021757998817 ], [ 80.254142142449368, 13.047019171530481 ], [ 80.254139431923264, 13.047923362827243 ], [ 80.254142130989024, 13.047923370604739 ], [ 80.254139430156755, 13.048824263606697 ], [ 80.255043020831749, 13.048826865944829 ], [ 80.255040330833282, 13.049725166084258 ], [ 80.255943918456168, 13.04972776543481 ], [ 80.255941231510036, 13.050626068561911 ], [ 80.255943924628724, 13.050626076305015 ], [ 80.255941229743371, 13.051526969341582 ], [ 80.255943923054687, 13.051526977085738 ], [ 80.255941227976578, 13.052427870121249 ], [ 80.256844812929771, 13.052430466818016 ], [ 80.256842130777457, 13.053328061841054 ], [ 80.255943929774034, 13.053325480451628 ], [ 80.255941224442623, 13.054229671680584 ], [ 80.256844809778741, 13.054232268711523 ], [ 80.256842127242436, 13.055129863856033 ], [ 80.255943926626102, 13.055127282136644 ], [ 80.255943918872816, 13.05512987321025 ], [ 80.255043027457887, 13.055127280623767 ], [ 80.255043019685814, 13.055129874834989 ], [ 80.254160815689943, 13.055127332986578 ], [ 80.254163510007075, 13.054229037108144 ], [ 80.253241230695451, 13.054226376756175 ], [ 80.2532412228868, 13.054228977075891 ], [ 80.252340331527463, 13.054226375243751 ], [ 80.252337614986246, 13.055129871886251 ], [ 80.251439430786149, 13.055127274573396 ], [ 80.251436708688757, 13.056031464745061 ], [ 80.251439419286001, 13.05603147258862 ], [ 80.251436708998312, 13.056931675508626 ], [ 80.250538528471466, 13.056929074744808 ], [ 80.250535802708853, 13.057833264603767 ], [ 80.250538516958699, 13.057833272468359 ], [ 80.250535800940469, 13.05873416538277 ], [ 80.250538515384349, 13.058734173248427 ], [ 80.250535801240417, 13.059634380139562 ], [ 80.249637624583073, 13.059631775757651 ], [ 80.24963489701976, 13.060535282754717 ], [ 80.248736723842413, 13.060532675086673 ], [ 80.248733990746473, 13.06143686431952 ], [ 80.248736712304392, 13.061436872226272 ], [ 80.248733988977364, 13.062337765098304 ], [ 80.248736710729773, 13.062337773006126 ], [ 80.248733987208126, 13.063238665877078 ], [ 80.24873670915504, 13.063238673785976 ], [ 80.248733985438761, 13.064139566655854 ], [ 80.248736707580193, 13.064139574565823 ], [ 80.248733983669268, 13.065040467434635 ], [ 80.249656302150228, 13.065043146029121 ], [ 80.249656310046575, 13.065040531317232 ], [ 80.250557204785778, 13.065043144515833 ], [ 80.250557212663182, 13.065040532943573 ], [ 80.251458107421215, 13.065043143002432 ], [ 80.251460831385771, 13.064138953455185 ], [ 80.251458115777083, 13.064138945592815 ], [ 80.251460829616633, 13.063238052432439 ], [ 80.250557219454009, 13.063235434847345 ], [ 80.250559928490176, 13.062337153109867 ], [ 80.250557210003379, 13.0623371452307 ], [ 80.250559926721181, 13.061436252087015 ], [ 80.25055720842866, 13.061436244208917 ], [ 80.250559922884477, 13.060536036857266 ], [ 80.251458099549012, 13.060538638203097 ], [ 80.25146082046551, 13.059635137670279 ], [ 80.252359000609587, 13.059637735730359 ], [ 80.252359008442767, 13.059635131438792 ], [ 80.253259903244086, 13.059637734217382 ], [ 80.253262619488368, 13.058733543919582 ], [ 80.253259911574446, 13.05873353610137 ], [ 80.253262615628444, 13.057833339295502 ], [ 80.254160802730027, 13.057835930785195 ], [ 80.254163513210287, 13.056932440107708 ], [ 80.255061703789906, 13.056935028312768 ], [ 80.2550617115634, 13.056932433935398 ], [ 80.255962606423722, 13.056935026799783 ], [ 80.25596531014277, 13.056031542525576 ], [ 80.256863507483146, 13.05603412432745 ], [ 80.256863515218029, 13.056031536391622 ], [ 80.257764410116621, 13.056034122814351 ], [ 80.257767109205602, 13.055129931335799 ], [ 80.257764418387552, 13.055129923615794 ], [ 80.257767107438553, 13.054229030313826 ], [ 80.257764416812876, 13.054229022594871 ], [ 80.257767105671618, 13.053328129291856 ], [ 80.257764415238356, 13.053328121573946 ], [ 80.25776710177314, 13.052427942559371 ], [ 80.258665306453196, 13.052430517465055 ], [ 80.258665314146427, 13.052427936466527 ], [ 80.259547510527028, 13.052430462445423 ], [ 80.259544835985849, 13.053328777693478 ], [ 80.260448408150381, 13.053331361934083 ], [ 80.260445736663712, 13.054229680171549 ], [ 80.261368017500004, 13.054232314843427 ], [ 80.261368025139319, 13.054229742925454 ], [ 80.262268920132669, 13.054232313329978 ], [ 80.26227160029174, 13.053328851379874 ], [ 80.263169821190516, 13.053331410857941 ], [ 80.263169828791547, 13.053328845378882 ], [ 80.264070723822826, 13.053331409344372 ], [ 80.26407339940711, 13.052427216385679 ], [ 80.264070732011533, 13.052427208799363 ], [ 80.264073395458766, 13.051527052999502 ], [ 80.264952907300412, 13.051529552751942 ], [ 80.264950252419325, 13.052427887098201 ], [ 80.265872527512158, 13.052430505358751 ], [ 80.265875194158752, 13.051527056208558 ], [ 80.266773428569081, 13.051529602886909 ], [ 80.266773436093914, 13.051527050283264 ], [ 80.267674331200709, 13.05152960137311 ], [ 80.267674338707053, 13.051527051906053 ], [ 80.268575233832209, 13.051529599859201 ], [ 80.268575241320121, 13.051527053528732 ], [ 80.269476136463609, 13.051529598345175 ], [ 80.269478792017239, 13.050625404162481 ], [ 80.268575249449583, 13.050622852036637 ], [ 80.268577888676873, 13.049725259430407 ], [ 80.269476133313404, 13.049727796429726 ], [ 80.269478788487547, 13.048823602121388 ], [ 80.269476141431042, 13.048823594650139 ], [ 80.269478784496258, 13.047923459443115 ], [ 80.270377032794499, 13.04792599300057 ], [ 80.270379682081327, 13.047022560251078 ], [ 80.2712779338503, 13.047025090529239 ], [ 80.271277941277916, 13.047022554422131 ], [ 80.272160108787062, 13.047025036358528 ], [ 80.272157480803997, 13.047923396763531 ], [ 80.273061006411552, 13.047925935845221 ], [ 80.273058381485171, 13.048824299240911 ], [ 80.273961904035801, 13.048826835331635 ], [ 80.273959282166572, 13.049725201718397 ], [ 80.273961909834483, 13.049725209089877 ], [ 80.273959280402366, 13.050626102500248 ], [ 80.274862800082417, 13.050628635762635 ], [ 80.27486018108398, 13.051527004977935 ], [ 80.27486280586443, 13.05152701233312 ], [ 80.274860179319631, 13.052427905759888 ], [ 80.275763696128166, 13.052430436193143 ], [ 80.275761080001459, 13.053328808237792 ], [ 80.276683360663256, 13.053331388142613 ], [ 80.276683367988028, 13.053328869718376 ], [ 80.277584263293861, 13.053331386627354 ], [ 80.277584270600386, 13.053328871340096 ], [ 80.278466392153092, 13.053331332759454 ], [ 80.278463785576889, 13.054229714107368 ], [ 80.279386070131551, 13.054232284553024 ], [ 80.279388687925973, 13.053328881858102 ], [ 80.280286971184978, 13.053331382080906 ], [ 80.280289587815659, 13.052427185851499 ], [ 80.280286979164927, 13.05242717859576 ], [ 80.280289586051893, 13.051526284832255 ], [ 80.280286977587721, 13.051526277577503 ], [ 80.280289581981506, 13.05062618107122 ], [ 80.281187869084661, 13.050628677696283 ], [ 80.281190481880046, 13.049724481098819 ], [ 80.281187877051863, 13.049724473864174 ], [ 80.281190480116777, 13.048823580079684 ], [ 80.281187875474913, 13.048823572846022 ], [ 80.281190478353651, 13.04792267906056 ], [ 80.281187873898105, 13.047922671827878 ], [ 80.281190476590638, 13.047021778041429 ], [ 80.281187872321397, 13.04702177080973 ], [ 80.281190474827767, 13.0461208770223 ], [ 80.28118787074483, 13.046120869791579 ], [ 80.281190473064996, 13.045219976003178 ], [ 80.281187869168392, 13.045219968773441 ], [ 80.281190471302367, 13.044319074984053 ], [ 80.281187867592067, 13.044319067755296 ], [ 80.281190469539865, 13.043418173964934 ], [ 80.28028697064012, 13.043415664143827 ], [ 80.280289568421253, 13.042517274639895 ], [ 80.280286961822554, 13.042517267394976 ], [ 80.28028956665888, 13.04161637362067 ], [ 80.280286960246727, 13.041616366376736 ], [ 80.280289564896648, 13.040715472601445 ], [ 80.280286958671013, 13.040715465358495 ], [ 80.280289563134531, 13.039814571582223 ], [ 80.280286957095427, 13.039814564340254 ], [ 80.280289561372541, 13.038913670563002 ], [ 80.280286955519983, 13.038913663322017 ], [ 80.280289559610679, 13.038012769543778 ], [ 80.280286953944653, 13.038012762303778 ], [ 80.280289557848931, 13.037111868524558 ], [ 80.280286952369437, 13.037111861285538 ], [ 80.280289556087325, 13.03621096750534 ], [ 80.279367338132303, 13.036208403759398 ], [ 80.279367330880248, 13.03621090987628 ], [ 80.27846643895866, 13.036208402245874 ], [ 80.278466431688443, 13.036210911496116 ], [ 80.277565539785115, 13.03620840073247 ], [ 80.277565532496737, 13.036210913116065 ], [ 80.276683347633863, 13.036208451452099 ], [ 80.27668595689606, 13.035310073260092 ], [ 80.276683338753003, 13.035310065950403 ], [ 80.276685955134241, 13.034409172240444 ], [ 80.275782441884459, 13.034406648280379 ], [ 80.275785051732143, 13.033509057926965 ], [ 80.276683326012275, 13.033511567091431 ], [ 80.276685951610958, 13.032607370201152 ], [ 80.276683334030267, 13.032607362894444 ], [ 80.276685947559386, 13.031707257935892 ], [ 80.277584225492973, 13.031709763664983 ], [ 80.2775868474464, 13.030805566468754 ], [ 80.277584233498601, 13.030805559182209 ], [ 80.27758684338751, 13.029905457944363 ], [ 80.278485124973585, 13.029907960238843 ], [ 80.278487743282668, 13.029003762736901 ], [ 80.27848513296685, 13.029003755470491 ], [ 80.278487741521957, 13.028102861717487 ], [ 80.278485131393126, 13.028102854452063 ], [ 80.278487739761374, 13.027201960698068 ], [ 80.278485129819529, 13.027201953433634 ], [ 80.278487738000919, 13.02630105967865 ], [ 80.278485128246061, 13.026301052415203 ], [ 80.278487736240578, 13.025400158659236 ], [ 80.278485126672692, 13.025400151396775 ], [ 80.278487734480365, 13.024499257639825 ], [ 80.278485125099465, 13.02449925037835 ], [ 80.278487732720293, 13.023598356620413 ], [ 80.278485123526366, 13.023598349359927 ], [ 80.278487730960336, 13.022697455601005 ], [ 80.278485121953395, 13.022697448341503 ], [ 80.278487729200506, 13.021796554581595 ], [ 80.278485120380537, 13.021796547323085 ], [ 80.278487727440805, 13.020895653562192 ], [ 80.27756556652983, 13.020893086366614 ], [ 80.277562948865608, 13.021796489745592 ], [ 80.276664665782306, 13.021793985700091 ], [ 80.276662042361039, 13.022698183338948 ], [ 80.276664654623346, 13.022698190625876 ], [ 80.276662042895524, 13.023598293357068 ], [ 80.275763763462763, 13.023595785878285 ], [ 80.275761136398089, 13.024499983211035 ], [ 80.275763752291184, 13.024499990518121 ], [ 80.275761134637648, 13.025400883993148 ], [ 80.276683311854299, 13.025403458479252 ], [ 80.276683319148304, 13.025400945062794 ], [ 80.277565541814667, 13.025403404935421 ], [ 80.277562940062808, 13.026300994772743 ], [ 80.276664657919909, 13.026298489924743 ], [ 80.276664650624255, 13.026301003664521 ], [ 80.275763758745313, 13.026298488412758 ], [ 80.275763751431455, 13.026301005283678 ], [ 80.274881525115248, 13.026298539110917 ], [ 80.274884138804765, 13.025400165429312 ], [ 80.273961961968809, 13.025397584544507 ], [ 80.273961954619523, 13.025400107515546 ], [ 80.273061062794426, 13.025397583032971 ], [ 80.273061055426894, 13.025400109134955 ], [ 80.272160163620157, 13.025397581521542 ], [ 80.272157525365898, 13.026301004379434 ], [ 80.271259262873983, 13.026298480854511 ], [ 80.271259255468863, 13.026301013381179 ], [ 80.270358363700069, 13.026298479343199 ], [ 80.270358356276617, 13.026301015001021 ], [ 80.269457464526255, 13.026298477832004 ], [ 80.269457457084485, 13.026301016620979 ], [ 80.268556565352569, 13.026298476320921 ], [ 80.268556557892424, 13.02630101824105 ], [ 80.267655666178996, 13.026298474809948 ], [ 80.267655658700448, 13.026301019861231 ], [ 80.266754767005523, 13.026298473299089 ], [ 80.266754759508572, 13.02630102148153 ], [ 80.265853867832192, 13.026298471788344 ], [ 80.26585386031681, 13.02630102310194 ], [ 80.26495296865896, 13.026298470277709 ], [ 80.264950304012515, 13.027201918200157 ], [ 80.264052067914619, 13.027199369610603 ], [ 80.264049397605248, 13.028103564322929 ], [ 80.264052056593059, 13.028103571872453 ], [ 80.26404939584279, 13.029004465103618 ], [ 80.26495294666887, 13.02900702910301 ], [ 80.264950296522088, 13.029905367578779 ], [ 80.265872488179056, 13.029907981404165 ], [ 80.26587515004644, 13.029004536327164 ], [ 80.266773389236164, 13.029007078934987 ], [ 80.266773396735502, 13.029004530425139 ], [ 80.267655644277539, 13.02900702473543 ], [ 80.267653003848395, 13.029905372661519 ], [ 80.268575196065498, 13.029907976870602 ], [ 80.268575203529025, 13.029905434460494 ], [ 80.269476098694071, 13.029907975359189 ], [ 80.269476106139223, 13.029905436080838 ], [ 80.270358340313123, 13.029907921312496 ], [ 80.270355709413849, 13.030806278524699 ], [ 80.271259237942203, 13.030808820801438 ], [ 80.271256610094738, 13.031707181000048 ], [ 80.272160135571028, 13.031709720290094 ], [ 80.272157510775841, 13.032608083475507 ], [ 80.272160141389861, 13.032608090864549 ], [ 80.272157511269157, 13.033508212427183 ], [ 80.271259250293298, 13.03350568760885 ], [ 80.271259242880149, 13.033508221437696 ], [ 80.270358351120322, 13.033505686096669 ], [ 80.270355702365009, 13.034409881650479 ], [ 80.271277911814778, 13.034412477123794 ], [ 80.271277919228297, 13.03440994329511 ], [ 80.27216013084707, 13.03441242312579 ], [ 80.2721575077437, 13.035310014439116 ], [ 80.271259247146901, 13.035307489297455 ], [ 80.271256603530318, 13.036210917047507 ], [ 80.270358346400855, 13.036208388629255 ], [ 80.270355697077036, 13.0371125839948 ], [ 80.270358335152295, 13.037112591425529 ], [ 80.270355695314137, 13.038013484776236 ], [ 80.270358333578258, 13.038013492207977 ], [ 80.27035569355111, 13.038914385557671 ], [ 80.270358332004093, 13.038914392990423 ], [ 80.27035569402608, 13.039814522674613 ], [ 80.26945744093446, 13.03981199049325 ], [ 80.269457433477498, 13.039814531729712 ], [ 80.268556541762521, 13.03981198898053 ], [ 80.268553887360625, 13.040715426886957 ], [ 80.267655641017171, 13.040712888311809 ], [ 80.267652983145652, 13.041616329496614 ], [ 80.26675474027202, 13.041613787642987 ], [ 80.266754732757732, 13.041616338609472 ], [ 80.265853841100665, 13.041613786130391 ], [ 80.265853833567903, 13.04161634023146 ], [ 80.264952941929437, 13.041613784617914 ], [ 80.264952934378172, 13.041616341853551 ], [ 80.264052042758308, 13.041613783105541 ], [ 80.264049369390747, 13.042517976813796 ], [ 80.264052031426488, 13.042517984379744 ], [ 80.264049367626271, 13.043418877594455 ], [ 80.264971609138769, 13.043421497289689 ], [ 80.264971616691412, 13.043418939890069 ], [ 80.265853820683006, 13.043421442781336 ], [ 80.265851170749258, 13.044319781767431 ], [ 80.265853826642996, 13.044319789298408 ], [ 80.26585117118502, 13.045219936729918 ], [ 80.264952935634881, 13.045217387992173 ], [ 80.264950266968754, 13.04612083934056 ], [ 80.264052034890398, 13.046118287322829 ], [ 80.264052027315486, 13.046120848514764 ], [ 80.26315113571998, 13.046118285810028 ], [ 80.263148460301139, 13.047021743555801 ], [ 80.262250234975951, 13.047019185140586 ], [ 80.262250227362856, 13.047021752768435 ], [ 80.261349335805861, 13.047019183627901 ], [ 80.261349328174163, 13.047021754391542 ], [ 80.260448436635912, 13.04701918211533 ], [ 80.260448428985569, 13.047021756014765 ], [ 80.259566217130242, 13.047019234034945 ], [ 80.259568890257896, 13.046120917721646 ], [ 80.258665312953596, 13.046118331722527 ], [ 80.258667986990574, 13.045220737808354 ], [ 80.259566196497445, 13.045223308280759 ], [ 80.259568884576041, 13.044319838618225 ], [ 80.260467097556059, 13.044322405809801 ], [ 80.260467105202594, 13.044319832571109 ], [ 80.261368000187531, 13.04432240429766 ], [ 80.26137068367899, 13.043418211263022 ], [ 80.261368008407075, 13.043418203631255 ], [ 80.26137068191403, 13.042517310241511 ], [ 80.261368006833564, 13.042517302610779 ], [ 80.261370680149213, 13.041616409220001 ], [ 80.260467110284409, 13.041613830359559 ], [ 80.260469776865392, 13.04071623704367 ], [ 80.261367993895831, 13.040718800462763 ], [ 80.261370676619947, 13.039814607176979 ], [ 80.261368002113798, 13.039814599549359 ], [ 80.261370672687178, 13.038914437057919 ], [ 80.26225023175229, 13.038916943878773 ], [ 80.262247569797452, 13.039815271080112 ], [ 80.263169797584695, 13.039817896480503 ], [ 80.263172473573619, 13.038913702763583 ], [ 80.262268910763623, 13.038911130706344 ], [ 80.262271572450416, 13.038012803438081 ], [ 80.262268901587007, 13.038012795831113 ], [ 80.262271570686352, 13.037111902416685 ], [ 80.262268900014135, 13.037111894810755 ], [ 80.262271568922401, 13.036211001395294 ], [ 80.262268898441391, 13.036210993790394 ], [ 80.262271564981049, 13.035310835481924 ], [ 80.263169789722326, 13.035313391687907 ], [ 80.26316979730278, 13.035310829499757 ], [ 80.264070692352291, 13.035313390176517 ], [ 80.264070699914214, 13.03531083112134 ], [ 80.264952935653568, 13.035313335724972 ], [ 80.264950284181253, 13.036211673044322 ], [ 80.265872499184468, 13.036214288111596 ], [ 80.265872506710423, 13.036211735158394 ], [ 80.26677340181422, 13.036214286599762 ], [ 80.266776063954708, 13.035310091897752 ], [ 80.265872514868036, 13.035307533109599 ], [ 80.265875162832486, 13.034409192571806 ], [ 80.264952954512523, 13.034406577869493 ], [ 80.264952946969458, 13.03440913379187 ], [ 80.264070708094565, 13.034406629340829 ], [ 80.264073362350587, 13.033508294940768 ], [ 80.263169803921187, 13.033505727028885 ], [ 80.263172461227697, 13.032607395614614 ], [ 80.262268899748022, 13.032604824717222 ], [ 80.262271560104566, 13.03170649628836 ], [ 80.261367995575156, 13.031703922405839 ], [ 80.261370658981221, 13.030805596961999 ], [ 80.261367986389345, 13.03080558934473 ], [ 80.261370657218038, 13.029904695940509 ], [ 80.260467089829859, 13.029902119239367 ], [ 80.26046975609448, 13.029003796613939 ], [ 80.259566185657732, 13.029001216928652 ], [ 80.259568854970709, 13.028102897287264 ], [ 80.259566176438469, 13.028102889635916 ], [ 80.259568853207682, 13.027201996265562 ], [ 80.259566174867331, 13.027201988615252 ], [ 80.259568851444755, 13.026301095243864 ], [ 80.258646674449523, 13.02629845970643 ], [ 80.258646666785836, 13.026301036069331 ], [ 80.257745775277201, 13.026298458196699 ], [ 80.257743082280115, 13.027202651680085 ], [ 80.258646655396404, 13.027205237397572 ], [ 80.258643985110936, 13.028102830425171 ], [ 80.257745772136303, 13.028100259882006 ], [ 80.257745764451883, 13.028102839707666 ], [ 80.256844872964336, 13.028100258372168 ], [ 80.256842178451024, 13.029003734638721 ], [ 80.255943972222084, 13.029001157704883 ], [ 80.255943964499252, 13.029003743959889 ], [ 80.255061672658513, 13.029001209653243 ], [ 80.255064358165328, 13.028102905763552 ], [ 80.254142175449118, 13.028100253843332 ], [ 80.254139471107351, 13.029003739448759 ], [ 80.253241274707548, 13.029001153176063 ], [ 80.25323856478667, 13.029905345541913 ], [ 80.253241263248839, 13.029905353317073 ], [ 80.253238565130474, 13.030805543068006 ], [ 80.252340372396034, 13.030802953350697 ], [ 80.252340364596094, 13.030805552466802 ], [ 80.251439473225105, 13.030802951841206 ], [ 80.251439465406349, 13.0308055540895 ], [ 80.250538574054261, 13.030802950331839 ], [ 80.25053856621669, 13.030805555712309 ], [ 80.249656260198847, 13.030803002634137 ], [ 80.249658965524063, 13.029904717984587 ], [ 80.248755356026734, 13.029902100325518 ], [ 80.248758064397506, 13.029003818658062 ], [ 80.247835879681574, 13.029001144121464 ], [ 80.247835871789505, 13.029003758562476 ], [ 80.246953549254016, 13.029001196563076 ], [ 80.246956263908359, 13.028102921027919 ], [ 80.246034082909617, 13.028100240262928 ], [ 80.246034074980756, 13.028102860799105 ], [ 80.245133183739128, 13.028100238754558 ], [ 80.245133175791324, 13.028102862422317 ], [ 80.244232284568767, 13.028100237246299 ], [ 80.244232276601963, 13.028102864045648 ], [ 80.243331385398506, 13.028100235738155 ], [ 80.243331377412716, 13.028102865669091 ], [ 80.242430486228372, 13.028100234230122 ], [ 80.24243047822354, 13.028102867292647 ], [ 80.241529587058352, 13.028100232722203 ], [ 80.241526834836193, 13.029004422708121 ], [ 80.241529575453399, 13.029004430728092 ], [ 80.241526833070679, 13.029905323486094 ], [ 80.242449019786903, 13.029908020652543 ], [ 80.242449027793199, 13.029905387420975 ], [ 80.243331364259262, 13.029907964963277 ], [ 80.243328636183406, 13.030806227658715 ], [ 80.243331370677183, 13.030806235642777 ], [ 80.243328634417878, 13.031707128436899 ], [ 80.244232260318086, 13.031709765405902 ], [ 80.244229535091819, 13.032608030912462 ], [ 80.245133157947294, 13.032610664899964 ], [ 80.245130435765972, 13.033508933388124 ], [ 80.245133164329843, 13.033508941337431 ], [ 80.245130434000302, 13.034409834166521 ], [ 80.245133162759586, 13.03440984211691 ], [ 80.245130432234504, 13.035310734944913 ], [ 80.246052639731147, 13.035313420382886 ], [ 80.246055374856837, 13.03440990581654 ], [ 80.246953540793314, 13.034412517913157 ], [ 80.246956274499027, 13.033508327167302 ], [ 80.246052654507935, 13.033505699378345 ], [ 80.246055373371718, 13.032607427841215 ], [ 80.246052645002649, 13.032607419902698 ], [ 80.246055369558547, 13.031707203436715 ], [ 80.246953536084092, 13.031709815031689 ], [ 80.246956267147297, 13.030806304247772 ], [ 80.247854437146046, 13.03080891256238 ], [ 80.24785444503955, 13.03080629795353 ], [ 80.248736757891976, 13.030808857187193 ], [ 80.248734049056381, 13.031707138618827 ], [ 80.249637655521312, 13.03170975668044 ], [ 80.2496349497317, 13.03260804109436 ], [ 80.249637661807711, 13.032608048947974 ], [ 80.249634947966754, 13.033508941873306 ], [ 80.249637660236985, 13.033508949727988 ], [ 80.249634946201652, 13.03440984265225 ], [ 80.249637658666117, 13.034409850507998 ], [ 80.249634944436451, 13.035310743431184 ], [ 80.249637657095136, 13.035310751288 ], [ 80.249634942671122, 13.036211644210121 ], [ 80.24963765552404, 13.036211652068003 ], [ 80.249634942980208, 13.037111856541257 ], [ 80.248736764721485, 13.037109253204507 ], [ 80.248736756838682, 13.03711186602389 ], [ 80.247835865551835, 13.037109251694714 ], [ 80.247835857650102, 13.037111867647686 ], [ 80.246934966382298, 13.037109250185026 ], [ 80.246932231817496, 13.038013440675584 ], [ 80.246934954838579, 13.038013448592352 ], [ 80.246932232102409, 13.038913663372877 ], [ 80.246052663937917, 13.038911104501633 ], [ 80.246055383966862, 13.038012833981302 ], [ 80.245133166473323, 13.038010148007157 ], [ 80.24513315851361, 13.038012773529509 ], [ 80.244250857161447, 13.038010200738068 ], [ 80.244253583477757, 13.037111936353663 ], [ 80.244250847612378, 13.037111928371743 ], [ 80.24425358171149, 13.036211035330096 ], [ 80.244250846041965, 13.036211027349259 ], [ 80.244253579945322, 13.035310134306531 ], [ 80.244250844471679, 13.035310126326777 ], [ 80.244253578179297, 13.034409233282966 ], [ 80.24334994827376, 13.034406595868973 ], [ 80.243352677051291, 13.033508333956998 ], [ 80.242449044100837, 13.033505693561247 ], [ 80.242451775923072, 13.032607434630922 ], [ 80.241529579214472, 13.03260473692572 ], [ 80.241529571185126, 13.032607373966892 ], [ 80.240647237326186, 13.032604789799931 ], [ 80.240649975431936, 13.031706537002457 ], [ 80.239727782444717, 13.03170383306864 ], [ 80.239725024888884, 13.03260736915299 ], [ 80.238826881706828, 13.032604732401007 ], [ 80.238824120675218, 13.03350827176763 ], [ 80.237944531089866, 13.033505686291857 ], [ 80.237947279109662, 13.032607443120579 ], [ 80.237043626917313, 13.032604783985327 ], [ 80.23704637798005, 13.031706543794414 ], [ 80.237043617223648, 13.031706535666189 ], [ 80.237046376213598, 13.030805642769991 ], [ 80.236142721175298, 13.030802980826268 ], [ 80.236145475083788, 13.029904743443616 ], [ 80.236142711465007, 13.029904735298398 ], [ 80.236145473317464, 13.029003842419081 ], [ 80.235241815434136, 13.029001177667691 ], [ 80.235244572187426, 13.028102943092499 ], [ 80.234322393702257, 13.028100220662907 ], [ 80.234322385525132, 13.028102881909788 ], [ 80.233440008660679, 13.028100273909525 ], [ 80.233442771693007, 13.027202045463875 ], [ 80.232539104489661, 13.02719937160451 ], [ 80.232541870562287, 13.02630114613709 ], [ 80.232539094707775, 13.026301137919324 ], [ 80.232541868796005, 13.025400245112126 ], [ 80.231619700896587, 13.025397513624045 ], [ 80.231619692664978, 13.025400183750817 ], [ 80.230718801727576, 13.025397512117806 ], [ 80.230716012798013, 13.026301078139852 ], [ 80.22981790099206, 13.026298411450957 ], [ 80.229817892720675, 13.026301088011772 ], [ 80.228935492511937, 13.026298464943336 ], [ 80.228938271336716, 13.025400251905081 ], [ 80.228935482654478, 13.025400243611099 ], [ 80.228938269570094, 13.024499350879687 ], [ 80.22893548108766, 13.024499342586832 ], [ 80.228938267803585, 13.023598449854294 ], [ 80.228016107353639, 13.023595705921657 ], [ 80.228016099046897, 13.023598388227539 ], [ 80.22713368260375, 13.023595759483996 ], [ 80.227136467306195, 13.022697552225395 ], [ 80.227133672711474, 13.022697543896015 ], [ 80.227136465539715, 13.021796651199789 ], [ 80.226214312147633, 13.021793901232961 ], [ 80.22621430380434, 13.021796589454333 ], [ 80.225331874264626, 13.021793954877804 ], [ 80.225334663166535, 13.020896357015337 ], [ 80.226232756733395, 13.020899038149716 ], [ 80.226235562641108, 13.019994850846667 ], [ 80.225313416109572, 13.019992098050391 ], [ 80.225313407749098, 13.019994789055847 ], [ 80.224430968528722, 13.019992151723613 ], [ 80.22443376214224, 13.019093953217254 ], [ 80.223530064360062, 13.019091249421324 ], [ 80.223532861009303, 13.018193053889537 ], [ 80.223530054396761, 13.018193045488031 ], [ 80.223532859242979, 13.017292152863501 ], [ 80.222610723297251, 13.017289391021178 ], [ 80.222610714881768, 13.017292090895015 ], [ 80.22170982412834, 13.017289389517046 ], [ 80.221709815693345, 13.017292092520083 ], [ 80.220808924959542, 13.017289388013026 ], [ 80.220808916504993, 13.017292094145263 ], [ 80.219908025790858, 13.017289386509118 ], [ 80.219905199375077, 13.018192988312801 ], [ 80.219007125058184, 13.018190285843273 ], [ 80.219004295164694, 13.019093890929991 ], [ 80.218106224325723, 13.019091185177325 ], [ 80.218106215810096, 13.019093901046539 ], [ 80.217205325157607, 13.019091183673542 ], [ 80.217205316622369, 13.019093902672358 ], [ 80.21630442598962, 13.019091182169868 ], [ 80.216304417434714, 13.019093904298296 ], [ 80.215403526821731, 13.019091180666308 ], [ 80.215400683625631, 13.019994798366577 ], [ 80.214502626090209, 13.019992080000272 ], [ 80.214502617494745, 13.019994808563402 ], [ 80.213601726922661, 13.019992078496822 ], [ 80.213598876971972, 13.02089570259159 ], [ 80.212700826191593, 13.020892977830691 ], [ 80.212697971001973, 13.021797162143645 ], [ 80.212700814231809, 13.021797170775738 ], [ 80.21269796923373, 13.022698062918153 ], [ 80.21270081266735, 13.022698071551419 ], [ 80.212697967465388, 13.023598963692653 ], [ 80.212700811102792, 13.023598972327092 ], [ 80.212697967453764, 13.024499308246027 ], [ 80.211799920769025, 13.024496579675731 ], [ 80.211797063241463, 13.025400210865296 ], [ 80.210899020038383, 13.025397479009072 ], [ 80.210896159028891, 13.026301113484841 ], [ 80.209998119307969, 13.026298378342313 ], [ 80.20999525481605, 13.027202016104654 ], [ 80.209097218577767, 13.02719927767545 ], [ 80.209097209854107, 13.027202026430905 ], [ 80.208196319411869, 13.02719927617181 ], [ 80.208193448159861, 13.028102920332735 ], [ 80.207295418682122, 13.02810017550485 ], [ 80.207295409917464, 13.028102930700241 ], [ 80.20639451951655, 13.028100174001329 ], [ 80.20639451073194, 13.028102932328352 ], [ 80.205493620351092, 13.028100172497922 ], [ 80.205490739060522, 13.029003826169907 ], [ 80.204592719622042, 13.029001071830859 ], [ 80.204592710796305, 13.029003836598829 ], [ 80.203691820456939, 13.02900107032757 ], [ 80.203691811611193, 13.029003838227379 ], [ 80.20279092129195, 13.029001068824392 ], [ 80.202790912426181, 13.02900383985604 ], [ 80.201890022127074, 13.029001067321328 ], [ 80.201887127518475, 13.02990473361726 ], [ 80.201007518050389, 13.029902023369706 ], [ 80.20101039804706, 13.029003908726368 ], [ 80.200088223797664, 13.029001064315539 ], [ 80.20008821487167, 13.029003844742714 ], [ 80.199187324633129, 13.029001062812808 ], [ 80.199187315687013, 13.029003846371836 ], [ 80.198286425468709, 13.029001061310197 ], [ 80.198286416502455, 13.02900384800107 ], [ 80.197385526304402, 13.029001059807694 ], [ 80.197385517317983, 13.029003849630413 ], [ 80.196484627140222, 13.029001058305308 ], [ 80.196481712864369, 13.029904743272109 ], [ 80.195602102413844, 13.029902014673354 ], [ 80.195605001836086, 13.029003918942623 ], [ 80.195602091822906, 13.029003909911262 ], [ 80.195605000064646, 13.028103017913196 ], [ 80.194682830374603, 13.028100154465825 ], [ 80.194679909752608, 13.029003845477423 ], [ 80.193800295636819, 13.029001110926941 ], [ 80.193803201326489, 13.028103021319296 ], [ 80.19288103204677, 13.028100151462059 ], [ 80.192881022960435, 13.028102956763751 ], [ 80.19199848885998, 13.028100207181275 ], [ 80.19200140081611, 13.027202123695984 ], [ 80.191097584689899, 13.027199304884698 ], [ 80.191100499674747, 13.026301224369348 ], [ 80.190196680520074, 13.026298402588401 ], [ 80.190199598533169, 13.025400325042611 ], [ 80.189277440076935, 13.025397442952718 ], [ 80.189277430912995, 13.025400260237751 ], [ 80.18837654091331, 13.02539744145178 ], [ 80.188373597980785, 13.026301153703251 ], [ 80.18747564018868, 13.026298340785122 ], [ 80.187472693767234, 13.027202056327587 ], [ 80.186574739464277, 13.027199240118357 ], [ 80.186571789553398, 13.028102958952195 ], [ 80.185673838740101, 13.028100139451487 ], [ 80.185673829490725, 13.028102969806449 ], [ 80.184791268004858, 13.028100195595425 ], [ 80.18479420585615, 13.027202137325782 ], [ 80.183890363834934, 13.027199293300317 ], [ 80.183893304712925, 13.026301237999174 ], [ 80.182989459665279, 13.026298391005492 ], [ 80.182992403569486, 13.02540033867246 ], [ 80.182989448796164, 13.025400329360775 ], [ 80.182992401796923, 13.02449943764152 ], [ 80.18208855393388, 13.024496587863874 ], [ 80.182091500653272, 13.023598538314603 ], [ 80.181169350728581, 13.023595627781543 ], [ 80.18116934138294, 13.023598472880289 ], [ 80.180268451565738, 13.023595626281837 ], [ 80.180268442199534, 13.023598474511246 ], [ 80.179367552403022, 13.023595624782246 ], [ 80.179367543016212, 13.02359847614232 ], [ 80.17846665324042, 13.023595623282766 ], [ 80.178463674685133, 13.024499369386819 ], [ 80.177565752518348, 13.02449652261636 ], [ 80.177562769063314, 13.0254006988418 ], [ 80.178466629883701, 13.025403564625105 ], [ 80.178463669720415, 13.026301601316851 ], [ 80.179385829028931, 13.026304522067644 ], [ 80.179385838418753, 13.026301670341121 ], [ 80.180268426710313, 13.026304462686154 ], [ 80.180265472808429, 13.027202505496696 ], [ 80.181187635867971, 13.027205420036356 ], [ 80.181187645217875, 13.02720257438906 ], [ 80.182070223536712, 13.027205360746475 ], [ 80.182067275897239, 13.02810340967652 ], [ 80.182070231305048, 13.02810341900252 ], [ 80.1820672755765, 13.029003868019489 ], [ 80.181169341366456, 13.029001032781961 ], [ 80.18116636991968, 13.029905209513318 ], [ 80.18116932900881, 13.029905218862421 ], [ 80.181166368146251, 13.030806110283997 ], [ 80.181169327447321, 13.030806119634372 ], [ 80.181166366372679, 13.03170701105468 ], [ 80.182070215722987, 13.03170986552027 ], [ 80.182067267030618, 13.032607913530473 ], [ 80.182971113353602, 13.032610765026988 ], [ 80.182968169146918, 13.033508371483039 ], [ 80.182070232722921, 13.033505538450051 ], [ 80.182070223383889, 13.033508382427833 ], [ 80.181169333561257, 13.033505536949036 ], [ 80.181166361051211, 13.034409713366708 ], [ 80.18116932120013, 13.034409722722167 ], [ 80.181166359277142, 13.035310614137382 ], [ 80.18116931963803, 13.035310623494107 ], [ 80.181166358940374, 13.036211077750615 ], [ 80.18026842971544, 13.036208237948085 ], [ 80.180268420331402, 13.036211088740867 ], [ 80.179367530554373, 13.036208236446967 ], [ 80.179367521149672, 13.036211090373232 ], [ 80.178484963814654, 13.036208293082964 ], [ 80.178487926226467, 13.035310258541218 ], [ 80.177584059642726, 13.035307390788246 ], [ 80.177587025081536, 13.034409359215598 ], [ 80.177584048636646, 13.034409349767479 ], [ 80.177587023307012, 13.033508458183986 ], [ 80.177584047075257, 13.033508448737152 ], [ 80.177587021532617, 13.032607557152378 ], [ 80.177584045513981, 13.032607547706826 ], [ 80.177587019758334, 13.03170665612077 ], [ 80.17758404395282, 13.031706646676501 ], [ 80.17758701798418, 13.030805755089164 ], [ 80.176664842436409, 13.030802826947033 ], [ 80.17666483297738, 13.030805689170398 ], [ 80.175763943275086, 13.030802825447022 ], [ 80.175763933795338, 13.030805690802671 ], [ 80.174863044113877, 13.030802823947127 ], [ 80.174863034613381, 13.030805692435049 ], [ 80.173980441395756, 13.030802880765945 ], [ 80.173983418725129, 13.029904860880039 ], [ 80.173980430314273, 13.029904851355425 ], [ 80.173983416950762, 13.029003959848001 ], [ 80.173061248911367, 13.029001019282795 ], [ 80.173061239371933, 13.029003893665879 ], [ 80.172160349750271, 13.029001017783456 ], [ 80.172160340190032, 13.029003895298416 ], [ 80.171277730446491, 13.029001074733124 ], [ 80.171280717060853, 13.028103063933353 ], [ 80.170376826276623, 13.02810017244067 ], [ 80.170379815914146, 13.027202164606901 ], [ 80.170376815116654, 13.02720215500293 ], [ 80.170379814139679, 13.026301263574435 ], [ 80.170376813557183, 13.02630125397177 ], [ 80.170379812365368, 13.025400362541964 ], [ 80.170376811997841, 13.025400352940604 ], [ 80.170379810591157, 13.024499461509503 ], [ 80.170376810438611, 13.024499451909447 ], [ 80.170379807483215, 13.023598961267771 ], [ 80.171277700592611, 13.023601832651932 ], [ 80.171277710165043, 13.023598953301139 ], [ 80.172178603232709, 13.023601831153462 ], [ 80.172178612784336, 13.023598954933142 ], [ 80.173079505872707, 13.023601829654877 ], [ 80.173082505161247, 13.022697654328812 ], [ 80.173079515206766, 13.022697644793787 ], [ 80.173082503387775, 13.021796753296679 ], [ 80.173079513647565, 13.02179674376295 ], [ 80.173082501614431, 13.020895852264546 ], [ 80.173079512088506, 13.020895842732115 ], [ 80.173082499841215, 13.019994951232418 ], [ 80.173079510529547, 13.019994941701283 ], [ 80.173082496701994, 13.019094462171354 ], [ 80.173980400719529, 13.019097323309518 ], [ 80.173980410223152, 13.019094454272826 ], [ 80.174881303358703, 13.01909732181125 ], [ 80.174884295041153, 13.018193145759303 ], [ 80.174881312667765, 13.018193136272229 ], [ 80.174884291882023, 13.017292663820033 ], [ 80.175782202880953, 13.017295518374624 ], [ 80.175782212340579, 13.01729265596515 ], [ 80.176683105519672, 13.01729551687635 ], [ 80.176686088835993, 13.016391766253983 ], [ 80.17756574629945, 13.016394556519154 ], [ 80.17756278501713, 13.017292591909435 ], [ 80.178484910796755, 13.017295513879461 ], [ 80.178487888987618, 13.01639133687998 ], [ 80.178484920059418, 13.016391327478143 ], [ 80.178487887215738, 13.015490435848509 ], [ 80.177565768108479, 13.015487514286855 ], [ 80.177565758691912, 13.015490370254648 ], [ 80.176683122683286, 13.015487570717319 ], [ 80.17668608669797, 13.014589538224136 ], [ 80.175763971339805, 13.014586610457698 ], [ 80.175763961883234, 13.014589472499056 ], [ 80.174863072176493, 13.014586608959757 ], [ 80.174863062699217, 13.014589474129775 ], [ 80.173962173013265, 13.014586607461927 ], [ 80.173962163515284, 13.014589475760603 ], [ 80.173079510696965, 13.014586664088958 ], [ 80.173082487432211, 13.01368864400755 ], [ 80.17216037624469, 13.01368570363433 ], [ 80.17215737712236, 13.014589469488632 ], [ 80.171259475524309, 13.014586602969123 ], [ 80.171259465964084, 13.014589480653786 ], [ 80.170376802876234, 13.01458665975345 ], [ 80.170379787968741, 13.013689052624743 ], [ 80.171277683455841, 13.013691921985593 ], [ 80.171280686912127, 13.012787746383436 ], [ 80.171277692807649, 13.012787736821135 ], [ 80.171280685139806, 13.011886845351107 ], [ 80.170376798199527, 13.011883957216128 ], [ 80.170379783993283, 13.010985946022723 ], [ 80.170376787065251, 13.010985936442234 ], [ 80.170379782221104, 13.010085044990287 ], [ 80.170376785508026, 13.0100850354111 ], [ 80.170379780449053, 13.009184143957849 ], [ 80.170376783950914, 13.009184134379968 ], [ 80.170379778677116, 13.008283242925414 ], [ 80.169475889359347, 13.008280352388766 ], [ 80.169478877530395, 13.007382343596607 ], [ 80.168556790489149, 13.007379391822619 ], [ 80.168556780876912, 13.007382277407082 ], [ 80.167674082588633, 13.007379448654918 ], [ 80.167677077008193, 13.006481445971449 ], [ 80.166754993718357, 13.006478487998789 ], [ 80.166754984065733, 13.006481379651174 ], [ 80.165854094555129, 13.006478486502953 ], [ 80.165854084881602, 13.006481381282205 ], [ 80.164971373211586, 13.006478543478121 ], [ 80.164974375818801, 13.005580935894359 ], [ 80.16587225361711, 13.005583822233781 ], [ 80.165875273412112, 13.004680036719124 ], [ 80.166773154700124, 13.004682919767911 ], [ 80.166776171005694, 13.003779137543624 ], [ 80.167674055782925, 13.003782017302154 ], [ 80.167677068599545, 13.002878238367851 ], [ 80.168574956865484, 13.002881114836489 ], [ 80.168577966193652, 13.001977339191805 ], [ 80.16947585794783, 13.001980212370935 ], [ 80.169475867530579, 13.001977331212883 ], [ 80.170376760585356, 13.001980210875303 ], [ 80.170379763154244, 13.001076441624631 ], [ 80.171277661667233, 13.001079308409841 ], [ 80.17127767120715, 13.001076433688283 ], [ 80.172178564304403, 13.001079306914091 ], [ 80.172178573823587, 13.001076435317973 ], [ 80.173079466941473, 13.001079305418225 ], [ 80.173079476439938, 13.001076436947551 ], [ 80.173980369578416, 13.001079303922252 ], [ 80.173983358847053, 13.000175547274177 ], [ 80.174881270659384, 13.000178401456882 ], [ 80.174881280115216, 13.000175539421486 ], [ 80.175782173296, 13.000178399960788 ], [ 80.175782182731183, 13.000175541050627 ], [ 80.176683075932488, 13.00017839846458 ], [ 80.176686056593311, 12.999274220685733 ], [ 80.176683085209319, 12.999274211267005 ], [ 80.176686054823591, 12.998373319654076 ], [ 80.176683083652904, 12.998373310236632 ], [ 80.176686053053999, 12.997472418622417 ], [ 80.176683082096602, 12.997472409206257 ], [ 80.176686049862866, 12.996571948954285 ], [ 80.177583972345232, 12.996574793092428 ], [ 80.177586948890678, 12.995670614857799 ], [ 80.177583981608919, 12.99567060546479 ], [ 80.177586947121569, 12.994769713826258 ], [ 80.176683086835936, 12.994766851250064 ], [ 80.176686045976851, 12.993868814495817 ], [ 80.175782182675036, 12.993865948960297 ], [ 80.175785144831906, 12.992967915165281 ], [ 80.174881278514363, 12.992965046670815 ], [ 80.174884243686719, 12.99206701583463 ], [ 80.174881267512902, 12.992067006384946 ], [ 80.174884241917766, 12.991166114802777 ], [ 80.174881265957723, 12.991166105354379 ], [ 80.174884238741072, 12.990265640234963 ], [ 80.175782156188419, 12.99026848929975 ], [ 80.17578216560949, 12.990265632415976 ], [ 80.176683058823627, 12.990268487804741 ], [ 80.17668603570597, 12.989364742663549 ], [ 80.177583959903984, 12.989367585340638 ], [ 80.17758693474137, 12.988463406605517 ], [ 80.176683075938968, 12.988460545325706 ], [ 80.17668603359671, 12.987562507274328 ], [ 80.175764018024623, 12.987559585477211 ], [ 80.175764008606592, 12.987562441992699 ], [ 80.174863118857772, 12.987559583982534 ], [ 80.17486310941915, 12.987562443620645 ], [ 80.173962219691035, 12.987559582487977 ], [ 80.173962210231778, 12.987562445248697 ], [ 80.173061320524411, 12.987559580993521 ], [ 80.17306131104452, 12.987562446876868 ], [ 80.172160421357916, 12.987559579499186 ], [ 80.172160411857362, 12.987562448505154 ], [ 80.171259522191519, 12.987559578004959 ], [ 80.171259512670275, 12.987562450133547 ], [ 80.17037675615957, 12.987559634381997 ], [ 80.170379736188636, 12.986661618147448 ], [ 80.169475852000716, 12.98665873209432 ], [ 80.169478835042142, 12.985760718816076 ], [ 80.169475840885767, 12.985760709251325 ], [ 80.169478833273388, 12.984859817783574 ], [ 80.168574946287308, 12.984856928961475 ], [ 80.168577932126681, 12.983958918451982 ], [ 80.168574935154581, 12.983958908869086 ], [ 80.168577930358055, 12.983058017419379 ], [ 80.167674040574738, 12.98305512582912 ], [ 80.167677029211134, 12.982157118087583 ], [ 80.166773136417135, 12.982154223542487 ], [ 80.166776128063987, 12.981256218755686 ], [ 80.165854138063565, 12.981253263221895 ], [ 80.165851122522241, 12.982157439764368 ], [ 80.165854125553977, 12.982157449396858 ], [ 80.165851120753487, 12.983058340533283 ], [ 80.165854124001086, 12.983058350167088 ], [ 80.165851118984634, 12.983959241302204 ], [ 80.165854122448053, 12.983959250937321 ], [ 80.165851117215652, 12.984860142071113 ], [ 80.165854120894906, 12.984860151707549 ], [ 80.165851116763022, 12.985760648232777 ], [ 80.164953231135542, 12.985757765885868 ], [ 80.164950211253654, 12.986661941907361 ], [ 80.164953218611316, 12.986661951567264 ], [ 80.164950209484175, 12.987562842676162 ], [ 80.164953217057914, 12.987562852337385 ], [ 80.164950209019224, 12.988463352890991 ], [ 80.164052327311722, 12.988460466886458 ], [ 80.164049303520969, 12.989364642511743 ], [ 80.164052314774281, 12.989364652196468 ], [ 80.164049301750978, 12.990265543280428 ], [ 80.164052313220623, 12.990265552966477 ], [ 80.164049301273678, 12.991166057549826 ], [ 80.163151423487605, 12.991163167886528 ], [ 80.163148395786536, 12.992067343115341 ], [ 80.163151410936919, 12.992067352824932 ], [ 80.163148395297682, 12.99296786119243 ], [ 80.162250521216521, 12.992964968055048 ], [ 80.162247489821254, 12.993869142949704 ], [ 80.162250508653329, 12.993869152682873 ], [ 80.162247488050411, 12.994770043718164 ], [ 80.16315139655633, 12.994772956676004 ], [ 80.163148388703888, 12.995670946189632 ], [ 80.163151404720494, 12.995670955904515 ], [ 80.163148386932903, 12.996571846958197 ], [ 80.163151403166083, 12.996571856674406 ], [ 80.163148386439715, 12.997472366276696 ], [ 80.162250513448569, 12.997469472210222 ], [ 80.162247480965775, 12.998373646791997 ], [ 80.162250500881825, 12.998373656531797 ], [ 80.162247479194306, 12.99927454756045 ], [ 80.162250499327158, 12.999274557301582 ], [ 80.162247478688656, 13.000175070937136 ], [ 80.161349609622818, 13.000172173208849 ], [ 80.161346573225941, 13.001076347393587 ], [ 80.162250486468736, 13.00107926481717 ], [ 80.16224747387912, 13.001977249865806 ], [ 80.162250494662388, 13.001977259610918 ], [ 80.16224747210714, 13.002878150634253 ], [ 80.163151382551291, 13.002881065288211 ], [ 80.163148372760531, 13.003779053106681 ], [ 80.164052280189978, 13.003781964801975 ], [ 80.16404927469587, 13.004679572801251 ], [ 80.163151400176375, 13.004676680353787 ], [ 80.163148369216174, 13.005580854643787 ], [ 80.163151387615073, 13.005580864373236 ], [ 80.16314836744381, 13.00648175541234 ], [ 80.164052275518671, 13.006484667672332 ], [ 80.164049268097415, 13.007382657885199 ], [ 80.164971354089317, 13.007385625670207 ], [ 80.164971363784218, 13.007382727764288 ], [ 80.165854072351507, 13.007385565741835 ], [ 80.165851071177642, 13.008283562062344 ], [ 80.166754969988929, 13.008286465254546 ], [ 80.1667519718319, 13.009184464535405 ], [ 80.166754978086942, 13.009184474186466 ], [ 80.166751970059494, 13.010085365304386 ], [ 80.166754976530186, 13.010085374956757 ], [ 80.16675196828696, 13.010986266073363 ], [ 80.166754974973301, 13.010986275727049 ], [ 80.166751967819195, 13.011886776102971 ], [ 80.165872285164781, 13.01188394999348 ], [ 80.165875287119874, 13.010985954544168 ], [ 80.164953187612952, 13.010982989164221 ], [ 80.164953177911926, 13.010985888003264 ], [ 80.16405228845052, 13.010982987668068 ], [ 80.164049259233636, 13.011887161728454 ], [ 80.164953165367166, 13.011890071968853 ], [ 80.164950159887397, 13.012788064201954 ], [ 80.164953173512004, 13.012788073900092 ], [ 80.164950158114252, 13.013688964970706 ], [ 80.164953171954991, 13.013688974670163 ], [ 80.164950156340979, 13.01458986573946 ], [ 80.1658722691771, 13.014592831937204 ], [ 80.165875291145213, 13.013689044571878 ], [ 80.166754960639409, 13.013691870993371 ], [ 80.166751961195573, 13.014589869149251 ], [ 80.166754968744556, 13.014589878808195 ], [ 80.166751960724369, 13.015490380168904 ], [ 80.165854078992723, 13.015487494818078 ], [ 80.165854069306036, 13.015490391461112 ], [ 80.164953179830775, 13.015487493321272 ], [ 80.164950152794063, 13.01639166727696 ], [ 80.164953167283187, 13.016391676980374 ], [ 80.16495015102042, 13.017292568045708 ], [ 80.165854055209905, 13.017295476263984 ], [ 80.165851052964413, 13.018193084829662 ], [ 80.164953175159965, 13.018190195815526 ], [ 80.164950148752354, 13.019093987457717 ], [ 80.164052274441431, 13.01909109514982 ], [ 80.16405226470755, 13.019093998797642 ], [ 80.163151375280165, 13.019091093652801 ], [ 80.163151365525295, 13.019094000430307 ], [ 80.162268687200836, 13.019091150976369 ], [ 80.162271703809466, 13.018193169630749 ], [ 80.16226867586785, 13.018193159851466 ], [ 80.162271702035227, 13.017292268597316 ], [ 80.161349580071317, 13.01728928899713 ], [ 80.161349570277039, 13.017292201659277 ], [ 80.160448680910179, 13.017289287500667 ], [ 80.160448671094841, 13.017292203292097 ], [ 80.15954778174914, 13.017289286004317 ], [ 80.159544735904376, 13.018193096111393 ], [ 80.158646881031999, 13.018190185338744 ], [ 80.158646871173147, 13.018193107576705 ], [ 80.157745981871301, 13.018190183842512 ], [ 80.157745971991332, 13.018193109209962 ], [ 80.156863269990396, 13.018190241465271 ], [ 80.156866305785471, 13.017292278834006 ], [ 80.155944185106179, 13.017289280020048 ], [ 80.155944175185226, 13.01729221145791 ], [ 80.155043285945709, 13.017289278524268 ], [ 80.155043276003568, 13.017292213091409 ], [ 80.154142386785381, 13.01728927702859 ], [ 80.154142376822008, 13.017292214725028 ], [ 80.153259657996614, 13.017289334845612 ], [ 80.153262706508059, 13.016391384626196 ], [ 80.15234059002033, 13.01638837320769 ], [ 80.152340580015832, 13.016391316973333 ], [ 80.151439690860201, 13.016388371712468 ], [ 80.151436615752843, 13.017292209605058 ], [ 80.150538790145134, 13.017289271047034 ], [ 80.150538780096682, 13.017292221260643 ], [ 80.14963789098536, 13.017289269551924 ], [ 80.149637880915591, 13.017292222894831 ], [ 80.148736991825714, 13.017289268056929 ], [ 80.148736981734586, 13.017292224529131 ], [ 80.147836092666168, 13.017289266562043 ] ], [ [ 80.209998051935997, 13.065037114330542 ], [ 80.209995176891255, 13.065941294976048 ], [ 80.209998039909394, 13.065941303725534 ], [ 80.209995176818182, 13.066841660639689 ], [ 80.209097149635937, 13.066838914495984 ], [ 80.209094272594271, 13.0677425632637 ], [ 80.208196248905651, 13.067739813824334 ], [ 80.208196240108535, 13.067742573667484 ], [ 80.207313902165922, 13.06773986921327 ], [ 80.207316768072118, 13.066841739990496 ], [ 80.207313891779123, 13.066841731170037 ], [ 80.207316766296898, 13.06594083896241 ], [ 80.207313890209377, 13.06594083014315 ], [ 80.207316764521792, 13.06503993793433 ], [ 80.206412994843475, 13.065037165209521 ], [ 80.206415863383967, 13.06413903861214 ], [ 80.205493557700464, 13.064136205953631 ], [ 80.205493548847997, 13.064138974508833 ], [ 80.204592658539823, 13.064136204445985 ], [ 80.204589765682044, 13.065039868286288 ], [ 80.203691757810716, 13.065037103774674 ], [ 80.20368886145846, 13.065940770911203 ], [ 80.202790857081823, 13.065938003103263 ], [ 80.202787955602574, 13.066842182100848 ], [ 80.202790844964625, 13.066842191011979 ], [ 80.202787955458149, 13.067742574549257 ], [ 80.20188995478442, 13.067739803267765 ], [ 80.201887051233768, 13.068643477174799 ], [ 80.200989054055967, 13.068640702596038 ], [ 80.200989045096748, 13.068643487741461 ], [ 80.200106682853686, 13.068640758431114 ], [ 80.200109574945159, 13.06774265467228 ], [ 80.200106672305395, 13.067742645689512 ], [ 80.200109573168874, 13.066841753643331 ], [ 80.199205777102634, 13.066838955279326 ], [ 80.199208672029172, 13.065940854321378 ], [ 80.199205766536906, 13.065940845320805 ], [ 80.199208670253014, 13.06503995329232 ], [ 80.198304871352448, 13.065037152128022 ], [ 80.1983077691131, 13.064139053970159 ], [ 80.197403967172434, 13.064136249826078 ], [ 80.197406866391617, 13.063238644257646 ], [ 80.198304848598951, 13.063241430167563 ], [ 80.198304857610779, 13.063238636852967 ], [ 80.199205751240797, 13.06324142866092 ], [ 80.199205760232374, 13.063238638485615 ], [ 80.200106653882528, 13.063241427154166 ], [ 80.200109562680609, 13.062337748306126 ], [ 80.201007554956263, 13.062340524681341 ], [ 80.201007563906217, 13.062337740962986 ], [ 80.201889944707901, 13.062340466033076 ], [ 80.201887060266344, 13.063238577301705 ], [ 80.202809361807013, 13.063241422633226 ], [ 80.202812260745432, 13.062337753142227 ], [ 80.203710262880051, 13.062340520160387 ], [ 80.20371315832449, 13.061436853965009 ], [ 80.20461116395289, 13.061439617687652 ], [ 80.204611172821075, 13.061436846703197 ], [ 80.205512066593684, 13.061439616180429 ], [ 80.205514955258622, 13.06053595639901 ], [ 80.206412967666068, 13.060538713707796 ], [ 80.206412976492913, 13.060535949178279 ], [ 80.207295343002244, 13.060538655409225 ], [ 80.207292478446689, 13.061436785989855 ], [ 80.20819624062463, 13.06143955490762 ], [ 80.208193379111023, 13.062337688469086 ], [ 80.208196247843489, 13.062337697253781 ], [ 80.208193377336542, 13.063238589242967 ], [ 80.209115680293507, 13.063241412080412 ], [ 80.209115689063893, 13.063238656437234 ], [ 80.209998035868651, 13.063241353903575 ], [ 80.209995180440401, 13.064139493427856 ], [ 80.210898933490284, 13.064142253401126 ], [ 80.210896082816973, 13.065039857003892 ], [ 80.209998051935997, 13.065037114330542 ] ], [ [ 80.209998073896386, 13.052424502612958 ], [ 80.209998065159425, 13.052427253176937 ], [ 80.209097174733643, 13.052424501106161 ], [ 80.209097165976743, 13.052427254807204 ], [ 80.208214778082805, 13.052424556217558 ], [ 80.208217637274828, 13.051526420809084 ], [ 80.207313873905889, 13.051523653914991 ], [ 80.207316734450117, 13.050626050938034 ], [ 80.208214755700951, 13.050628800076835 ], [ 80.208217632032515, 13.049725151758752 ], [ 80.20911565677271, 13.049727897605459 ], [ 80.209115665525289, 13.049725144610976 ], [ 80.210016559411429, 13.049727896099096 ], [ 80.210016568144056, 13.049725146240872 ], [ 80.210898958613484, 13.049727838175837 ], [ 80.210896109480515, 13.050625983519863 ], [ 80.210898965758332, 13.050625992229302 ], [ 80.21089610770801, 13.051526884294098 ], [ 80.210898964190122, 13.051526893004716 ], [ 80.210896107655799, 13.052427242834984 ], [ 80.209998073896386, 13.052424502612958 ] ], [ [ 80.21089899969455, 13.037109189890156 ], [ 80.210898990997578, 13.037111934321489 ], [ 80.209998100529688, 13.037109188385092 ], [ 80.209995233568165, 13.038012828250654 ], [ 80.209097199799402, 13.038010087716954 ], [ 80.209097191061502, 13.038012838592211 ], [ 80.208196300634896, 13.038010086212012 ], [ 80.208193426907613, 13.038913732480886 ], [ 80.207295399905078, 13.038910985543771 ], [ 80.207292522691247, 13.039814635102491 ], [ 80.206394499175445, 13.039811884875435 ], [ 80.20639161678892, 13.040716066489559 ], [ 80.206394487122893, 13.040716075285612 ], [ 80.206391616702263, 13.041616438736886 ], [ 80.205493596880501, 13.041613685043368 ], [ 80.205490712485116, 13.042517341359119 ], [ 80.204592696151337, 13.042514584374713 ], [ 80.204589808267698, 13.043418243981622 ], [ 80.203710249362842, 13.043415540460279 ], [ 80.203713122722021, 13.042517419046654 ], [ 80.202809345188442, 13.042514638159622 ], [ 80.202812221583486, 13.041616519721803 ], [ 80.202809334739001, 13.041616510834643 ], [ 80.202812218160375, 13.040716134206814 ], [ 80.203710225280147, 13.040718896984481 ], [ 80.203713115745302, 13.039815235027453 ], [ 80.204611126353143, 13.039817994514296 ], [ 80.204614015000089, 13.038913813229604 ], [ 80.204611135295792, 13.038913804386171 ], [ 80.204614011558206, 13.038013435058673 ], [ 80.205512025860841, 13.038016191078736 ], [ 80.205514910823482, 13.037112009470041 ], [ 80.204592705542979, 13.037109179357104 ], [ 80.204592696706456, 13.037111945723966 ], [ 80.203710238394805, 13.037109234514258 ], [ 80.203713110318674, 13.036211111847383 ], [ 80.202809334222067, 13.036208332214297 ], [ 80.202812209180223, 13.035310212521782 ], [ 80.201908430049585, 13.035307429914628 ], [ 80.201911308041559, 13.034409313196074 ], [ 80.20190841959085, 13.034409304298492 ], [ 80.201911306270176, 13.033508412167398 ], [ 80.201007524311734, 13.033505626766123 ], [ 80.201010403492091, 13.032608023888038 ], [ 80.20190840592403, 13.032610791300057 ], [ 80.201911301079193, 13.031707124708236 ], [ 80.202809306997551, 13.031709888830841 ], [ 80.202809315866176, 13.031707117443245 ], [ 80.203691796401174, 13.031709830745546 ], [ 80.203688925424558, 13.032607954419527 ], [ 80.204611113835867, 13.03261078678954 ], [ 80.204611122665639, 13.032608021488766 ], [ 80.205512016472923, 13.032610785285808 ], [ 80.205512025282687, 13.032608023117472 ], [ 80.206412919109852, 13.032610783781964 ], [ 80.206412927899649, 13.032608024746072 ], [ 80.207295391619823, 13.032610725896898 ], [ 80.207292533392902, 13.03350886200192 ], [ 80.207295398824627, 13.033508870768477 ], [ 80.207292531622343, 13.034409762775752 ], [ 80.20821472751291, 13.034412582704265 ], [ 80.208214736265219, 13.034409829579552 ], [ 80.209115630149739, 13.034412581199865 ], [ 80.20911850120612, 13.033508398548548 ], [ 80.209115639032547, 13.033508389812102 ], [ 80.209118499435789, 13.032607497520745 ], [ 80.208196310025627, 13.032604681191867 ], [ 80.208196301274938, 13.03260743413991 ], [ 80.207313840986941, 13.032604736068768 ], [ 80.207316697231178, 13.031707134360236 ], [ 80.208214722818838, 13.031709879808762 ], [ 80.208214731567566, 13.031707127214608 ], [ 80.209115625455311, 13.031709878304689 ], [ 80.209115634184144, 13.031707128842765 ], [ 80.209998090775812, 13.031709820593342 ], [ 80.209995242468622, 13.032607966333341 ], [ 80.209998097919495, 13.032607975039012 ], [ 80.209995240698532, 13.033508867107493 ], [ 80.210898986838899, 13.033511621046069 ], [ 80.210896141363861, 13.034409769583391 ], [ 80.211818338059544, 13.034412576685982 ], [ 80.211818346732343, 13.034409836092623 ], [ 80.212700783664971, 13.034412519095589 ], [ 80.212697946214703, 13.03531012038882 ], [ 80.211799901990929, 13.035307389721071 ], [ 80.211797040259199, 13.036211572833766 ], [ 80.211799890009104, 13.036211581504464 ], [ 80.211797040228461, 13.037111924021145 ], [ 80.21089899969455, 13.037109189890156 ] ], [ [ 80.180268379654279, 13.059634515167074 ], [ 80.17936748991346, 13.059631658111279 ], [ 80.179367480475534, 13.059634516801843 ], [ 80.178466590755562, 13.059631656607449 ], [ 80.178466581296888, 13.059634518436727 ], [ 80.177565691597749, 13.059631655103727 ], [ 80.177565682118328, 13.059634520071723 ], [ 80.176683199273668, 13.059631712198815 ], [ 80.176686173674241, 13.058733688778647 ], [ 80.175763894846696, 13.058730751263793 ], [ 80.175763885326973, 13.05873362232521 ], [ 80.174881392483456, 13.058730808451678 ], [ 80.174884373160893, 13.057832791164868 ], [ 80.173962098095501, 13.057829847424745 ], [ 80.17395909497489, 13.058733616039927 ], [ 80.173061197374309, 13.058730746754314 ], [ 80.173061187792058, 13.058733627231289 ], [ 80.172160298217079, 13.058730745251378 ], [ 80.172160288613924, 13.058733628866879 ], [ 80.171277782034039, 13.058730802651796 ], [ 80.171280775688956, 13.057832798002179 ], [ 80.171277770846217, 13.05783278837472 ], [ 80.171280773910325, 13.056931896969768 ], [ 80.171277769282398, 13.056931887343612 ], [ 80.171280772131823, 13.056030995937355 ], [ 80.171277767718706, 13.056030986312503 ], [ 80.171280769035377, 13.055130490383181 ], [ 80.172178657863242, 13.055133365086061 ], [ 80.172178667460372, 13.055130482394871 ], [ 80.173079560507347, 13.055133363583666 ], [ 80.173082565974298, 13.054229592825727 ], [ 80.173980461588101, 13.054232461111919 ], [ 80.17398346355462, 13.053328693653674 ], [ 80.174881362668643, 13.053331558640272 ], [ 80.174881372200602, 13.053328685730092 ], [ 80.175782265312165, 13.053331557137758 ], [ 80.175782274823334, 13.053328687364688 ], [ 80.176664783028954, 13.053331497132417 ], [ 80.176661809821965, 13.054229521780851 ], [ 80.177584072162446, 13.054232455101213 ], [ 80.177584081633356, 13.054229591418725 ], [ 80.178484974805741, 13.054232453598251 ], [ 80.178484984255903, 13.054229593053076 ], [ 80.179385877448937, 13.05423245209518 ], [ 80.179388859706336, 13.053328703335557 ], [ 80.180286778528071, 13.053331549623502 ], [ 80.180286787935543, 13.053328695535965 ], [ 80.181187681170911, 13.053331548120317 ], [ 80.181187690557707, 13.053328697169874 ], [ 80.18207017817366, 13.053331488432958 ], [ 80.182067224426874, 13.054229532028867 ], [ 80.182971075798534, 13.054232387937292 ], [ 80.182968125084827, 13.055130434507328 ], [ 80.183890392227639, 13.055133345546171 ], [ 80.183890401555104, 13.055130503642594 ], [ 80.184791294870251, 13.055133344042316 ], [ 80.184791304177125, 13.055130505276235 ], [ 80.185692197512765, 13.05513334253834 ], [ 80.185695156989482, 13.054229615414219 ], [ 80.186593098590293, 13.054232440066537 ], [ 80.186593107854804, 13.054229607757067 ], [ 80.187494001232437, 13.054232438562449 ], [ 80.187494010476442, 13.054229609390278 ], [ 80.188376470946508, 13.054232379233561 ], [ 80.188373539695277, 13.055130444751287 ], [ 80.189277368570998, 13.055133278736506 ], [ 80.189274440354836, 13.05603134722984 ], [ 80.189277376209489, 13.056031356430783 ], [ 80.189274438578778, 13.05693224800145 ], [ 80.189277374643325, 13.056932257203645 ], [ 80.189274436802606, 13.057833148773058 ], [ 80.189277373077047, 13.0578331579765 ], [ 80.189274435026292, 13.058734049544668 ], [ 80.189277371510642, 13.058734058749359 ], [ 80.189274434752477, 13.05963448961972 ], [ 80.188376481498892, 13.059631673155796 ], [ 80.18837647226708, 13.059634500459284 ], [ 80.187494030612086, 13.059631729610174 ], [ 80.18749696607486, 13.058733668278856 ], [ 80.186574684746503, 13.058730769311852 ], [ 80.186574675474901, 13.058733602711143 ], [ 80.185692223822741, 13.058730825859776 ], [ 80.185695165565676, 13.057832770663687 ], [ 80.184772887993972, 13.057829865468786 ], [ 80.184772878682509, 13.057832704963088 ], [ 80.183871988835136, 13.057829863964495 ], [ 80.183871979503067, 13.057832706597104 ], [ 80.182971089676414, 13.05782986246032 ], [ 80.182968119415676, 13.058733599898838 ], [ 80.18207018895292, 13.058730761789853 ], [ 80.182070179578332, 13.058733610881678 ], [ 80.181169289794539, 13.058730760285792 ], [ 80.181166312748616, 13.059634504141348 ], [ 80.1802683890715, 13.059631659615224 ], [ 80.180268379654279, 13.059634515167074 ] ], [ [ 80.182088565053462, 13.042520734997616 ], [ 80.182088574404375, 13.042517889375979 ], [ 80.182971096149785, 13.042520675527859 ], [ 80.182968148170986, 13.04341872448609 ], [ 80.182971103916856, 13.043418733813063 ], [ 80.182968147845656, 13.044319183661283 ], [ 80.182088588326835, 13.044316406500451 ], [ 80.182091539678737, 13.043418360998063 ], [ 80.181187684152675, 13.043415504204107 ], [ 80.181190637102162, 13.042517897120257 ], [ 80.182088565053462, 13.042520734997616 ] ], [ [ 80.166776194058002, 13.015490847753371 ], [ 80.167674076013142, 13.015493729913789 ], [ 80.167674085657197, 13.01549083971465 ], [ 80.168574978652671, 13.01549372841675 ], [ 80.168574988275836, 13.015490841346278 ], [ 80.169457655105091, 13.015493668571864 ], [ 80.169454664932573, 13.016391675801698 ], [ 80.169457663149672, 13.016391685400666 ], [ 80.16945466448891, 13.017292177368756 ], [ 80.168556773364571, 13.017289300972887 ], [ 80.168556763737953, 13.017292188600821 ], [ 80.167674099731457, 13.017289357955244 ], [ 80.167677096507433, 13.01639135733188 ], [ 80.166773195564787, 13.016388455664819 ], [ 80.166776194058002, 13.015490847753371 ] ], [ [ 80.161370809758736, 13.020895874437318 ], [ 80.161367777910328, 13.020895864632996 ], [ 80.161370806744273, 13.019995342010555 ], [ 80.162268667956639, 13.01999824374745 ], [ 80.16226867773301, 13.019995333840454 ], [ 80.163151352951928, 13.019998183468354 ], [ 80.163148339068769, 13.020896167708919 ], [ 80.163151361149744, 13.0208961774609 ], [ 80.163148337294274, 13.021797068477438 ], [ 80.164052249026753, 13.021799983936925 ], [ 80.164049239214606, 13.022697593136289 ], [ 80.163151369051121, 13.02269469697765 ], [ 80.16315135929095, 13.022697604502957 ], [ 80.162250469890452, 13.022694695480309 ], [ 80.162250460109249, 13.022697606136104 ], [ 80.161367790827612, 13.022694752911125 ], [ 80.161370811533601, 13.021796775470863 ], [ 80.161367779467881, 13.02179676566521 ], [ 80.161370809758736, 13.020895874437318 ] ], [ [ 80.15416054418445, 13.019998257214544 ], [ 80.154160554151019, 13.019995319140351 ], [ 80.155061446826252, 13.019998255718649 ], [ 80.155061456771605, 13.019995320774154 ], [ 80.155944159408421, 13.019998195023904 ], [ 80.155941119650322, 13.020896154057361 ], [ 80.155944167775942, 13.020896163978112 ], [ 80.155941119053708, 13.021796706630322 ], [ 80.155043278165635, 13.021793782675411 ], [ 80.155040214840355, 13.022697609260732 ], [ 80.154160569952481, 13.022694741353847 ], [ 80.154163616536763, 13.021796789125933 ], [ 80.153259665784688, 13.02179383906558 ], [ 80.153262715385722, 13.020895889798794 ], [ 80.153259654237004, 13.020895879804002 ], [ 80.153262712459664, 13.019995327499871 ], [ 80.15416054418445, 13.019998257214544 ] ], [ [ 80.163169650697441, 13.054226285381093 ], [ 80.163172672473209, 13.053328308225742 ], [ 80.162268746521093, 13.053325383087497 ], [ 80.162271770101526, 13.052427771880028 ], [ 80.163169626730848, 13.052430677192111 ], [ 80.163172667681991, 13.051526872709969 ], [ 80.164070527814175, 13.051529774720729 ], [ 80.164073566506573, 13.050625603415952 ], [ 80.164070537276032, 13.050625593630954 ], [ 80.164073563483427, 13.049725072754518 ], [ 80.164953099814852, 13.049727912144514 ], [ 80.164950085306714, 13.050625896488238 ], [ 80.165872331541735, 13.050628870748504 ], [ 80.165872341279041, 13.050625967025899 ], [ 80.166754896630849, 13.050628810204376 ], [ 80.166751888392412, 13.051526800675639 ], [ 80.167655794256788, 13.051529709712119 ], [ 80.167652789046443, 13.052427703153837 ], [ 80.168556691882486, 13.052430609219579 ], [ 80.168553689700687, 13.053328605632144 ], [ 80.169457589507914, 13.053331508726757 ], [ 80.169454590355159, 13.05422950811055 ], [ 80.170358487133072, 13.054232408233652 ], [ 80.170355491009857, 13.055130410589063 ], [ 80.170358495207481, 13.055130420223319 ], [ 80.170355490539208, 13.056030919450629 ], [ 80.169457605435468, 13.056028038247048 ], [ 80.169457595773423, 13.056030930721843 ], [ 80.168556706278338, 13.056028036744891 ], [ 80.168556696595331, 13.056030932357611 ], [ 80.167674166889086, 13.056028094316209 ], [ 80.167677172878257, 13.055130101742744 ], [ 80.166773262712155, 13.055127192021494 ], [ 80.166776271730342, 13.054229202419522 ], [ 80.165854011932353, 13.054226230575846 ], [ 80.165854002188908, 13.054229135229862 ], [ 80.16495311277545, 13.054226229074356 ], [ 80.164953103010959, 13.054229136865901 ], [ 80.16405221361866, 13.054226227572979 ], [ 80.16405220383308, 13.054229138502057 ], [ 80.163169650697441, 13.054226285381093 ] ], [ [ 80.164971417969909, 13.044322565456985 ], [ 80.16497142771901, 13.044319659903131 ], [ 80.16585400838342, 13.044322504958025 ], [ 80.165850999673864, 13.045220115326492 ], [ 80.16495312839028, 13.045217220759289 ], [ 80.164953118639019, 13.045220126686283 ], [ 80.16407053767864, 13.045217278376793 ], [ 80.164073552810294, 13.044319668043794 ], [ 80.164971417969909, 13.044322565456985 ] ], [ [ 80.165851005008037, 13.04251741227683 ], [ 80.164971435602794, 13.042514577288436 ], [ 80.164974446836837, 13.04161696730216 ], [ 80.165854013071126, 13.0416198020888 ], [ 80.165851005008037, 13.04251741227683 ] ], [ [ 80.171280757908349, 13.048823787678108 ], [ 80.17127775521358, 13.048823778063696 ], [ 80.171280756130969, 13.047922886645708 ], [ 80.170376860647977, 13.047919991050389 ], [ 80.170379854984063, 13.047021987321616 ], [ 80.170376849456531, 13.047021977688905 ], [ 80.170379853206825, 13.046121086289112 ], [ 80.170376847894332, 13.046121076657709 ], [ 80.170379851429729, 13.045220185256607 ], [ 80.170376846332232, 13.045220175626511 ], [ 80.1703798483356, 13.044319679339774 ], [ 80.171259403528225, 13.044322496270627 ], [ 80.171256412995561, 13.045220503834299 ], [ 80.172160301155742, 13.045223395778148 ], [ 80.172157313650814, 13.046121406311732 ], [ 80.173079544881858, 13.046124353890029 ], [ 80.173079554445124, 13.046121476182803 ], [ 80.173962097974083, 13.046124293836815 ], [ 80.173959116738772, 13.047022310497134 ], [ 80.174881351729596, 13.047025251856239 ], [ 80.174881361252517, 13.047022380235763 ], [ 80.175763894792212, 13.047025191894745 ], [ 80.175760919827525, 13.047923214682514 ], [ 80.175763902731418, 13.047923224181272 ], [ 80.17576091942189, 13.048823701639796 ], [ 80.174863012885822, 13.048820840600662 ], [ 80.174860015201816, 13.049724604268894 ], [ 80.17396211216446, 13.049721739931293 ], [ 80.173962102616017, 13.049724615425458 ], [ 80.173061213005951, 13.049721738429341 ], [ 80.17306120343666, 13.049724617060011 ], [ 80.172160313847542, 13.049721736927493 ], [ 80.172160304257403, 13.049724618694675 ], [ 80.171277766387092, 13.049721794191086 ], [ 80.171280757908349, 13.048823787678108 ] ], [ [ 80.172178656488981, 13.042514588870956 ], [ 80.172181643063197, 13.041616577711428 ], [ 80.171277752315518, 13.041613686576827 ], [ 80.171280740586894, 13.040716077809785 ], [ 80.172178632870327, 13.040718949574384 ], [ 80.172178642446639, 13.040716069840867 ], [ 80.173079535512557, 13.040718948073732 ], [ 80.173079545068035, 13.040716071474513 ], [ 80.173980438154658, 13.040718946572968 ], [ 80.173980447689331, 13.040716073108042 ], [ 80.174881340796659, 13.040718945072086 ], [ 80.174881350310528, 13.040716074741468 ], [ 80.175782243438547, 13.040718943571102 ], [ 80.175785235613532, 13.039815185087072 ], [ 80.176664806495452, 13.039817982803713 ], [ 80.176661836468313, 13.040716010229252 ], [ 80.177565704124035, 13.040718882310633 ], [ 80.177562737125015, 13.041616912706129 ], [ 80.177565712013376, 13.041616922154402 ], [ 80.177562735349468, 13.042517813476357 ], [ 80.177565710450736, 13.042517822925918 ], [ 80.177562733573779, 13.043418714246579 ], [ 80.178466598624155, 13.043421583727429 ], [ 80.178463634230681, 13.044319616723776 ], [ 80.179367496251743, 13.044322483233586 ], [ 80.179364534887796, 13.045220519201072 ], [ 80.180268393879075, 13.045223382739456 ], [ 80.180265435545138, 13.046121421678478 ], [ 80.1802684017118, 13.046121431071109 ], [ 80.180265435188957, 13.047021891543714 ], [ 80.179367511807513, 13.047019046445678 ], [ 80.179364530969508, 13.047922794171734 ], [ 80.178466611085028, 13.047919945776506 ], [ 80.178466601643009, 13.04792280522126 ], [ 80.177584081535144, 13.047920002641712 ], [ 80.177587049938225, 13.047021973658325 ], [ 80.176664814329186, 13.047019041939093 ], [ 80.176664804846993, 13.047021907472201 ], [ 80.175782274749594, 13.047019098896838 ], [ 80.175785249423839, 13.046121076041624 ], [ 80.175782263683956, 13.046121066535301 ], [ 80.17578524764744, 13.045220175009772 ], [ 80.174863019135415, 13.045217237269879 ], [ 80.174863009614256, 13.045220108706282 ], [ 80.17398046640038, 13.045217294306383 ], [ 80.173983447132144, 13.044319277392871 ], [ 80.173079562226178, 13.044316392011584 ], [ 80.173082545985963, 13.043418378068342 ], [ 80.173079551102717, 13.043418368503474 ], [ 80.173082544209578, 13.042517477036169 ], [ 80.172178656488981, 13.042514588870956 ] ], [ [ 80.173079540170875, 13.037112061287395 ], [ 80.173082530426029, 13.036211577105428 ], [ 80.173980430349758, 13.036214441726525 ], [ 80.173980439877951, 13.036211569184019 ], [ 80.174863014363282, 13.036214381878045 ], [ 80.174860038706257, 13.037112403735994 ], [ 80.174863022309367, 13.03711241324004 ], [ 80.174860038301105, 13.038012891065348 ], [ 80.173962132468461, 13.038010029107769 ], [ 80.173959134083916, 13.038913793693556 ], [ 80.173079552847128, 13.038910986934388 ], [ 80.173082535329598, 13.038012971875338 ], [ 80.173079541732193, 13.038012962318259 ], [ 80.173082533553981, 13.037112070843175 ], [ 80.173079540170875, 13.037112061287395 ] ], [ [ 80.171256428537887, 13.038012897515733 ], [ 80.170358535828981, 13.038010023106271 ], [ 80.170358526214017, 13.038012908738001 ], [ 80.169475940844706, 13.03801008029779 ], [ 80.169478936070391, 13.037112077671379 ], [ 80.168556739070183, 13.037109119274286 ], [ 80.168556729414718, 13.037112010988128 ], [ 80.167674134062366, 13.037109176557504 ], [ 80.167677135551713, 13.036211180053339 ], [ 80.167674122825687, 13.036211170373557 ], [ 80.167677132480193, 13.035310666644447 ], [ 80.168575012939002, 13.035313549756205 ], [ 80.168578031371368, 13.034409376280603 ], [ 80.167655844590428, 13.03440641527914 ], [ 80.167655834917966, 13.034409309568989 ], [ 80.166773226767432, 13.034406472573881 ], [ 80.166776229564789, 13.033508863460868 ], [ 80.167674107177703, 13.033511749315519 ], [ 80.167677127150554, 13.032607964288037 ], [ 80.168575008260049, 13.032610846846348 ], [ 80.168578026044642, 13.031706673182514 ], [ 80.167674124693406, 13.031703771483947 ], [ 80.16767712489721, 13.0308057738565 ], [ 80.167674113465367, 13.030805764184606 ], [ 80.167677123121905, 13.0299048728237 ], [ 80.16767411190574, 13.029904863153117 ], [ 80.167677120046136, 13.029004361146164 ], [ 80.168575002023161, 13.029007242966507 ], [ 80.168575011665993, 13.02900435310991 ], [ 80.169475904664324, 13.029007241467722 ], [ 80.169478916995857, 13.028103463584616 ], [ 80.170358532456802, 13.028106280511379 ], [ 80.170355542527858, 13.029004288277768 ], [ 80.170358540496949, 13.02900429787417 ], [ 80.170355540753135, 13.029905189047145 ], [ 80.170358538936995, 13.029905198644855 ], [ 80.170355538978299, 13.030806089816526 ], [ 80.170358537376899, 13.030806099415532 ], [ 80.170355537203335, 13.031706990585903 ], [ 80.171259425404116, 13.031709882888578 ], [ 80.171256437858489, 13.032607893061732 ], [ 80.17125943342802, 13.032607902642498 ], [ 80.171256436083397, 13.033508793831208 ], [ 80.171259431867455, 13.033508803413275 ], [ 80.171256434308162, 13.034409694600685 ], [ 80.172178621945974, 13.034412642787824 ], [ 80.172178631513191, 13.034409764348528 ], [ 80.173061219103346, 13.034412582861824 ], [ 80.173058237394386, 13.035310598783393 ], [ 80.17306122708888, 13.035310608326416 ], [ 80.173058236971627, 13.036211092258672 ], [ 80.172160337269844, 13.036208224442104 ], [ 80.172157332754892, 13.037111994887065 ], [ 80.171259436549306, 13.037109123774234 ], [ 80.171256428537887, 13.038012897515733 ] ], [ [ 80.167674174713085, 13.060532598544757 ], [ 80.167677180498131, 13.059634987852375 ], [ 80.168556679364741, 13.059637816868042 ], [ 80.168553676754954, 13.060535427761511 ], [ 80.167674174713085, 13.060532598544757 ] ], [ [ 80.176686133197848, 13.038914285913048 ], [ 80.177565707251262, 13.038917080400267 ], [ 80.177562742072823, 13.0398146882593 ], [ 80.176683164849109, 13.039811893573161 ], [ 80.176686133197848, 13.038914285913048 ] ], [ [ 80.173079590390273, 13.060532607244134 ], [ 80.173082576648639, 13.059634997541856 ], [ 80.173962074499599, 13.059637808169347 ], [ 80.173959091416506, 13.060535418071401 ], [ 80.173079590390273, 13.060532607244134 ] ], [ [ 80.178484998346249, 13.062337700120572 ], [ 80.179367464937542, 13.06234050233215 ], [ 80.179364499347386, 13.063238534609482 ], [ 80.17936747281297, 13.063238544047064 ], [ 80.179364497569026, 13.064139435379888 ], [ 80.180268360992827, 13.064142302790815 ], [ 80.180265398226169, 13.065040337859541 ], [ 80.180268368849738, 13.065040347278956 ], [ 80.180265397852523, 13.065940812861079 ], [ 80.179367478957275, 13.065937963944252 ], [ 80.179367469510382, 13.065940823917185 ], [ 80.178466579800187, 13.06593796243966 ], [ 80.178466570332546, 13.065940825552714 ], [ 80.177584112852458, 13.065938019576731 ], [ 80.1775870854907, 13.065039994291347 ], [ 80.176683208672685, 13.06503711727891 ], [ 80.176686184345229, 13.064139094969264 ], [ 80.176683197599431, 13.064139085457949 ], [ 80.176686182566414, 13.063238193937492 ], [ 80.176683196034034, 13.063238184427464 ], [ 80.17668617941797, 13.062337706358839 ], [ 80.177584086240202, 13.062340563820408 ], [ 80.177584095722665, 13.062337698485393 ], [ 80.178484988884563, 13.06234056231647 ], [ 80.178484998346249, 13.062337700120572 ] ], [ [ 80.195583679475448, 13.056928982693849 ], [ 80.195583670410556, 13.056931784348995 ], [ 80.194682780315119, 13.056928981188312 ], [ 80.194682771229921, 13.056931785981551 ], [ 80.193800344182293, 13.056929037227247 ], [ 80.193803256307092, 13.056030953239006 ], [ 80.192899440004524, 13.056028134927118 ], [ 80.192902355165884, 13.055130053915793 ], [ 80.192899429313684, 13.05513004478779 ], [ 80.192902351847366, 13.0542296283139 ], [ 80.193800319724318, 13.054232428030678 ], [ 80.193803250981091, 13.053328250149937 ], [ 80.193800328811221, 13.053328241044762 ], [ 80.193803249205999, 13.052427349120245 ], [ 80.193800327245114, 13.052427340016308 ], [ 80.193803245876921, 13.051526927561701 ], [ 80.194701217668523, 13.051529723625444 ], [ 80.194701226745551, 13.051526920091018 ], [ 80.195602120309303, 13.051529722120671 ], [ 80.195602129366023, 13.051526921722923 ], [ 80.196503022949955, 13.051529720615779 ], [ 80.196505942172791, 13.050626031608148 ], [ 80.197385469138709, 13.050628760908177 ], [ 80.197382571153497, 13.051526858725197 ], [ 80.198304828230945, 13.051529717605661 ], [ 80.198304837226914, 13.051526926617951 ], [ 80.199187265956994, 13.051529658958067 ], [ 80.199184374251786, 13.052427762908659 ], [ 80.199187273366135, 13.052427771881085 ], [ 80.199184372477518, 13.053328663681473 ], [ 80.199187271799204, 13.053328672655114 ], [ 80.199184370703136, 13.054229564454289 ], [ 80.200106638210613, 13.054232417493379 ], [ 80.200106647169818, 13.054229632243208 ], [ 80.201007540851037, 13.054232415987597 ], [ 80.201007549790077, 13.054229633874707 ], [ 80.201889958831131, 13.054232357460352 ], [ 80.201887076239544, 13.055130470343533 ], [ 80.202809347698562, 13.055133313941464 ], [ 80.202809356598522, 13.05513053792513 ], [ 80.20369175564835, 13.05513325550811 ], [ 80.203688879340007, 13.056031374527279 ], [ 80.204611154546214, 13.056034211894444 ], [ 80.204614045253649, 13.055130550052571 ], [ 80.205512055618854, 13.055133309422443 ], [ 80.205512064458574, 13.055130542818528 ], [ 80.206412958258738, 13.055133307915877 ], [ 80.206412967078393, 13.055130544449439 ], [ 80.207313860898481, 13.055133306409202 ], [ 80.20731386969814, 13.055130546080226 ], [ 80.20819625161495, 13.055133248244607 ], [ 80.208193391528923, 13.056031383051844 ], [ 80.208196258826348, 13.056031391828206 ], [ 80.208193391446756, 13.056931752727664 ], [ 80.207295368570087, 13.056929002276073 ], [ 80.207292487225502, 13.057832655351055 ], [ 80.206394467840312, 13.057829901605603 ], [ 80.206394459016281, 13.057832665780957 ], [ 80.205493568678733, 13.057829900098607 ], [ 80.205493559834665, 13.057832667412232 ], [ 80.204611177064621, 13.05782995550488 ], [ 80.204614050459867, 13.056931833797075 ], [ 80.203691771923516, 13.056928996248743 ], [ 80.203691763040482, 13.056931769661142 ], [ 80.202790872762151, 13.056928994742192 ], [ 80.202790863859008, 13.056931771292671 ], [ 80.201889973600913, 13.056928993235754 ], [ 80.201889964677633, 13.056931772924315 ], [ 80.200989074439789, 13.05692899172943 ], [ 80.200989065496358, 13.056931774556071 ], [ 80.200088175278793, 13.05692899022322 ], [ 80.200085267653591, 13.057832668242767 ], [ 80.199187274550894, 13.05782988955278 ], [ 80.19918436343184, 13.058733570867872 ], [ 80.198304860368225, 13.058730846185268 ], [ 80.198307756683661, 13.057832746766048 ], [ 80.19738547622967, 13.057829886540702 ], [ 80.197385467204128, 13.057832682098866 ], [ 80.196503053580116, 13.057829942431814 ], [ 80.196505956178527, 13.056931849149279 ], [ 80.195583679475448, 13.056928982693849 ] ], [ [ 80.198304830959188, 13.047923323468728 ], [ 80.19918727222786, 13.047926055146664 ], [ 80.199184382957398, 13.048823659722313 ], [ 80.198286391053472, 13.048820879691268 ], [ 80.198286382060388, 13.048823670321138 ], [ 80.197403940511151, 13.048820935395749 ], [ 80.197406836205417, 13.047923330854166 ], [ 80.198304821968108, 13.047926113740383 ], [ 80.198304830959188, 13.047923323468728 ] ], [ [ 80.196505929750316, 13.044319726089727 ], [ 80.197403913067774, 13.04432251137931 ], [ 80.197406827334078, 13.04341882691199 ], [ 80.198286380869604, 13.043421551833063 ], [ 80.19828348777915, 13.044319654248847 ], [ 80.198286388289219, 13.044319663230505 ], [ 80.198283486005906, 13.045220555021569 ], [ 80.198286386723524, 13.045220564004442 ], [ 80.198283485835447, 13.046120958293407 ], [ 80.197403935809973, 13.046118232849352 ], [ 80.197406832476858, 13.045220134062788 ], [ 80.196503031634961, 13.045217330549681 ], [ 80.196505929750316, 13.044319726089727 ] ], [ [ 80.187472658284591, 13.045220076615736 ], [ 80.186593102938971, 13.04521731459584 ], [ 80.186596038295562, 13.044319253497667 ], [ 80.185692198764471, 13.044316412298475 ], [ 80.185695137152621, 13.04341835417309 ], [ 80.185692187928851, 13.043418344897733 ], [ 80.185695133898989, 13.042517905179693 ], [ 80.186593078258326, 13.042520727485938 ], [ 80.186596031482907, 13.041617006003955 ], [ 80.187493979335727, 13.041619825015619 ], [ 80.187493988562181, 13.04161699838353 ], [ 80.188394881976123, 13.041619823512944 ], [ 80.188394891182114, 13.041617000015332 ], [ 80.189277392065165, 13.041619764427926 ], [ 80.189274466980478, 13.042517835655449 ], [ 80.189277399686816, 13.042517844837684 ], [ 80.189274465206324, 13.043418736427089 ], [ 80.189277398122528, 13.043418745610573 ], [ 80.189274464946266, 13.044319172377991 ], [ 80.1883765081013, 13.044316358971995 ], [ 80.188376498890747, 13.044319183194782 ], [ 80.187475608940233, 13.044316357468887 ], [ 80.187472658284591, 13.045220076615736 ] ], [ [ 80.191097583643028, 13.038016215135364 ], [ 80.191100520944332, 13.037112036729052 ], [ 80.191097592756321, 13.037112027585104 ], [ 80.191100519171172, 13.036211135699071 ], [ 80.191097591192801, 13.036211126556362 ], [ 80.191100515858992, 13.03531070854558 ], [ 80.191998481593259, 13.035313510731324 ], [ 80.192001414993882, 13.034409331934905 ], [ 80.191998490693805, 13.034409322815026 ], [ 80.19200141322122, 13.033508430905036 ], [ 80.191097595637174, 13.033505610821047 ], [ 80.191100510538618, 13.032608006182182 ], [ 80.191998476905141, 13.032610807829954 ], [ 80.192001408125392, 13.031707107004371 ], [ 80.19289937798122, 13.031709905360778 ], [ 80.192902305712437, 13.030806207826293 ], [ 80.193781906814792, 13.030808945736759 ], [ 80.193779000424513, 13.031707034914524 ], [ 80.194682804445364, 13.031709845241188 ], [ 80.194679901085692, 13.032607937390267 ], [ 80.195583702075709, 13.032610744745343 ], [ 80.195580801747113, 13.033508839866116 ], [ 80.196502991660424, 13.033511701284642 ], [ 80.196505906696416, 13.032608015841289 ], [ 80.197403892735352, 13.032610798815339 ], [ 80.197406804283375, 13.031707116662396 ], [ 80.198304793810038, 13.031709896346143 ], [ 80.198304802779163, 13.031707109297306 ], [ 80.199205696447777, 13.031709894843308 ], [ 80.19920570539675, 13.031707110926721 ], [ 80.200088199617738, 13.031709836544863 ], [ 80.200085315687645, 13.032607947609172 ], [ 80.200088206982613, 13.032607956534713 ], [ 80.200085313916276, 13.033508848382128 ], [ 80.200088205418297, 13.033508857308883 ], [ 80.200085313773911, 13.034409241900951 ], [ 80.199187315252431, 13.034406467826368 ], [ 80.199187306299038, 13.034409252458588 ], [ 80.198286416088735, 13.034406466323102 ], [ 80.198283505504676, 13.035310646521538 ], [ 80.198286403939349, 13.035310655491006 ], [ 80.198283503732696, 13.036211547294281 ], [ 80.199205704265978, 13.036214399674575 ], [ 80.199205713221048, 13.036211614863676 ], [ 80.20008819178949, 13.036214341309027 ], [ 80.200085308456693, 13.037111944940404 ], [ 80.199187310560404, 13.03710917033318 ], [ 80.199187301603345, 13.037111955501963 ], [ 80.198286411397035, 13.037109168829586 ], [ 80.198286402419825, 13.037111957132026 ], [ 80.197385512233794, 13.037109167326104 ], [ 80.19738550323639, 13.037111958762203 ], [ 80.196484613070666, 13.037109165822736 ], [ 80.196481696910709, 13.038012852393713 ], [ 80.195583712343847, 13.038010065154653 ], [ 80.195583703304763, 13.038012863037736 ], [ 80.194682813181061, 13.038010063651408 ], [ 80.194682804121697, 13.038012864668346 ], [ 80.193781914018373, 13.038010062148265 ], [ 80.193778987808031, 13.038913758238571 ], [ 80.192881013292251, 13.038910961480095 ], [ 80.192878082037339, 13.039815140159748 ], [ 80.19288100107228, 13.0398151492568 ], [ 80.192878081817241, 13.040715561876937 ], [ 80.191980111002664, 13.040712761646557 ], [ 80.191980101878684, 13.040715572606457 ], [ 80.191079211840687, 13.040712760143432 ], [ 80.191079202696343, 13.040715574237803 ], [ 80.190196705547564, 13.040712816155924 ], [ 80.190199626896501, 13.039814741523987 ], [ 80.189295801374172, 13.039811913858319 ], [ 80.189298724236266, 13.038914308475105 ], [ 80.190196682566537, 13.038917117605278 ], [ 80.190199621821264, 13.038013409298276 ], [ 80.191097583643028, 13.038016215135364 ] ], [ [ 80.186596075594537, 13.063238175139414 ], [ 80.186593124993919, 13.063238165856911 ], [ 80.186596072344216, 13.062337724113295 ], [ 80.187494015321818, 13.062340547270876 ], [ 80.18749402457712, 13.062337716466088 ], [ 80.188394917964914, 13.062340545765702 ], [ 80.188394927199681, 13.062337718100011 ], [ 80.189277356029294, 13.062340486367342 ], [ 80.189274426142873, 13.063238553402693 ], [ 80.189277363676766, 13.063238562613623 ], [ 80.189274425865008, 13.064138994690788 ], [ 80.188376473667802, 13.064136177327635 ], [ 80.188376464429723, 13.064139005537058 ], [ 80.187475574509335, 13.064136175822131 ], [ 80.187475565250736, 13.064139007171258 ], [ 80.18659313583953, 13.064136232397376 ], [ 80.186596075594537, 13.063238175139414 ] ], [ [ 80.18657171350101, 13.065941250592433 ], [ 80.186574661466295, 13.065941259868671 ], [ 80.186571713192706, 13.066841702575298 ], [ 80.185692237932074, 13.06683893348851 ], [ 80.185695181562224, 13.065940879939836 ], [ 80.185692227061836, 13.06594087063298 ], [ 80.185695178322746, 13.065040424861552 ], [ 80.186574653753524, 13.065043193584792 ], [ 80.18657171350101, 13.065941250592433 ] ], [ [ 80.19289939674033, 13.042520716964859 ], [ 80.192899405845665, 13.042517908959374 ], [ 80.193781886466851, 13.042520658132082 ], [ 80.19377897893807, 13.043418263307457 ], [ 80.192881005472572, 13.043415465654377 ], [ 80.192880996365233, 13.04341827402053 ], [ 80.191998515460853, 13.04341552160019 ], [ 80.192001429410766, 13.042517916459079 ], [ 80.19289939674033, 13.042520716964859 ] ], [ [ 80.195602174508352, 13.071343453710066 ], [ 80.195605081900766, 13.070445847338526 ], [ 80.196484535430514, 13.070448583327387 ], [ 80.196481631215946, 13.07134618989325 ], [ 80.195602174508352, 13.071343453710066 ] ], [ [ 80.206391595424435, 13.052427250887108 ], [ 80.205512070258649, 13.052424551859728 ], [ 80.205514937512106, 13.05152694850654 ], [ 80.206394459504551, 13.051529647341981 ], [ 80.206391595424435, 13.052427250887108 ] ], [ [ 80.206412953079337, 13.046121009235765 ], [ 80.206415824453799, 13.045220644591712 ], [ 80.207295369678334, 13.04522333922556 ], [ 80.207292508593511, 13.046121472835379 ], [ 80.207295376898088, 13.046121481618616 ], [ 80.207292506821176, 13.047022373609183 ], [ 80.208196265736376, 13.047025139677563 ], [ 80.208193407485666, 13.047923276086697 ], [ 80.208196272938167, 13.047923284852351 ], [ 80.208193407410391, 13.048823643616636 ], [ 80.207313869199822, 13.048820951365416 ], [ 80.207316730818874, 13.047922818401137 ], [ 80.206412965023901, 13.047920049063435 ], [ 80.206415829681234, 13.047021919076904 ], [ 80.206412954646225, 13.047021910262725 ], [ 80.206415827908657, 13.046121018048755 ], [ 80.206412953079337, 13.046121009235765 ] ], [ [ 80.20098909167119, 13.04701908253492 ], [ 80.20098908274106, 13.047021863399145 ], [ 80.200088192508872, 13.047019081029907 ], [ 80.20008818355862, 13.047021865029997 ], [ 80.199187293346696, 13.047019079525004 ], [ 80.199187284376265, 13.04702186666097 ], [ 80.198304839985198, 13.047019135149306 ], [ 80.198307732013959, 13.04612153088808 ], [ 80.199205721477043, 13.046124310303151 ], [ 80.199205730445499, 13.046121523525017 ], [ 80.200106624116543, 13.046124308798467 ], [ 80.20010663306482, 13.046121525155796 ], [ 80.20100752675593, 13.046124307293661 ], [ 80.201007535684056, 13.046121526786459 ], [ 80.201908429395203, 13.04612430578875 ], [ 80.201908438303192, 13.046121528417013 ], [ 80.202809332034349, 13.046124304283726 ], [ 80.202812227026257, 13.045220638151667 ], [ 80.203691772900228, 13.045223345031998 ], [ 80.20368889884773, 13.046121466020288 ], [ 80.203691780200529, 13.046121474883595 ], [ 80.203688898730036, 13.047021849642761 ], [ 80.202790889996137, 13.047019085545292 ], [ 80.202787994511326, 13.047922752266071 ], [ 80.201908451985105, 13.047920041804087 ], [ 80.201911332854152, 13.047021927597687 ], [ 80.20098909167119, 13.04701908253492 ] ], [ [ 80.204611155105098, 13.045217343610759 ], [ 80.204614023967011, 13.044319740582727 ], [ 80.205493572856923, 13.04432244117675 ], [ 80.205490707166632, 13.045220044396949 ], [ 80.204611155105098, 13.045217343610759 ] ], [ [ 80.201908482225008, 13.071346750472024 ], [ 80.202809375925582, 13.071349531324795 ], [ 80.202809384847285, 13.071346752105052 ], [ 80.203710278567897, 13.07134952981661 ], [ 80.203710287469448, 13.071346753737959 ], [ 80.204592626576527, 13.071349471195473 ], [ 80.204589751470664, 13.072247076387788 ], [ 80.203691745257515, 13.072244310464553 ], [ 80.203688847245118, 13.073147979013415 ], [ 80.202790844528565, 13.073145209792292 ], [ 80.202787943019302, 13.07404888163931 ], [ 80.201908497500753, 13.074046166434954 ], [ 80.201911384330401, 13.073148057430629 ], [ 80.201007593318266, 13.073145264131286 ], [ 80.201010483191098, 13.072247158109418 ], [ 80.201007582783376, 13.072247149140798 ], [ 80.201010479803259, 13.071346757806294 ], [ 80.20190847328314, 13.071349532832864 ], [ 80.201908482225008, 13.071346750472024 ] ], [ [ 80.207316769948548, 13.068644066726591 ], [ 80.208196228056792, 13.068646762522237 ], [ 80.208193366594088, 13.069544366900304 ], [ 80.207313905308425, 13.069541670913168 ], [ 80.207316769948548, 13.068644066726591 ] ], [ [ 80.207295212726592, 13.146118185115014 ], [ 80.207295203805231, 13.146120963482414 ], [ 80.206394313576382, 13.146118183597244 ], [ 80.206394304634742, 13.146120965122622 ], [ 80.205493414426314, 13.146118182079586 ], [ 80.205493405464352, 13.146120966762934 ], [ 80.204611331466481, 13.14611823878753 ], [ 80.20461422335039, 13.145220628970563 ], [ 80.205512212982683, 13.145223405954084 ], [ 80.20551512250924, 13.144319231842855 ], [ 80.205512221963957, 13.144319222878735 ], [ 80.205515119119937, 13.143418829011878 ], [ 80.206413112474536, 13.143421602506461 ], [ 80.206413121411799, 13.143418821688917 ], [ 80.207314015125803, 13.143421600989125 ], [ 80.207314024042773, 13.143418823328744 ], [ 80.208196097193692, 13.143421541507518 ], [ 80.20819321874427, 13.144319150921987 ], [ 80.207295215887058, 13.144316383441268 ], [ 80.207292312879716, 13.145220557944169 ], [ 80.208196094029745, 13.145223343410411 ], [ 80.208193215170866, 13.146120952946569 ], [ 80.207295212726592, 13.146118185115014 ] ], [ [ 80.174862895150284, 13.110985882942256 ], [ 80.17398058088942, 13.110983056098998 ], [ 80.173983577149457, 13.110085052737954 ], [ 80.17398056968139, 13.11008504309782 ], [ 80.173983574060429, 13.10918454239353 ], [ 80.174881459824178, 13.109187418722296 ], [ 80.174884471625802, 13.108283643226722 ], [ 80.175782360904037, 13.108286516244156 ], [ 80.175782370494048, 13.108283635250421 ], [ 80.176664687309227, 13.108286455392262 ], [ 80.176661701167333, 13.109184468753563 ], [ 80.177565584919662, 13.109187354891617 ], [ 80.177562601823269, 13.110085371238577 ], [ 80.178485071998139, 13.110088313653147 ], [ 80.178485081527924, 13.110085441741029 ], [ 80.179385974648596, 13.110088312143334 ], [ 80.179388971529107, 13.109184141415302 ], [ 80.179385983945863, 13.10918413190219 ], [ 80.179388969744323, 13.108283240383772 ], [ 80.179385982373873, 13.108283230871944 ], [ 80.179388966597045, 13.107382750535342 ], [ 80.180268285617572, 13.107385548615195 ], [ 80.180265312716486, 13.108283574842122 ], [ 80.180268293529863, 13.108283584322901 ], [ 80.180265310931929, 13.109184475612556 ], [ 80.180268291957631, 13.109184485094614 ], [ 80.180265309147259, 13.110085376382983 ], [ 80.1802682903853, 13.11008538586632 ], [ 80.180265307362461, 13.110986277153412 ], [ 80.180268288812812, 13.110986286638033 ], [ 80.180265306946183, 13.111886764630835 ], [ 80.179385998174624, 13.111883965681249 ], [ 80.179388975099059, 13.110985943478362 ], [ 80.178466501369726, 13.110983004101746 ], [ 80.178466491837838, 13.110985876380546 ], [ 80.177565602218621, 13.11098300259183 ], [ 80.177565592665815, 13.110985878020799 ], [ 80.17666470306763, 13.110983001082023 ], [ 80.176664693493876, 13.110985879661172 ], [ 80.175763803916752, 13.110982999572329 ], [ 80.175763794322037, 13.110985881301659 ], [ 80.174862904765988, 13.110982998062751 ], [ 80.174862895150284, 13.110985882942256 ] ], [ [ 80.174884451987168, 13.098373734578193 ], [ 80.175782343631852, 13.098376605586285 ], [ 80.175782353207609, 13.098373726615161 ], [ 80.176664704604505, 13.098376544887604 ], [ 80.176661722135918, 13.099274156892212 ], [ 80.175763824334112, 13.099271288743854 ], [ 80.175763814756223, 13.099274168082937 ], [ 80.17488146306961, 13.099271346547496 ], [ 80.174884451987168, 13.098373734578193 ] ], [ [ 80.180286850494625, 13.083055140025978 ], [ 80.180289817404613, 13.082157108758715 ], [ 80.180286839475912, 13.082157099304894 ], [ 80.180289815623738, 13.081256207727341 ], [ 80.180286837907545, 13.081256198274797 ], [ 80.18028981384299, 13.080355306695973 ], [ 80.180286836339306, 13.080355297244711 ], [ 80.180289812062369, 13.079454405664601 ], [ 80.179367455459129, 13.079451476443879 ], [ 80.179367445993037, 13.079454339164268 ], [ 80.178466556303817, 13.079451474937654 ], [ 80.178466546816921, 13.079454340801187 ], [ 80.177584136373198, 13.079451532279158 ], [ 80.177587110821804, 13.078553922129935 ], [ 80.178485017072489, 13.07855677975232 ], [ 80.178485026557283, 13.078553914255673 ], [ 80.17938591971884, 13.078556778246314 ], [ 80.179388907750806, 13.077653024575222 ], [ 80.180268337468974, 13.077655817112024 ], [ 80.180265371535654, 13.078553849417004 ], [ 80.181187725011213, 13.078556775233954 ], [ 80.181187734433692, 13.078553919165508 ], [ 80.182088627657222, 13.078556773727605 ], [ 80.182088637058982, 13.078553920801895 ], [ 80.182989530303118, 13.078556772221146 ], [ 80.182989539684158, 13.07855392243817 ], [ 80.183871932651201, 13.078556712255383 ], [ 80.183868980938186, 13.079454321624409 ], [ 80.182971052081612, 13.079451482469906 ], [ 80.182968075288258, 13.080355656090594 ], [ 80.182971039707425, 13.080355665469542 ], [ 80.182968073507965, 13.081256556861405 ], [ 80.182971038138717, 13.081256566241622 ], [ 80.182968071727572, 13.082157457632208 ], [ 80.182971036569882, 13.082157467013692 ], [ 80.182968071366702, 13.083057927299395 ], [ 80.182070146653501, 13.083055084297865 ], [ 80.182067167137532, 13.083958829930427 ], [ 80.181187754679257, 13.08395604232653 ], [ 80.181190718549345, 13.08305800807867 ], [ 80.180286850494625, 13.083055140025978 ] ], [ [ 80.164949934877981, 13.12720210945257 ], [ 80.164070680386033, 13.127199255314308 ], [ 80.164073715175164, 13.126301639492034 ], [ 80.164952966475923, 13.126304493428401 ], [ 80.164949934877981, 13.12720210945257 ] ], [ [ 80.162250308817633, 13.115487481097219 ], [ 80.162250298898982, 13.115490411013633 ], [ 80.161349409669157, 13.115487479588788 ], [ 80.161349399729161, 13.115490412656403 ], [ 80.160448510520823, 13.115487478080466 ], [ 80.160448500559454, 13.115490414299288 ], [ 80.159547611372588, 13.115487476572262 ], [ 80.159547601389832, 13.11549041594229 ], [ 80.158646712224467, 13.115487475064169 ], [ 80.158646702220295, 13.1154904175854 ], [ 80.157764341590379, 13.115487534137527 ], [ 80.157767396451263, 13.114589917935565 ], [ 80.158665221505117, 13.114592851695269 ], [ 80.158665231507086, 13.114589909549537 ], [ 80.159566124158673, 13.114592850187391 ], [ 80.15956613413924, 13.114589911192459 ], [ 80.160467026812128, 13.114592848679399 ], [ 80.160467036771294, 13.114589912835269 ], [ 80.16136792946547, 13.114592847171295 ], [ 80.161367939403277, 13.114589914477969 ], [ 80.162268832118684, 13.114592845663077 ], [ 80.162268842035147, 13.114589916120552 ], [ 80.163169734771799, 13.114592844154748 ], [ 80.163169744666931, 13.114589917763023 ], [ 80.164070637424786, 13.114592842646305 ], [ 80.16407064729863, 13.114589919405379 ], [ 80.164952986927375, 13.114592780998837 ], [ 80.164949958135693, 13.115490396236872 ], [ 80.164052107114898, 13.115487484114423 ], [ 80.164052097238894, 13.115490407728434 ], [ 80.163151207966209, 13.115487482605763 ], [ 80.163151198068888, 13.115490409370974 ], [ 80.162250308817633, 13.115487481097219 ] ], [ [ 80.164073670465058, 13.103779119862905 ], [ 80.16497152124245, 13.103782029495505 ], [ 80.164974568031624, 13.10287822069755 ], [ 80.165872422324895, 13.102881127018053 ], [ 80.165875466819472, 13.101976958883805 ], [ 80.165872431789921, 13.101976949065463 ], [ 80.165875463812156, 13.101076420746587 ], [ 80.166773321838349, 13.101079323570708 ], [ 80.166773331628576, 13.101076412570201 ], [ 80.167655708049139, 13.101079262295055 ], [ 80.167652691049739, 13.101977245446923 ], [ 80.168556605661692, 13.101980161797032 ], [ 80.168553591703457, 13.102878147931122 ], [ 80.169457503273989, 13.10288106129873 ], [ 80.169454492357403, 13.103779050415421 ], [ 80.169457511433592, 13.103779060141452 ], [ 80.169454490572079, 13.104679951184554 ], [ 80.169457509863392, 13.104679960911895 ], [ 80.169454490044217, 13.105580476954774 ], [ 80.168575155743454, 13.105577642290807 ], [ 80.168578170264794, 13.104679656836122 ], [ 80.167655722553164, 13.104676680166252 ], [ 80.167655712777972, 13.10467958894758 ], [ 80.166754823402613, 13.104676678658445 ], [ 80.166751782696565, 13.105580481814204 ], [ 80.165853922682885, 13.105577577982519 ], [ 80.165853912863994, 13.105580493247496 ], [ 80.164953023532675, 13.105577576474833 ], [ 80.164953013692568, 13.105580494888795 ], [ 80.164070642648539, 13.105577635019516 ], [ 80.164073673450872, 13.104679665415238 ], [ 80.164070631217882, 13.10467965555044 ], [ 80.164073670465058, 13.103779119862905 ] ], [ [ 80.155061621161536, 13.108280323017372 ], [ 80.155064684081395, 13.107382706796065 ], [ 80.155944007682564, 13.107385587887208 ], [ 80.155940947949347, 13.108283204312608 ], [ 80.155061621161536, 13.108280323017372 ] ], [ [ 80.160448475296533, 13.123601797838623 ], [ 80.160445427991135, 13.124499414513963 ], [ 80.159566162555691, 13.124496545498234 ], [ 80.159569213051626, 13.123598929025883 ], [ 80.160448475296533, 13.123601797838623 ] ], [ [ 80.167655664024153, 13.13260752049464 ], [ 80.16677339769916, 13.132604664759475 ], [ 80.166776425171875, 13.131706691259485 ], [ 80.165872493501951, 13.131703762456482 ], [ 80.16587552402288, 13.130805791945367 ], [ 80.165872482071421, 13.130805782084529 ], [ 80.165875522233321, 13.129904890912167 ], [ 80.165872480498194, 13.129904881052658 ], [ 80.165875519245304, 13.129004345092239 ], [ 80.16677337052846, 13.129007253639267 ], [ 80.166773380359743, 13.129004336877546 ], [ 80.167674273182868, 13.129007252128634 ], [ 80.167674282992905, 13.129004338520922 ], [ 80.168575175837177, 13.129007250617887 ], [ 80.168575185625983, 13.129004340164185 ], [ 80.169476078491357, 13.129007249107032 ], [ 80.169476088258975, 13.129004341807329 ], [ 80.170358356833347, 13.129007187556118 ], [ 80.170355342974645, 13.129905174437958 ], [ 80.170358365006166, 13.129905184180947 ], [ 80.170355341185783, 13.13080607520715 ], [ 80.170358363432243, 13.130806084951454 ], [ 80.170355339396792, 13.131706975976343 ], [ 80.170358361858192, 13.13170698572196 ], [ 80.170355338852914, 13.132607505816882 ], [ 80.169457472134496, 13.132604608981465 ], [ 80.169457462360768, 13.132607517207308 ], [ 80.168556572987342, 13.132604607470066 ], [ 80.168556563192411, 13.132607518850918 ], [ 80.167655673840315, 13.132604605958777 ], [ 80.167655664024153, 13.13260752049464 ] ], [ [ 80.169476075657116, 13.11548755305307 ], [ 80.169479088025199, 13.114589939009248 ], [ 80.170358382018293, 13.114592772267418 ], [ 80.1703553728386, 13.115490386511844 ], [ 80.169476075657116, 13.11548755305307 ] ], [ [ 80.175785334839802, 13.089364325572333 ], [ 80.175782338844456, 13.089364316003989 ], [ 80.175785333057334, 13.088463424540405 ], [ 80.174881444221924, 13.088460536387736 ], [ 80.174884431911138, 13.087562525221118 ], [ 80.174881433070325, 13.08756251563444 ], [ 80.174884428797583, 13.08666202435729 ], [ 80.175782323238721, 13.08666489299025 ], [ 80.175782332797667, 13.086662016409926 ], [ 80.176683225886464, 13.086664891483597 ], [ 80.176683235424534, 13.086662018047823 ], [ 80.177584128534107, 13.086664889976833 ], [ 80.177584138051301, 13.086662019685606 ], [ 80.178466523397645, 13.086664829565805 ], [ 80.178463550218098, 13.08756244045726 ], [ 80.177565643038349, 13.087559580929625 ], [ 80.177562644628978, 13.08846375275567 ], [ 80.178466520256961, 13.088466631475523 ], [ 80.178463546652807, 13.089364242487799 ], [ 80.177565639901374, 13.089361382595888 ], [ 80.177562641064611, 13.090265554295941 ], [ 80.177565627452381, 13.090265563813606 ], [ 80.177562640638669, 13.091166046135719 ], [ 80.176664737610309, 13.09116318275475 ], [ 80.176661736407127, 13.092066948768636 ], [ 80.175782353118848, 13.092064141227963 ], [ 80.17578533840512, 13.091166127636196 ], [ 80.175782341982369, 13.091166118065264 ], [ 80.175785336622397, 13.090265226604265 ], [ 80.175782340413349, 13.090265217034629 ], [ 80.175785334839802, 13.089364325572333 ] ], [ [ 80.172181834380979, 13.13891426509158 ], [ 80.173061037037598, 13.138917093691848 ], [ 80.173058031891784, 13.139814709076738 ], [ 80.172178826040977, 13.139811880276547 ], [ 80.172181834380979, 13.13891426509158 ] ], [ [ 80.197385351216397, 13.118196332373753 ], [ 80.197382439265013, 13.119093941989405 ], [ 80.196503160518887, 13.119091200157182 ], [ 80.196506075659514, 13.118193590735594 ], [ 80.197385351216397, 13.118196332373753 ] ], [ [ 80.196484472146736, 13.112787645628751 ], [ 80.195583582114338, 13.112784834482374 ], [ 80.195580643537383, 13.113689008604625 ], [ 80.195583569871786, 13.113689017741708 ], [ 80.195580641754063, 13.114589909376896 ], [ 80.195583568296826, 13.114589918515213 ], [ 80.195580639970615, 13.115490810149165 ], [ 80.195583566721751, 13.115490819288713 ], [ 80.195580638187039, 13.116391710921432 ], [ 80.196484455185498, 13.116394531926606 ], [ 80.19648154038002, 13.117292141580707 ], [ 80.195583574241738, 13.117289338659269 ], [ 80.19558356509431, 13.117292152340873 ], [ 80.194682675089268, 13.117289337146447 ], [ 80.194682665921349, 13.117292153979605 ], [ 80.193781775936927, 13.117289335633734 ], [ 80.193778831234852, 13.118193047449157 ], [ 80.19288087521015, 13.118190234956197 ], [ 80.192880865999911, 13.118193058272483 ], [ 80.19197997605815, 13.118190233443602 ], [ 80.191979966827347, 13.118193059911658 ], [ 80.191079076906277, 13.118190231931123 ], [ 80.191079067654854, 13.118193061550942 ], [ 80.190178177754504, 13.118190230418756 ], [ 80.190175219636401, 13.11909395493784 ], [ 80.189277277028637, 13.119091129741127 ], [ 80.189277267734724, 13.119093965845284 ], [ 80.188395036957033, 13.119091187033071 ], [ 80.188397982971765, 13.118193134577991 ], [ 80.188395026068122, 13.11819312526001 ], [ 80.188397979737644, 13.117292675381558 ], [ 80.189295916383301, 13.117295503265812 ], [ 80.189298878760525, 13.116391330802644 ], [ 80.189295925558099, 13.116391321507843 ], [ 80.189298875516073, 13.115490875424987 ], [ 80.190196815885571, 13.115493699819524 ], [ 80.190196825153038, 13.11549086777058 ], [ 80.191097718535232, 13.11549369830759 ], [ 80.191097727782108, 13.11549086940961 ], [ 80.191979960839731, 13.115493638263411 ], [ 80.191977028410875, 13.116391704066581 ], [ 80.191979968491481, 13.116391713289477 ], [ 80.191977026626688, 13.11729260483841 ], [ 80.192899526982742, 13.117295497216974 ], [ 80.192902476192927, 13.116391323946026 ], [ 80.192899536111653, 13.116391314733658 ], [ 80.192902474408882, 13.115490422916109 ], [ 80.192899534536906, 13.115490413704988 ], [ 80.192902472624965, 13.114589521886202 ], [ 80.191998639549922, 13.114586688622305 ], [ 80.192001571482905, 13.113688622569956 ], [ 80.191079084776575, 13.113685727756941 ], [ 80.191079075531405, 13.113688556474685 ], [ 80.190178185624205, 13.113685726245116 ], [ 80.190178176358444, 13.113688558113617 ], [ 80.189277286471977, 13.113685724733401 ], [ 80.189277277185568, 13.113688559752676 ], [ 80.188376387319849, 13.113685723221806 ], [ 80.188376378012791, 13.113688561391838 ], [ 80.187494124886413, 13.113685780486751 ], [ 80.18749707290543, 13.112787730109378 ], [ 80.187494113985224, 13.112787720778261 ], [ 80.187497071121186, 13.111886829078822 ], [ 80.186593219119061, 13.111883977333664 ], [ 80.186596169977761, 13.110985929762274 ], [ 80.18659320820008, 13.110985920412979 ], [ 80.18659616819366, 13.110085028731611 ], [ 80.186593206626895, 13.110085019383579 ], [ 80.186596166409672, 13.109184127700948 ], [ 80.186593205053853, 13.109184118354181 ], [ 80.186596164625826, 13.108283226670292 ], [ 80.185692310204288, 13.108280372485336 ], [ 80.185695263482202, 13.107382327353315 ], [ 80.185692299270258, 13.107382317988364 ], [ 80.185695261698484, 13.106481426322551 ], [ 80.185692297697699, 13.106481416958864 ], [ 80.185695259914908, 13.10558052529179 ], [ 80.185692296125282, 13.105580515929365 ], [ 80.185695256700484, 13.104680059502398 ], [ 80.186593186415166, 13.10468289425525 ], [ 80.186593195750163, 13.104680051779733 ], [ 80.187475483814993, 13.10468283410529 ], [ 80.187472537600414, 13.105580886239947 ], [ 80.188394993284589, 13.105583792202149 ], [ 80.18839500257954, 13.105580955842681 ], [ 80.189295895933213, 13.105583790691632 ], [ 80.18929590520753, 13.105580957480925 ], [ 80.190196798581709, 13.10558378918101 ], [ 80.190196807835434, 13.105580959119051 ], [ 80.191079078981872, 13.105583729233532 ], [ 80.191076145585896, 13.106481793863555 ], [ 80.191979976592705, 13.106484628730254 ], [ 80.191977046245597, 13.107382696348202 ], [ 80.191979984233257, 13.107382705558651 ], [ 80.191977044462689, 13.108283597120046 ], [ 80.191979982659632, 13.108283606331742 ], [ 80.191977044172219, 13.109184040547111 ], [ 80.191079092643747, 13.10918122358281 ], [ 80.191076138453568, 13.110085396950501 ], [ 80.191979970293019, 13.110088232543568 ], [ 80.191977039113226, 13.11098629943557 ], [ 80.192899515965237, 13.110989190449356 ], [ 80.192902462206263, 13.110085477170305 ], [ 80.193800417040435, 13.110088287970925 ], [ 80.193803361282875, 13.109184113993775 ], [ 80.193800426154397, 13.109184104811883 ], [ 80.193803357988401, 13.108283677211681 ], [ 80.194701316541995, 13.108286484525994 ], [ 80.194701325696755, 13.108283669668857 ], [ 80.195602219190164, 13.108286483014366 ], [ 80.195602228324447, 13.108283671306577 ], [ 80.196503121838219, 13.108286481502624 ], [ 80.196503130952053, 13.108283672944181 ], [ 80.197404024486175, 13.108286479990767 ], [ 80.197404033579573, 13.108283674581669 ], [ 80.198286267741381, 13.108286420436151 ], [ 80.19828335978265, 13.10918450988061 ], [ 80.199187165351333, 13.109187319931117 ], [ 80.19918426044417, 13.110085412365546 ], [ 80.200106735577663, 13.110088277386417 ], [ 80.20010674461237, 13.110085481068491 ], [ 80.200988962146809, 13.110088217967824 ], [ 80.200986063550118, 13.110986316562808 ], [ 80.20098896958622, 13.110986325573807 ], [ 80.200986063349262, 13.111886727413204 ], [ 80.200088079456037, 13.11188394120955 ], [ 80.200085159112817, 13.112787630043474 ], [ 80.199187178727669, 13.112784840532621 ], [ 80.199187169668164, 13.112787640714958 ], [ 80.198286279574177, 13.112784839019893 ], [ 80.198283352422735, 13.11368853429153 ], [ 80.197404053676721, 13.113685796521063 ], [ 80.197406965847776, 13.112787711260308 ], [ 80.196484481267518, 13.112784835994765 ], [ 80.196484472146736, 13.112787645628751 ] ], [ [ 80.195602234263902, 13.105577685964747 ], [ 80.195605151087875, 13.104679605420262 ], [ 80.194701330073201, 13.104676783658883 ], [ 80.194704248422525, 13.103779174888016 ], [ 80.195602211324385, 13.103781978181878 ], [ 80.195605145990044, 13.102878275716522 ], [ 80.196503112398943, 13.102881075704286 ], [ 80.196506043557832, 13.101977376544754 ], [ 80.197404013473303, 13.101980173226792 ], [ 80.197406941125905, 13.10107647737272 ], [ 80.198286280343154, 13.101079212814703 ], [ 80.198283374036833, 13.101977303699723 ], [ 80.199187177954997, 13.101980112310459 ], [ 80.199184274698425, 13.102878206183805 ], [ 80.200088075566597, 13.102881011805934 ], [ 80.200085175360243, 13.103779108667984 ], [ 80.200088083017704, 13.103779117689569 ], [ 80.20008517515663, 13.104679520925448 ], [ 80.19918719289474, 13.104676733010445 ], [ 80.199184269354035, 13.105580908501972 ], [ 80.199187180703319, 13.105580917546341 ], [ 80.199184269139721, 13.106481324568389 ], [ 80.19828629059306, 13.106478533170055 ], [ 80.198286281521717, 13.106481335251154 ], [ 80.197385391438843, 13.106478531658199 ], [ 80.197385382347107, 13.106481336888439 ], [ 80.196503138454858, 13.106478588270898 ], [ 80.196506052228912, 13.10558050473759 ], [ 80.195602234263902, 13.105577685964747 ] ], [ [ 80.197406931993271, 13.095670591702731 ], [ 80.196484511157195, 13.095667720121046 ], [ 80.196481581385967, 13.096571418270839 ], [ 80.195583610429907, 13.09656861944605 ], [ 80.195583601310858, 13.096571429000585 ], [ 80.194682711274751, 13.096568617935727 ], [ 80.194679773173817, 13.097472792992246 ], [ 80.195583589079959, 13.097475613372737 ], [ 80.195580675371801, 13.098373221914059 ], [ 80.194682708130799, 13.098370419606177 ], [ 80.194679771138865, 13.099274124544078 ], [ 80.193800418012273, 13.099271377109893 ], [ 80.193803339896235, 13.098373301636414 ], [ 80.193800407276342, 13.098373292469393 ], [ 80.193803338114847, 13.097472400606641 ], [ 80.192880911393104, 13.097469515750424 ], [ 80.192877968019161, 13.098373226763414 ], [ 80.191998611207921, 13.098370473349041 ], [ 80.192001539394198, 13.097472404029936 ], [ 80.191998600432584, 13.097472394823145 ], [ 80.192001537612697, 13.096571502999952 ], [ 80.191097705446083, 13.096568670196334 ], [ 80.191100636470594, 13.095670603681564 ], [ 80.19017821707186, 13.095667709551137 ], [ 80.190175264232053, 13.096571429585381 ], [ 80.189277316346192, 13.096568608876167 ], [ 80.189277307083586, 13.096571440459288 ], [ 80.188376417191833, 13.096568607366638 ], [ 80.188373457549204, 13.097472333833217 ], [ 80.18747551646662, 13.097469506691569 ], [ 80.187475507161551, 13.097472344749853 ], [ 80.186593193941121, 13.097469563766692 ], [ 80.186596141447311, 13.09657151327187 ], [ 80.185692289752751, 13.09656866146355 ], [ 80.185695240303787, 13.095670613953505 ], [ 80.184791385564665, 13.09566775916069 ], [ 80.184794339160078, 13.094769714635033 ], [ 80.184791374629498, 13.09476970526709 ], [ 80.184794335948041, 13.093869248437981 ], [ 80.185692264915147, 13.093872084152771 ], [ 80.1856922742557, 13.093869240708802 ], [ 80.186593167562606, 13.093872082644014 ], [ 80.186593176882482, 13.093869242346187 ], [ 80.187494070209922, 13.093872081135141 ], [ 80.187497033681396, 13.092967907437503 ], [ 80.187494079396217, 13.092967898134079 ], [ 80.187497031899952, 13.092067006406982 ], [ 80.18749407782542, 13.092066997104816 ], [ 80.187497030118621, 13.091166105376463 ], [ 80.187494076254751, 13.091166096075556 ], [ 80.187497026876684, 13.090265650138235 ], [ 80.188394966575984, 13.090268475756538 ], [ 80.188397925918338, 13.089364301604146 ], [ 80.188394975749077, 13.089364292326357 ], [ 80.188397922666113, 13.088463850179291 ], [ 80.18929586608256, 13.088466672313269 ], [ 80.189298820237596, 13.087562951007548 ], [ 80.190196767158866, 13.087565769837511 ], [ 80.190196776387609, 13.087562943389123 ], [ 80.191097669804904, 13.087565768328941 ], [ 80.191100617162164, 13.08666205345108 ], [ 80.191998570880756, 13.086664865853283 ], [ 80.191998580067235, 13.08666204587467 ], [ 80.192899473526467, 13.086664864344604 ], [ 80.192899482692454, 13.086662047510513 ], [ 80.19378180958121, 13.086664804846258 ], [ 80.193778890317915, 13.08756288278787 ], [ 80.194682707196989, 13.087565704344524 ], [ 80.194679790978512, 13.088463785270253 ], [ 80.195583604812512, 13.088466603842507 ], [ 80.195580691639321, 13.089364687752745 ], [ 80.195583612348429, 13.089364696856553 ], [ 80.195580689859412, 13.090265588525059 ], [ 80.196484500854865, 13.090268404293148 ], [ 80.196481590520463, 13.091166491007757 ], [ 80.197403994608322, 13.091169361631136 ], [ 80.1974040036784, 13.091166559624197 ], [ 80.198304897253919, 13.091169360121235 ], [ 80.198304906303647, 13.091166561259822 ], [ 80.199187196845543, 13.091169300878953 ], [ 80.199184296064644, 13.092067396910993 ], [ 80.199187204302845, 13.092067405937042 ], [ 80.199184294284819, 13.092968297683736 ], [ 80.199187202730414, 13.092968306711009 ], [ 80.199184292504867, 13.093869198456478 ], [ 80.199187201157855, 13.093869207484969 ], [ 80.199184292300856, 13.094769611396691 ], [ 80.198286311040448, 13.094766822306383 ], [ 80.198283386502595, 13.095670998291359 ], [ 80.199187188976666, 13.095673805642157 ], [ 80.199184287164258, 13.096571900774691 ], [ 80.199187196439453, 13.096571909806849 ], [ 80.199184285383808, 13.097472801547429 ], [ 80.199187194866411, 13.097472810580806 ], [ 80.199184285176628, 13.098373215449529 ], [ 80.198304929513483, 13.098370483543238 ], [ 80.198307834914445, 13.097472392050369 ], [ 80.197404025324644, 13.097469581237615 ], [ 80.197406933773948, 13.096571492732068 ], [ 80.197404014672685, 13.096571483649255 ], [ 80.197406931993271, 13.095670591702731 ] ], [ [ 80.186574600124445, 13.101976851466192 ], [ 80.185673710303163, 13.101974007843566 ], [ 80.185673700950446, 13.1019768531045 ], [ 80.184791396572734, 13.101974065094712 ], [ 80.18479435021365, 13.101076454735665 ], [ 80.185692277480584, 13.101079291894507 ], [ 80.185695249216039, 13.100175119107247 ], [ 80.18569228669331, 13.10017510975241 ], [ 80.18569524599819, 13.099274654778585 ], [ 80.186593176986634, 13.099277488449674 ], [ 80.186596143566646, 13.098373755608451 ], [ 80.187494078063551, 13.098376585972654 ], [ 80.187494087369089, 13.098373747914554 ], [ 80.188394980711337, 13.098376584463123 ], [ 80.188394989996254, 13.098373749552167 ], [ 80.189277293200931, 13.098376524517336 ], [ 80.189274354961782, 13.0992745842654 ], [ 80.190196787578031, 13.099277482410894 ], [ 80.190196796823003, 13.099274653613554 ], [ 80.19107908999986, 13.099277422559361 ], [ 80.191076158062629, 13.100175488461343 ], [ 80.191079097652107, 13.100175497682379 ], [ 80.191076157770141, 13.101075933038816 ], [ 80.190178207642802, 13.101073114559229 ], [ 80.190178198394548, 13.101075943898744 ], [ 80.189277308488926, 13.101073113049038 ], [ 80.189277299220066, 13.101075945536508 ], [ 80.188376409335149, 13.101073111538964 ], [ 80.188376400045684, 13.101075947174381 ], [ 80.1874755101815, 13.101073110029002 ], [ 80.187472546183841, 13.10197684052207 ], [ 80.186574609456471, 13.101974009353407 ], [ 80.186574600124445, 13.101976851466192 ] ], [ [ 80.178485064023121, 13.099274222262322 ], [ 80.178488049397856, 13.098373741050683 ], [ 80.179385954228266, 13.098376599553355 ], [ 80.179385963720478, 13.098373733170876 ], [ 80.180286856877089, 13.098376598044839 ], [ 80.180289847698802, 13.097472426292278 ], [ 80.180286866157132, 13.097472416816696 ], [ 80.180289844535068, 13.096571942712853 ], [ 80.181169203673804, 13.096574735705442 ], [ 80.181166236561126, 13.097472767309887 ], [ 80.181169211551321, 13.097472776754502 ], [ 80.181166234778203, 13.098373668080445 ], [ 80.18208866217438, 13.098376595027469 ], [ 80.182088671604163, 13.098373738086455 ], [ 80.18297099890043, 13.098376534704624 ], [ 80.182968037875838, 13.099274572277212 ], [ 80.183871896513338, 13.099277434203795 ], [ 80.183868938533521, 13.100175474761024 ], [ 80.183871904331653, 13.100175484147178 ], [ 80.183868938165602, 13.101075945978042 ], [ 80.182971014414917, 13.101073102480877 ], [ 80.182971005001278, 13.101075957004021 ], [ 80.182070115261951, 13.10107310097159 ], [ 80.182067131481361, 13.10197685022867 ], [ 80.181187786105554, 13.10197405927269 ], [ 80.181190754193551, 13.101076028704293 ], [ 80.180268316956344, 13.101073097953355 ], [ 80.180268307480318, 13.10107596192038 ], [ 80.179385979299127, 13.101073155515046 ], [ 80.179388953686981, 13.100175131100084 ], [ 80.17848507510999, 13.100172253212973 ], [ 80.178488052541596, 13.099274231782173 ], [ 80.178485064023121, 13.099274222262322 ] ], [ [ 80.183890476661674, 13.092064154315329 ], [ 80.183893431247668, 13.09116654445973 ], [ 80.184772809848624, 13.091169324161172 ], [ 80.184769858445421, 13.092066934213904 ], [ 80.183890476661674, 13.092064154315329 ] ], [ [ 80.186593169026239, 13.089364738415567 ], [ 80.187475510552432, 13.08936751788969 ], [ 80.187472569356842, 13.090265127335218 ], [ 80.186574629875921, 13.090262298508275 ], [ 80.186571665125854, 13.091166029966054 ], [ 80.185673729151219, 13.091163197833957 ], [ 80.185673719813678, 13.091166040914725 ], [ 80.184791377705494, 13.091163254922243 ], [ 80.184794328818271, 13.090265645289154 ], [ 80.185692258635427, 13.090268480281852 ], [ 80.185695226389143, 13.089364746118319 ], [ 80.186593159712658, 13.0893675778059 ], [ 80.186593169026239, 13.089364738415567 ] ], [ [ 80.186571681481411, 13.082157464475012 ], [ 80.186574633238067, 13.08215747377389 ], [ 80.186571679701345, 13.083058365246254 ], [ 80.186574631668648, 13.083058374546392 ], [ 80.186571679377494, 13.083958821850317 ], [ 80.185692267751605, 13.083956049594766 ], [ 80.185695215366323, 13.083057999523241 ], [ 80.184791363566859, 13.083055147293299 ], [ 80.18479431278368, 13.082157538204322 ], [ 80.185692244513348, 13.08216037157213 ], [ 80.185695210356769, 13.081256639032683 ], [ 80.186574625504889, 13.081259410758053 ], [ 80.186571681481411, 13.082157464475012 ] ], [ [ 80.177565608503969, 13.095673840568441 ], [ 80.177562629937512, 13.096571452227876 ], [ 80.176683263589737, 13.096568646915964 ], [ 80.176686245340079, 13.095671035455403 ], [ 80.177565608503969, 13.095673840568441 ] ], [ [ 80.178466507655656, 13.107379400768558 ], [ 80.178466498128913, 13.107382272314361 ], [ 80.177584185071751, 13.107379458533982 ], [ 80.177587167453154, 13.106481441749775 ], [ 80.177584173952823, 13.106481432198718 ], [ 80.177587165668513, 13.105580540718034 ], [ 80.17758417238143, 13.105580531168265 ], [ 80.177587162538373, 13.104680044938172 ], [ 80.178466491968365, 13.104682848662137 ], [ 80.178463513187765, 13.105580869102418 ], [ 80.179367389579724, 13.10558374816152 ], [ 80.179364413844226, 13.106481771587003 ], [ 80.179367397510674, 13.106481781086071 ], [ 80.179364413422476, 13.107382261174232 ], [ 80.178466507655656, 13.107379400768558 ] ], [ [ 80.183868954213864, 13.092967836845464 ], [ 80.182989575617668, 13.092965053708321 ], [ 80.182992533677336, 13.092067443630034 ], [ 80.183871909090527, 13.092070226569824 ], [ 80.183868954213864, 13.092967836845464 ] ], [ [ 80.182992565786066, 13.108283657796621 ], [ 80.183871880780629, 13.108286443745854 ], [ 80.183868922107095, 13.109184055110571 ], [ 80.182989603925662, 13.109181268964001 ], [ 80.182992565786066, 13.108283657796621 ] ], [ [ 80.193781785984868, 13.100178319144426 ], [ 80.193778865123321, 13.101075928188109 ], [ 80.192880905105156, 13.101073119090472 ], [ 80.19288089591852, 13.101075938986149 ], [ 80.191998615928782, 13.10107317589449 ], [ 80.192001543240124, 13.100175566885383 ], [ 80.192899497092327, 13.100178378847462 ], [ 80.192899506276916, 13.10017555931209 ], [ 80.193781785984868, 13.100178319144426 ] ], [ [ 80.196506107535455, 13.133508436651558 ], [ 80.195602283145448, 13.133505612282447 ], [ 80.195605204882568, 13.13260800173024 ], [ 80.196503164370597, 13.13261080759408 ], [ 80.196506102442257, 13.131707102561412 ], [ 80.197385327547636, 13.131709846663927 ], [ 80.197382410954049, 13.1326079282526 ], [ 80.198286225151378, 13.132610746156487 ], [ 80.198283311615086, 13.133508830740331 ], [ 80.198286232679777, 13.133508839843062 ], [ 80.198283309829336, 13.134409731512887 ], [ 80.198286231101719, 13.134409740616848 ], [ 80.198283309580418, 13.135310158610348 ], [ 80.197404091542452, 13.135307416901187 ], [ 80.197407008676592, 13.134409335965467 ], [ 80.196503187343822, 13.134406514591673 ], [ 80.196506107535455, 13.133508436651558 ] ], [ [ 80.201908553033789, 13.110985891638812 ], [ 80.201911455696802, 13.110085493342197 ], [ 80.202809443520479, 13.110088272848506 ], [ 80.202809452494208, 13.110085485979814 ], [ 80.203710346167838, 13.110088271335648 ], [ 80.203710355121302, 13.110085487616688 ], [ 80.204592558890937, 13.110088212135066 ], [ 80.204589673328101, 13.110986323410563 ], [ 80.205512153037319, 13.110989169274871 ], [ 80.205515053090494, 13.110085499808404 ], [ 80.206413054109291, 13.110088266796378 ], [ 80.206413063002074, 13.110085492526638 ], [ 80.207295256450024, 13.110088207759571 ], [ 80.207292380662807, 13.1109863285452 ], [ 80.207295263746843, 13.110986337414463 ], [ 80.207292380524905, 13.111886716095663 ], [ 80.206394373535375, 13.111883951801852 ], [ 80.206391476288644, 13.112787618724667 ], [ 80.205493472805401, 13.112784851124895 ], [ 80.205490570427528, 13.113689027442625 ], [ 80.205493460686682, 13.113689036355876 ], [ 80.205490568645487, 13.114589928216093 ], [ 80.206394349377007, 13.114592713977109 ], [ 80.206391469308798, 13.115490830701646 ], [ 80.206394356699533, 13.115490839597088 ], [ 80.206391469158092, 13.116391222774604 ], [ 80.205493466502389, 13.116388454471188 ], [ 80.205493457580204, 13.116391233308519 ], [ 80.204611279340043, 13.116388510738716 ], [ 80.204614166053005, 13.115490400645903 ], [ 80.204611268821552, 13.115490391700121 ], [ 80.204614164270609, 13.114589499617407 ], [ 80.204611267245426, 13.114589490672831 ], [ 80.20461416248834, 13.113688598588917 ], [ 80.203710371991917, 13.113685806730254 ], [ 80.203713261349293, 13.112787699272515 ], [ 80.2028094677989, 13.112784904421845 ], [ 80.202812360210032, 13.111886799956013 ], [ 80.201908563606111, 13.111884002113721 ], [ 80.20191145907053, 13.110985900639406 ], [ 80.201908553033789, 13.110985891638812 ] ], [ [ 80.203710347281017, 13.104679581063634 ], [ 80.203713241919587, 13.103779191051828 ], [ 80.204611237793912, 13.10378196306482 ], [ 80.204611246718684, 13.103779183737615 ], [ 80.205512140440234, 13.103781961552492 ], [ 80.205512149344798, 13.103779185373622 ], [ 80.206394368299485, 13.103781902555449 ], [ 80.206391490685036, 13.104680021418668 ], [ 80.207313947306972, 13.104682859492588 ], [ 80.207313956172385, 13.104680089433538 ], [ 80.208196165097675, 13.10468280059116 ], [ 80.20819329379313, 13.10558092561371 ], [ 80.208196172367806, 13.105580934455645 ], [ 80.208193293668742, 13.106481308405384 ], [ 80.207295282141459, 13.10647854829482 ], [ 80.207292389434002, 13.107382211033672 ], [ 80.206413068801297, 13.107379505156564 ], [ 80.206415946949789, 13.106481386938686 ], [ 80.205512164609871, 13.106478602848302 ], [ 80.205515045811282, 13.10558048762142 ], [ 80.204592586250186, 13.105577642919766 ], [ 80.204589683856057, 13.106481314869491 ], [ 80.203710359379627, 13.106478599932112 ], [ 80.203713247095735, 13.105580491043762 ], [ 80.203710348855651, 13.105580482091012 ], [ 80.203713245314603, 13.104679590015174 ], [ 80.203710347281017, 13.104679581063634 ] ], [ [ 80.200106738313309, 13.105580488855828 ], [ 80.200109646303986, 13.104680085376131 ], [ 80.200988971602428, 13.104682812253525 ], [ 80.20098607424093, 13.105580911925214 ], [ 80.200988979035287, 13.105580920928912 ], [ 80.200986072459443, 13.106481812698147 ], [ 80.201889867637405, 13.10648461270063 ], [ 80.201886974715322, 13.107382220731466 ], [ 80.200988986482258, 13.10737943854231 ], [ 80.200988977470786, 13.107382231354213 ], [ 80.200106750493646, 13.107379494950173 ], [ 80.200109651444976, 13.106481398918801 ], [ 80.200106739887616, 13.106481389883632 ], [ 80.200109649663247, 13.105580497889777 ], [ 80.200106738313309, 13.105580488855828 ] ], [ [ 80.200088108187401, 13.08936470530457 ], [ 80.200085203653643, 13.090265104715535 ], [ 80.19918721805567, 13.090262319638173 ], [ 80.19918720902669, 13.090265115354242 ], [ 80.198304915350477, 13.090262375901149 ], [ 80.198307818892786, 13.089364282787411 ], [ 80.198304904729582, 13.08936427373477 ], [ 80.198307817113246, 13.088463381758205 ], [ 80.19830490315789, 13.088463372706789 ], [ 80.19830781376146, 13.087562967160718 ], [ 80.199187203138393, 13.087565697068314 ], [ 80.199184303182662, 13.088463793820003 ], [ 80.200088100753803, 13.088466596565377 ], [ 80.200085203844637, 13.089364696302473 ], [ 80.200088108187401, 13.08936470530457 ] ], [ [ 80.198307865435439, 13.113689090028773 ], [ 80.199187157469964, 13.113691824693882 ], [ 80.199184253092568, 13.114589433687213 ], [ 80.19830495786988, 13.11458669882847 ], [ 80.198307865435439, 13.113689090028773 ] ], [ [ 80.20278778969346, 13.151526368743836 ], [ 80.201908633095726, 13.151523639499702 ], [ 80.201911536047064, 13.150626028843931 ], [ 80.202790689447824, 13.150628757895333 ], [ 80.20278778969346, 13.151526368743836 ] ], [ [ 80.205515085191294, 13.126301714015423 ], [ 80.206394328857371, 13.126304426349861 ], [ 80.206391447754314, 13.127202034924375 ], [ 80.205512200897061, 13.127199322398058 ], [ 80.205515085191294, 13.126301714015423 ] ], [ [ 80.20639146217934, 13.119094433795915 ], [ 80.20639435039233, 13.119094442696161 ], [ 80.206391462025536, 13.119994826824536 ], [ 80.205512188267932, 13.119992115597881 ], [ 80.205515072539839, 13.119094003047159 ], [ 80.205512177764263, 13.119093994116806 ], [ 80.205515069135771, 13.1181936069119 ], [ 80.206394343065526, 13.118196317784186 ], [ 80.20639146217934, 13.119094433795915 ] ], [ [ 80.206413092462952, 13.120893017907633 ], [ 80.206415972049669, 13.119995410107762 ], [ 80.207295239094236, 13.119998118228066 ], [ 80.207292362697203, 13.120895726219601 ], [ 80.206413092462952, 13.120893017907633 ] ], [ [ 80.228015891087281, 13.14251732174337 ], [ 80.227115000390427, 13.142514615177431 ], [ 80.227114991914249, 13.142517323380586 ], [ 80.226214101237261, 13.142514613657617 ], [ 80.226214092741287, 13.142517325017911 ], [ 80.225332085369089, 13.142514669034124 ], [ 80.225334901094385, 13.141617063040297 ], [ 80.226232967611452, 13.141619767173578 ], [ 80.226235800455768, 13.140715588306939 ], [ 80.226232976325562, 13.1407155798088 ], [ 80.226235796868821, 13.139815263075057 ], [ 80.227133867095816, 13.139817963728781 ], [ 80.227136696240251, 13.138913784542632 ], [ 80.226232981652018, 13.138911067088932 ], [ 80.226235795106717, 13.138012885229148 ], [ 80.225332077451753, 13.138010164773178 ], [ 80.225334892175695, 13.137112559084015 ], [ 80.2262329597026, 13.137115262360025 ], [ 80.2262357897351, 13.136211659909675 ], [ 80.227133860769001, 13.136214359878359 ], [ 80.227136687294788, 13.135310760735067 ], [ 80.228015893482606, 13.135313400772752 ], [ 80.228013087077272, 13.136211589609895 ], [ 80.228015900347245, 13.136211598053189 ], [ 80.228013085295004, 13.137112490386038 ], [ 80.228916789501142, 13.137115201208008 ], [ 80.228913985963871, 13.138013392874184 ], [ 80.228916796347974, 13.138013401300045 ], [ 80.228913984181446, 13.138914293650432 ], [ 80.229836573457703, 13.13891705820768 ], [ 80.229836581869449, 13.138914360334633 ], [ 80.230718584704064, 13.13891700017887 ], [ 80.230715787302273, 13.139815197850783 ], [ 80.230718591513337, 13.139815206239557 ], [ 80.230715785519848, 13.140716098627244 ], [ 80.231619480720752, 13.14071880061287 ], [ 80.231616686189369, 13.141617001115808 ], [ 80.231619487512248, 13.141617009487193 ], [ 80.231616686258405, 13.142517306823146 ], [ 80.230718597004284, 13.142514621257824 ], [ 80.230718588606962, 13.142517316832416 ], [ 80.229817697850649, 13.142514619737556 ], [ 80.229817689433645, 13.142517318469286 ], [ 80.228916798697128, 13.142514618217405 ], [ 80.228916790260413, 13.142517320106272 ], [ 80.22801589954372, 13.142514616697364 ], [ 80.228015891087281, 13.14251732174337 ] ], [ [ 80.219006908015999, 13.142514601503148 ], [ 80.219006899360991, 13.142517338120628 ], [ 80.218106008863842, 13.142514599984349 ], [ 80.218106000188854, 13.142517339758978 ], [ 80.217205109711813, 13.14251459846566 ], [ 80.217202245117534, 13.143418233719125 ], [ 80.216304208978798, 13.143415497785039 ], [ 80.216304200262613, 13.143418244048688 ], [ 80.21540330982711, 13.143415496266469 ], [ 80.215400438413909, 13.144319137968088 ], [ 80.214502409094564, 13.144316395585749 ], [ 80.214499532479437, 13.145220571664659 ], [ 80.214502397065147, 13.145220580418048 ], [ 80.214499530694141, 13.146121472439155 ], [ 80.21450239548335, 13.146121481193722 ], [ 80.214499528908718, 13.147022373213648 ], [ 80.215403284323585, 13.147025133609601 ], [ 80.215400429574004, 13.147923275703024 ], [ 80.216323049538914, 13.147926090629005 ], [ 80.216323058260187, 13.14792334366674 ], [ 80.217205081105533, 13.147926031633283 ], [ 80.217202232690681, 13.148824179907269 ], [ 80.218124856421937, 13.148826988554315 ], [ 80.218124865104329, 13.14882424773408 ], [ 80.219006877887296, 13.148826929656233 ], [ 80.219004035808183, 13.149725084111498 ], [ 80.219907775485993, 13.149727829142524 ], [ 80.219904936474592, 13.150625986601177 ], [ 80.219907782546684, 13.150625995241432 ], [ 80.21990493642609, 13.151526337963864 ], [ 80.219006892195878, 13.151523609886057 ], [ 80.219004032179427, 13.152427240594262 ], [ 80.218105991462309, 13.152424509204364 ], [ 80.218103127932494, 13.153328143224925 ], [ 80.217205090728982, 13.153325408522573 ], [ 80.217202221976066, 13.154229584556131 ], [ 80.21720507872682, 13.154229593261071 ], [ 80.217202221898475, 13.15512994686725 ], [ 80.216304188413162, 13.155127208678657 ], [ 80.216301317650746, 13.156030849498537 ], [ 80.215403287680275, 13.15602810799655 ], [ 80.215403278927553, 13.156030859865957 ], [ 80.214502388530349, 13.156028106476569 ], [ 80.214502379757519, 13.156030861506146 ], [ 80.213601489380537, 13.156028104956697 ], [ 80.21360148058757, 13.156030863146453 ], [ 80.21271947246106, 13.156028161311554 ], [ 80.21272233876131, 13.155130030451563 ], [ 80.211818568256575, 13.155127258996655 ], [ 80.211821437623897, 13.15422913114006 ], [ 80.210917664052346, 13.154226356682036 ], [ 80.21092053648627, 13.153328231828452 ], [ 80.210917653619106, 13.153328222973959 ], [ 80.210920534699383, 13.152427330800649 ], [ 80.210917652036898, 13.15242732194735 ], [ 80.21092053291261, 13.151526429772844 ], [ 80.210917650454832, 13.151526420920737 ], [ 80.210920531125964, 13.150625528745044 ], [ 80.210917648872879, 13.150625519894129 ], [ 80.210920529339461, 13.149724627717246 ], [ 80.21001675351603, 13.149721850965181 ], [ 80.21001962820165, 13.148823728405109 ], [ 80.210016743069275, 13.148823719536361 ], [ 80.21001962641526, 13.147922827377203 ], [ 80.209115847730743, 13.147920047801001 ], [ 80.20911872364141, 13.14702243864847 ], [ 80.210016729400792, 13.147025200295051 ], [ 80.210016738261842, 13.147022431401739 ], [ 80.210917632052059, 13.147025198776829 ], [ 80.210920520540597, 13.146121541097802 ], [ 80.21181853312234, 13.146124296294056 ], [ 80.211821419760554, 13.145220120863163 ], [ 80.211818542023323, 13.145220112039572 ], [ 80.211821417974917, 13.144319219835484 ], [ 80.211818540442138, 13.144319211013082 ], [ 80.211821416189409, 13.143418318807809 ], [ 80.211818538861067, 13.143418309986592 ], [ 80.211821414404028, 13.142517417780128 ], [ 80.211818537280138, 13.142517408960099 ], [ 80.211821412618761, 13.141616516752453 ], [ 80.210917641894525, 13.141613744772119 ], [ 80.210920511481277, 13.140715617439344 ], [ 80.210917631479703, 13.140715608601528 ], [ 80.210920509696152, 13.139814716411562 ], [ 80.210016736112394, 13.139811941608597 ], [ 80.210019608558454, 13.138913817098246 ], [ 80.21001672568012, 13.138913808242625 ], [ 80.210019605122369, 13.138013432370718 ], [ 80.21091761624993, 13.138016189131308 ], [ 80.210920504341544, 13.137112013328231 ], [ 80.210917625158658, 13.137112004495174 ], [ 80.210920502556917, 13.136211112300458 ], [ 80.210917623578709, 13.13621110346859 ], [ 80.210920499110657, 13.135310731619882 ], [ 80.211818514161351, 13.13531348472068 ], [ 80.211821398341257, 13.134409308531106 ], [ 80.210917629243937, 13.134406537966832 ], [ 80.21092049720383, 13.133508409217148 ], [ 80.210917618839616, 13.133508400388848 ], [ 80.210920493756021, 13.132608029250415 ], [ 80.211818509423935, 13.132610781827289 ], [ 80.211821392989265, 13.131706605448128 ], [ 80.211818518318594, 13.131706596642351 ], [ 80.211821389531821, 13.130806229288607 ], [ 80.212719408915206, 13.130808978381852 ], [ 80.212722288775566, 13.129904801679666 ], [ 80.212719417797501, 13.129904792896374 ], [ 80.212722286992189, 13.129003900652124 ], [ 80.211818522378508, 13.129001134324181 ], [ 80.21182138585506, 13.128103001337516 ], [ 80.211818512002097, 13.128102992536483 ], [ 80.211821384071825, 13.127202100309871 ], [ 80.210917616601336, 13.12719933116183 ], [ 80.210920481266299, 13.126301723721665 ], [ 80.211818498374299, 13.126304475075942 ], [ 80.211818507167678, 13.126301716540395 ], [ 80.212719401022639, 13.126304473559994 ], [ 80.21272227985996, 13.125400296541963 ], [ 80.212719409902832, 13.125400287764586 ], [ 80.212722278077223, 13.124499395514428 ], [ 80.211818514479134, 13.124496630070668 ], [ 80.211821376940136, 13.123598496199287 ], [ 80.211818504109246, 13.123598487404191 ], [ 80.211821373478088, 13.122698122179425 ], [ 80.212719394710859, 13.122700869702465 ], [ 80.212722271040988, 13.121797223006372 ], [ 80.213620295780856, 13.121799967222563 ], [ 80.213620304528163, 13.121797215870549 ], [ 80.214502429420122, 13.121799908449649 ], [ 80.214499577070768, 13.122698052301759 ], [ 80.21542210265379, 13.122700865155252 ], [ 80.21542211136223, 13.122698119932942 ], [ 80.216304226211903, 13.122700806479038 ], [ 80.21630138018412, 13.123598956500075 ], [ 80.217205123817592, 13.123601705968751 ], [ 80.217202280850117, 13.124499858986663 ], [ 80.217205130908326, 13.124499867652988 ], [ 80.217202279068076, 13.125400759761511 ], [ 80.217205129329059, 13.12540076842901 ], [ 80.217202277285907, 13.126301660536374 ], [ 80.217205127749679, 13.126301669205038 ], [ 80.217202275503624, 13.127202561311227 ], [ 80.217205126170171, 13.127202569981058 ], [ 80.217202275448642, 13.128102916525311 ], [ 80.216323033882801, 13.128100240779942 ], [ 80.216325880840657, 13.127202091746863 ], [ 80.215403338265617, 13.127199281185613 ], [ 80.215400470534604, 13.128102919759659 ], [ 80.214502437533199, 13.128100180506811 ], [ 80.214499564593169, 13.129004357723474 ], [ 80.214502425515846, 13.129004366455655 ], [ 80.214499564510547, 13.129904723400314 ], [ 80.213601535222125, 13.129901980665494 ], [ 80.213598658578491, 13.13080615755959 ], [ 80.213601523192139, 13.130806166314184 ], [ 80.213598656795099, 13.131707058334001 ], [ 80.214502412036438, 13.131709818909174 ], [ 80.214499557460329, 13.132607960821561 ], [ 80.214502419196961, 13.132607969558455 ], [ 80.214499555676795, 13.133508861596081 ], [ 80.214502417616927, 13.13350887033415 ], [ 80.214499553893134, 13.134409762370591 ], [ 80.215403306477015, 13.13441252029974 ], [ 80.215400456263808, 13.135310127852307 ], [ 80.214502424898797, 13.135307387208464 ], [ 80.214499552021437, 13.136211030482006 ], [ 80.213601524166549, 13.136208286528705 ], [ 80.213598646092109, 13.137112462980442 ], [ 80.214521225269181, 13.137115282097506 ], [ 80.214521234016487, 13.137112530920257 ], [ 80.2154221279186, 13.137115280579913 ], [ 80.215422136645842, 13.137112532558417 ], [ 80.216304200915872, 13.137115221689612 ], [ 80.216301351656483, 13.138013368895907 ], [ 80.217223934797417, 13.138016178508197 ], [ 80.217223943485791, 13.138013436623678 ], [ 80.218124837446595, 13.138016176990162 ], [ 80.218124846114975, 13.138013438261591 ], [ 80.219025740095674, 13.138016175472009 ], [ 80.219028596774621, 13.137112547762415 ], [ 80.219926641163951, 13.137115272990266 ], [ 80.219926649791248, 13.137112540747513 ], [ 80.220808696837082, 13.137115214376729 ], [ 80.220805863906534, 13.138013377462096 ], [ 80.221728448042199, 13.138016170916877 ], [ 80.221731294804201, 13.137112552615074 ], [ 80.222610495206226, 13.137115211450963 ], [ 80.222607668807356, 13.138013380887791 ], [ 80.223530253339305, 13.138016167879561 ], [ 80.223533093490119, 13.137112555849722 ], [ 80.224412293575725, 13.137115208524843 ], [ 80.224409473708647, 13.138013384313037 ], [ 80.225313191177435, 13.138016108011334 ], [ 80.225310376172686, 13.138913714102415 ], [ 80.224412309258625, 13.138911007262616 ], [ 80.224409471929661, 13.139814616730479 ], [ 80.223511408523791, 13.139811906582388 ], [ 80.223508567686338, 13.140715519358814 ], [ 80.222610507789184, 13.140712805902055 ], [ 80.222610499216188, 13.140715529544325 ], [ 80.221709608636331, 13.140712804383023 ], [ 80.22170676098338, 13.141616423605345 ], [ 80.220808707902179, 13.141613703702593 ], [ 80.220805856739489, 13.142517326234399 ], [ 80.219907807168255, 13.142514603022063 ], [ 80.219907798533214, 13.142517336482387 ], [ 80.219006908015999, 13.142514601503148 ] ], [ [ 80.219025735409431, 13.124496641759045 ], [ 80.219028571772625, 13.123598482503304 ], [ 80.219025725198691, 13.123598473868292 ], [ 80.219028569990954, 13.122697581476535 ], [ 80.219025723619552, 13.122697572842686 ], [ 80.21902856820941, 13.121796680449766 ], [ 80.219025722040556, 13.12179667181708 ], [ 80.219028566427994, 13.120895779422996 ], [ 80.218106046778303, 13.120892979868941 ], [ 80.218106038131339, 13.12089571545946 ], [ 80.217223923857418, 13.120893035431418 ], [ 80.217226765938335, 13.119994881818684 ], [ 80.216323019662156, 13.119992133119471 ], [ 80.216325864802471, 13.119093982502987 ], [ 80.21632300939838, 13.119093973813976 ], [ 80.21632586129536, 13.118193626311447 ], [ 80.217223900058627, 13.118196357303963 ], [ 80.217223908721266, 13.118193619259607 ], [ 80.218124802705233, 13.118196355788319 ], [ 80.218127659949118, 13.117292177026787 ], [ 80.218124811512467, 13.117292168380011 ], [ 80.218127656424187, 13.116391827962373 ], [ 80.219025702196177, 13.116394552345284 ], [ 80.219028555742142, 13.115490373262425 ], [ 80.219025710991048, 13.115490364637891 ], [ 80.219028553961621, 13.114589472235664 ], [ 80.219025709413046, 13.114589463612294 ], [ 80.219028552181214, 13.113688571208915 ], [ 80.218106059400455, 13.113685773164118 ], [ 80.218103204636392, 13.114589399738506 ], [ 80.217205158667454, 13.114586672486896 ], [ 80.217205150008738, 13.114589410007667 ], [ 80.216304259511901, 13.114586670971685 ], [ 80.216301397944349, 13.115490303981483 ], [ 80.215422109151064, 13.115487627403663 ], [ 80.215424956541625, 13.114589479078411 ], [ 80.214521204957265, 13.11458672509268 ], [ 80.214524053693623, 13.113689119128237 ], [ 80.215422086879528, 13.113691855514526 ], [ 80.215424951259081, 13.112788219953753 ], [ 80.216322987948899, 13.112790953035679 ], [ 80.216325850554909, 13.111886774286321 ], [ 80.216322996776668, 13.111886765606686 ], [ 80.216325847043791, 13.110986419988645 ], [ 80.217205145928716, 13.110989092659979 ], [ 80.217202305785392, 13.111887248138464 ], [ 80.217205153004841, 13.111887256788432 ], [ 80.217202304005113, 13.112788148913344 ], [ 80.218124793240804, 13.112790950005804 ], [ 80.218124801876513, 13.112788216159309 ], [ 80.219025695886586, 13.112790948490696 ], [ 80.219028546865147, 13.111887325624954 ], [ 80.219907841912487, 13.111889989230873 ], [ 80.219905011345361, 13.112788154043928 ], [ 80.219907848929623, 13.112788162635404 ], [ 80.219905009565309, 13.113689054819133 ], [ 80.219907847351649, 13.113689063411773 ], [ 80.21990500778513, 13.11458995559434 ], [ 80.220808736362343, 13.11459269062158 ], [ 80.220805908452164, 13.115490858079838 ], [ 80.22080874336261, 13.115490866654946 ], [ 80.220805906671856, 13.116391758855146 ], [ 80.220808741784126, 13.116391767431413 ], [ 80.220805904891421, 13.117292659630454 ], [ 80.220808740205527, 13.117292668207879 ], [ 80.220805903110858, 13.118193560405762 ], [ 80.22170962923046, 13.118196292961736 ], [ 80.22170680555412, 13.119093898331444 ], [ 80.22080874740054, 13.119091182740977 ], [ 80.220805899549362, 13.11999536195637 ], [ 80.220808735468964, 13.11999537053727 ], [ 80.220805899534824, 13.120895701969321 ], [ 80.219907845088358, 13.120892982901434 ], [ 80.219904993539217, 13.121797161795916 ], [ 80.219907833144148, 13.121797170398995 ], [ 80.2199049917579, 13.122698062571107 ], [ 80.21990783156491, 13.12269807117535 ], [ 80.219904989976456, 13.1235989633463 ], [ 80.220827520115392, 13.123601757021186 ], [ 80.220827528705399, 13.123599030540305 ], [ 80.221709619747841, 13.123601698662544 ], [ 80.22170679486436, 13.124499304397204 ], [ 80.220808737928067, 13.124496587771629 ], [ 80.220808729336142, 13.124499314600202 ], [ 80.219907838773338, 13.124496586254779 ], [ 80.219907830161532, 13.12449931623649 ], [ 80.219025735409431, 13.124496641759045 ] ], [ [ 80.21092046343459, 13.117292715823496 ], [ 80.211799739758234, 13.11729540807503 ], [ 80.211796880321998, 13.118193015098065 ], [ 80.210917600809324, 13.118190322655952 ], [ 80.21092046343459, 13.117292715823496 ] ], [ [ 80.210920459869769, 13.115490914243869 ], [ 80.211799742915332, 13.115493606172627 ], [ 80.211796883886606, 13.11639121307417 ], [ 80.210917597652426, 13.116388520954834 ], [ 80.210920459869769, 13.115490914243869 ] ], [ [ 80.209995066496745, 13.122697523392153 ], [ 80.209115803470524, 13.122694823988178 ], [ 80.209118673656377, 13.12179721653842 ], [ 80.209997933492474, 13.121799915751387 ], [ 80.209995066496745, 13.122697523392153 ] ], [ [ 80.212719376656466, 13.10738280161277 ], [ 80.213601555490968, 13.107385494693865 ], [ 80.213598704829153, 13.108283100735498 ], [ 80.212700673924601, 13.108280359049949 ], [ 80.212700665174211, 13.108283111096144 ], [ 80.211818486067216, 13.108280414758939 ], [ 80.211821343182351, 13.107382808751066 ], [ 80.212719367908022, 13.107385553307545 ], [ 80.212719376656466, 13.10738280161277 ] ], [ [ 80.217226744610031, 13.110085520813531 ], [ 80.218106046694729, 13.11008819024968 ], [ 80.21810321175974, 13.110985795693216 ], [ 80.217223906487732, 13.110983126068005 ], [ 80.217226744610031, 13.110085520813531 ] ], [ [ 80.219926701348982, 13.160532677285715 ], [ 80.219929542491982, 13.159634521859662 ], [ 80.219926691106522, 13.159634513198013 ], [ 80.219929538973574, 13.158734168357439 ], [ 80.220827581786779, 13.158736894592192 ], [ 80.22083043652691, 13.15783326918632 ], [ 80.221728482854388, 13.157835992107996 ], [ 80.221728491468525, 13.157833262186468 ], [ 80.222629385505584, 13.157835990587001 ], [ 80.222629394099783, 13.157833263825834 ], [ 80.223511357950827, 13.157835931833777 ], [ 80.223508530214232, 13.158734100438741 ], [ 80.224412255547037, 13.158736831318169 ], [ 80.224409430881707, 13.159635002929468 ], [ 80.224412262517845, 13.159635011481688 ], [ 80.224409430868732, 13.160535339976086 ], [ 80.223511372113961, 13.160532625875778 ], [ 80.223508526619767, 13.161436242606467 ], [ 80.22261047137917, 13.161433525192995 ], [ 80.222610462779599, 13.161436252820598 ], [ 80.221709572229031, 13.161433523671464 ], [ 80.221709563609522, 13.161436254460426 ], [ 80.220827605555087, 13.161433579602848 ], [ 80.220830443627364, 13.160535421170554 ], [ 80.219926701348982, 13.160532677285715 ] ], [ [ 80.226232942314098, 13.127205351769987 ], [ 80.226232950789878, 13.12720264351527 ], [ 80.227115008540224, 13.12720529369037 ], [ 80.227112200662248, 13.128103480913623 ], [ 80.227115015415563, 13.128103489366381 ], [ 80.227112200700418, 13.129003799753326 ], [ 80.226214124958091, 13.129001101070646 ], [ 80.226214116479284, 13.129003809843169 ], [ 80.225332061626503, 13.129001156251608 ], [ 80.225334876151166, 13.128102975655285 ], [ 80.22533205154744, 13.128102967153405 ], [ 80.225334872565725, 13.127202650380223 ], [ 80.226232942314098, 13.127205351769987 ] ], [ [ 80.223511441081072, 13.11639120058466 ], [ 80.222629331649003, 13.116388539939051 ], [ 80.222632153159836, 13.115490366421037 ], [ 80.222629321528771, 13.115490357875894 ], [ 80.22263215137977, 13.114589465394715 ], [ 80.222629319950315, 13.114589456850727 ], [ 80.22263214781178, 13.113689133666913 ], [ 80.223530210691578, 13.11369184187658 ], [ 80.223530219209437, 13.113689126758814 ], [ 80.224412334692232, 13.113691783829292 ], [ 80.224409520022306, 13.114589964144157 ], [ 80.225313232300138, 13.114592683318357 ], [ 80.225310422502403, 13.115490287826825 ], [ 80.224412350337758, 13.115487585451444 ], [ 80.224409518265745, 13.116391190452571 ], [ 80.223511449603109, 13.116388484773978 ], [ 80.223511441081072, 13.11639120058466 ] ], [ [ 80.225332122802328, 13.168643513274283 ], [ 80.225334954661705, 13.167742620801725 ], [ 80.225332121216141, 13.167742612249334 ], [ 80.225334952874647, 13.166841719775638 ], [ 80.225332119630082, 13.166841711224397 ], [ 80.225334949309968, 13.165941384404404 ], [ 80.226233010373306, 13.165944093165765 ], [ 80.226235846861513, 13.165040485232916 ], [ 80.227114941986116, 13.165043133567099 ], [ 80.227112125740433, 13.165941313506218 ], [ 80.228015839580323, 13.165944033049962 ], [ 80.22801302640876, 13.1668422159978 ], [ 80.228015846479465, 13.16684222447982 ], [ 80.228013024622172, 13.167743116773888 ], [ 80.228015844892923, 13.167743125257049 ], [ 80.228013024636596, 13.16864344259135 ], [ 80.227114954447018, 13.16864073951691 ], [ 80.227112120385556, 13.169544345221812 ], [ 80.226214053711232, 13.169541638833159 ], [ 80.226214045180896, 13.169544355367165 ], [ 80.225332132938661, 13.169541694602042 ], [ 80.225334956448862, 13.168643521827819 ], [ 80.225332122802328, 13.168643513274283 ] ], [ [ 80.239746512972502, 13.134406584784676 ], [ 80.239749276452187, 13.133508354434415 ], [ 80.239746503197551, 13.133508346239303 ], [ 80.239749274671809, 13.132607453410126 ], [ 80.239746501614377, 13.132607445216117 ], [ 80.239749272891558, 13.131706552385838 ], [ 80.238845605604894, 13.131703880759524 ], [ 80.238848369837598, 13.130806277781396 ], [ 80.239746488329942, 13.130808932834659 ], [ 80.239746496516645, 13.130806271204614 ], [ 80.240647390975326, 13.130808931314672 ], [ 80.240647399142645, 13.130806272838941 ], [ 80.241529389198021, 13.130808874073253 ], [ 80.241526632755779, 13.131707111386053 ], [ 80.242430286800996, 13.13170977355696 ], [ 80.242427533428184, 13.132608013873506 ], [ 80.242430293347354, 13.13260802199993 ], [ 80.242427531648261, 13.133508914651392 ], [ 80.242430291763711, 13.13350892277891 ], [ 80.242427531821434, 13.13440917834493 ], [ 80.24152940111064, 13.134406531940941 ], [ 80.241529392957574, 13.134409188108108 ], [ 80.240628501954575, 13.134406530420302 ], [ 80.24062849378214, 13.134409189742781 ], [ 80.239746512972502, 13.134406584784676 ] ], [ [ 80.241529411366301, 13.118196260800815 ], [ 80.241526659616099, 13.119093862807338 ], [ 80.240647388667469, 13.119091271735664 ], [ 80.240650143606928, 13.118193669912532 ], [ 80.241529411366301, 13.118196260800815 ] ], [ [ 80.232542078088656, 13.131706566069019 ], [ 80.23253927895486, 13.131706557720067 ], [ 80.232542074440175, 13.130806266473734 ], [ 80.233440169809043, 13.130808943471417 ], [ 80.233442972001541, 13.129905367297328 ], [ 80.234322197284996, 13.129907984834922 ], [ 80.234319414923135, 13.130806196928601 ], [ 80.235241975101303, 13.130808940432907 ], [ 80.235241983385322, 13.130806263031278 ], [ 80.236123994075172, 13.130808882856607 ], [ 80.236121218045071, 13.131707101126324 ], [ 80.2361240007573, 13.13170710938755 ], [ 80.236121216264479, 13.132608001903453 ], [ 80.236123999174595, 13.132608010165791 ], [ 80.236121216381832, 13.133508288643776 ], [ 80.235223108602909, 13.133505620458605 ], [ 80.235223100314826, 13.133508298542495 ], [ 80.234322209447541, 13.133505618938859 ], [ 80.234322201139904, 13.133508300177873 ], [ 80.233440193081435, 13.133505673682567 ], [ 80.233442979220499, 13.132607465383273 ], [ 80.232539288882435, 13.132604771365944 ], [ 80.232542078088656, 13.131706566069019 ] ], [ [ 80.23253928096743, 13.128100267101438 ], [ 80.232542069184646, 13.12720206094326 ], [ 80.232539271046093, 13.127202052599936 ], [ 80.232542067404211, 13.126301159918112 ], [ 80.232539269464723, 13.126301151575912 ], [ 80.232542063752945, 13.125400861721927 ], [ 80.233440160322161, 13.125403537700189 ], [ 80.233442961315774, 13.124499962544986 ], [ 80.234322206782451, 13.124502579142257 ], [ 80.23431942560471, 13.12540079226709 ], [ 80.235241965613, 13.125403534662986 ], [ 80.235241973890311, 13.125400858284562 ], [ 80.236142868258256, 13.125403533144214 ], [ 80.23614287651607, 13.125400859918907 ], [ 80.237024902762357, 13.125403475702001 ], [ 80.237022131176815, 13.126301698173098 ], [ 80.237925800366853, 13.126304375187216 ], [ 80.237923031848098, 13.127202600659926 ], [ 80.237925807004885, 13.127202608876667 ], [ 80.237923030068387, 13.128103501437279 ], [ 80.237925805422563, 13.128103509655126 ], [ 80.23792302828852, 13.129004402214631 ], [ 80.237925803840113, 13.129004410433588 ], [ 80.237923026508525, 13.129905302991983 ], [ 80.237925802257536, 13.129905311212049 ], [ 80.237923026644268, 13.130805582384506 ], [ 80.23702491166091, 13.130802920977152 ], [ 80.237024903415161, 13.130805592240444 ], [ 80.236142896176574, 13.130802975514362 ], [ 80.236145671929975, 13.129904757177092 ], [ 80.235223114930918, 13.129902017097773 ], [ 80.235223106647297, 13.129904694499579 ], [ 80.234341089363269, 13.129902071733982 ], [ 80.234343871447976, 13.129003859572746 ], [ 80.233440185165222, 13.129001169417569 ], [ 80.233442970316418, 13.128102960258049 ], [ 80.23253928096743, 13.128100267101438 ] ], [ [ 80.231641148386004, 13.117292752979841 ], [ 80.232520421062148, 13.117295374475685 ], [ 80.232517636816823, 13.118192977939312 ], [ 80.231638360951649, 13.118190356257903 ], [ 80.231641148386004, 13.117292752979841 ] ], [ [ 80.238845585023597, 13.119992169663471 ], [ 80.238848346698489, 13.119094567477683 ], [ 80.239727611406039, 13.119097164674539 ], [ 80.239724852920631, 13.119994767044149 ], [ 80.238845585023597, 13.119992169663471 ] ], [ [ 80.257764543051948, 13.121794002113958 ], [ 80.257767236450121, 13.120896402938447 ], [ 80.258646491219693, 13.120898935829953 ], [ 80.258643801011431, 13.121796535184716 ], [ 80.257764543051948, 13.121794002113958 ] ], [ [ 80.228916889792615, 13.0857605563893 ], [ 80.228015998997094, 13.085757863821978 ], [ 80.228015990612249, 13.085760558020588 ], [ 80.2271337910597, 13.085757918270092 ], [ 80.22713658949786, 13.084859722996313 ], [ 80.227133781080553, 13.084859714588614 ], [ 80.227136587722654, 13.083958821970587 ], [ 80.227133779505749, 13.083958813564028 ], [ 80.227136585947605, 13.083057920944864 ], [ 80.226232883722005, 13.083055214255969 ], [ 80.226235684814682, 13.082157021624743 ], [ 80.226232873727142, 13.082157013200856 ], [ 80.226235683039761, 13.081256120598916 ], [ 80.226232872152821, 13.081256112176172 ], [ 80.226235679421364, 13.080355810847063 ], [ 80.227133762959085, 13.080358500191908 ], [ 80.227133771355952, 13.080355804056326 ], [ 80.228015989827455, 13.080358442851249 ], [ 80.22801319555748, 13.081256642262105 ], [ 80.228015996630418, 13.081256650636133 ], [ 80.2280131937829, 13.082157543038345 ], [ 80.228935571387936, 13.082160299092235 ], [ 80.228935579747954, 13.08215760889864 ], [ 80.229817785060547, 13.082160241834968 ], [ 80.22981499689665, 13.083058447225223 ], [ 80.230718682676695, 13.083061141326407 ], [ 80.230715897566554, 13.083959349706937 ], [ 80.231619580292588, 13.083962040817559 ], [ 80.231616800126133, 13.084859642184508 ], [ 80.230718698054829, 13.084856967522343 ], [ 80.230715895898015, 13.085760544805957 ], [ 80.22981779731883, 13.085757866848468 ], [ 80.229817788973094, 13.085760554758119 ], [ 80.228916898157891, 13.085757865335163 ], [ 80.228916889792615, 13.0857605563893 ] ], [ [ 80.23252053459241, 13.052430506135657 ], [ 80.232517764627246, 13.05332810522645 ], [ 80.23163824742899, 13.053325494871096 ], [ 80.231641020567707, 13.052427895965923 ], [ 80.23252053459241, 13.052430506135657 ] ], [ [ 80.230718755813427, 13.047021809644919 ], [ 80.229836431216796, 13.04701918599536 ], [ 80.229839211366155, 13.04612097378871 ], [ 80.229836421349816, 13.046120965488207 ], [ 80.229839207697566, 13.045220686416432 ], [ 80.23071874877246, 13.045223301449296 ], [ 80.23071597198583, 13.046121517089746 ], [ 80.23163821642693, 13.046124256063328 ], [ 80.231638224683564, 13.046121582161286 ], [ 80.232520545595548, 13.046124199490311 ], [ 80.23251777701833, 13.047021798157044 ], [ 80.231619663257462, 13.047019133772567 ], [ 80.231619654998994, 13.047021808017943 ], [ 80.230718764091279, 13.047019132263715 ], [ 80.230718755813427, 13.047021809644919 ] ], [ [ 80.231638218749268, 13.041616457005606 ], [ 80.231640997559211, 13.040716185671954 ], [ 80.232539109646552, 13.040718848781367 ], [ 80.232541895145047, 13.0398152864868 ], [ 80.23344001071213, 13.039817946311057 ], [ 80.233440018922281, 13.039815279878184 ], [ 80.234322354988805, 13.039817889937208 ], [ 80.234319592355746, 13.040716119228938 ], [ 80.23522325261608, 13.040718789432393 ], [ 80.23522049497646, 13.041616387277156 ], [ 80.234322370175349, 13.041613733260579 ], [ 80.234319590760208, 13.042517289893597 ], [ 80.233421469438767, 13.042514632591793 ], [ 80.233421461224566, 13.042517299709614 ], [ 80.23252057027176, 13.042514631083263 ], [ 80.232520562038232, 13.042517301335902 ], [ 80.23163822857147, 13.042514684642109 ], [ 80.231641001245833, 13.041616465261718 ], [ 80.231638218749268, 13.041616457005606 ] ], [ [ 80.219907904291304, 13.082156968658079 ], [ 80.219025661264979, 13.082154301745648 ], [ 80.21902848817075, 13.081256134246839 ], [ 80.218106116101282, 13.081253342994259 ], [ 80.218106107505577, 13.081256070909811 ], [ 80.217205216941267, 13.081253341482963 ], [ 80.217205208325751, 13.081256072542011 ], [ 80.2163229518587, 13.081253396524273 ], [ 80.216325788316908, 13.08035523833964 ], [ 80.215422047673982, 13.080352494216884 ], [ 80.215424887181229, 13.079454339019236 ], [ 80.21452114348952, 13.079451591909766 ], [ 80.214523984309096, 13.078553988311898 ], [ 80.215422025479214, 13.078556717913434 ], [ 80.215422034130171, 13.078553981267985 ], [ 80.216322928120874, 13.078556716402799 ], [ 80.216325782989415, 13.077652535258588 ], [ 80.21632293693267, 13.077652526623428 ], [ 80.21632578121384, 13.076751634231577 ], [ 80.216322935360253, 13.076751625597584 ], [ 80.216325777683323, 13.075851289165366 ], [ 80.217205207394883, 13.075853955581092 ], [ 80.217202375117324, 13.076752117916785 ], [ 80.218106105012993, 13.076754855075789 ], [ 80.218103275784074, 13.077653020397793 ], [ 80.219025634472828, 13.077655810906474 ], [ 80.219028477513646, 13.07675219479118 ], [ 80.219926535541603, 13.076754908431862 ], [ 80.219929375089293, 13.075851295612136 ], [ 80.220827436610136, 13.075854005957352 ], [ 80.22083027446287, 13.074949823648888 ], [ 80.219926551281731, 13.074947096392025 ], [ 80.219929373328412, 13.074048924327821 ], [ 80.219926541161414, 13.074048915776514 ], [ 80.219929369763264, 13.073148593240065 ], [ 80.220827431893923, 13.073151303066746 ], [ 80.220830269139412, 13.072247120569497 ], [ 80.220827440645678, 13.072247112040234 ], [ 80.22083026556507, 13.071346793269703 ], [ 80.221728331390423, 13.071349499629225 ], [ 80.221731163142238, 13.070445894089756 ], [ 80.22262923245853, 13.070448597155339 ], [ 80.222629240940933, 13.070445887212935 ], [ 80.22353013509823, 13.070448595644782 ], [ 80.223530143560978, 13.070445888843242 ], [ 80.224431037737816, 13.070448594134113 ], [ 80.224431046180925, 13.070445890473442 ], [ 80.225331940377274, 13.070448592623331 ], [ 80.225331948800772, 13.070445892103521 ], [ 80.226214208764517, 13.070448535317471 ], [ 80.226211410184504, 13.071346730315071 ], [ 80.226214215595704, 13.071346738715729 ], [ 80.226211408411103, 13.072247631091113 ], [ 80.226214214022647, 13.072247639492906 ], [ 80.226211408486023, 13.073147938717209 ], [ 80.225313323543887, 13.073145247538852 ], [ 80.22531331511621, 13.07314794875048 ], [ 80.22441242438191, 13.073145246027634 ], [ 80.224409601810152, 13.074048842949516 ], [ 80.223511523647616, 13.074046145355169 ], [ 80.223508697584748, 13.074949745571345 ], [ 80.22261062291355, 13.074947044682604 ], [ 80.222607791545343, 13.075851227375244 ], [ 80.222610611037254, 13.075851235860105 ], [ 80.222607789770819, 13.076752128150844 ], [ 80.222610609464027, 13.076752136636852 ], [ 80.222607787996182, 13.077653028926441 ], [ 80.223530147677153, 13.077655803350467 ], [ 80.223532974268934, 13.076752202848494 ], [ 80.224412399358187, 13.076754844880424 ], [ 80.224409592881827, 13.077653032337118 ], [ 80.224412406235942, 13.077653040784963 ], [ 80.224409591107303, 13.078553933112932 ], [ 80.224412404662246, 13.078553941561916 ], [ 80.224409591160466, 13.079454249013786 ], [ 80.223511514210486, 13.079451550387061 ], [ 80.223508686933584, 13.080355151636152 ], [ 80.222610613476377, 13.080352449713862 ], [ 80.222610604980602, 13.080355161738503 ], [ 80.221709714315679, 13.080352448202113 ], [ 80.221706878453233, 13.08125663032288 ], [ 80.221709702424093, 13.081256638834336 ], [ 80.221706876677843, 13.08215753109836 ], [ 80.221709700850241, 13.082157539610968 ], [ 80.221706876702882, 13.083057857892666 ], [ 80.220827468060804, 13.083055205511139 ], [ 80.220830288664331, 13.082157031860664 ], [ 80.219907912848598, 13.082154246855412 ], [ 80.219907904291304, 13.082156968658079 ] ], [ [ 80.220827395773497, 13.052430580904725 ], [ 80.2208274042722, 13.05242786815958 ], [ 80.221709744242133, 13.052430523589512 ], [ 80.221706935248321, 13.053328124530186 ], [ 80.22080886228899, 13.053325421541572 ], [ 80.220808853788398, 13.053328134634844 ], [ 80.219926513548387, 13.053325475961854 ], [ 80.219929328968149, 13.052427875054315 ], [ 80.220827395773497, 13.052430580904725 ] ], [ [ 80.214502499769381, 13.08756238452936 ], [ 80.213601609293974, 13.087559641301235 ], [ 80.213601600590707, 13.087562386162656 ], [ 80.212719352433936, 13.087559696652827 ], [ 80.212722203316289, 13.08666155235942 ], [ 80.212719342137589, 13.086661543632875 ], [ 80.21272220153898, 13.085760651331954 ], [ 80.212719340564391, 13.085760642606592 ], [ 80.212722198047061, 13.0848602906169 ], [ 80.21362023120048, 13.084863027685065 ], [ 80.21362023989947, 13.084860283525757 ], [ 80.214521133843192, 13.084863026173895 ], [ 80.214521142522258, 13.084860285158685 ], [ 80.215403393271188, 13.084862968002827 ], [ 80.215400552472317, 13.085761122251748 ], [ 80.216304290886953, 13.085763867496894 ], [ 80.216301453138499, 13.086662024733833 ], [ 80.21630429795384, 13.086662033370988 ], [ 80.216301453108699, 13.087562372624786 ], [ 80.215403407611575, 13.087559644324557 ], [ 80.215403398948126, 13.087562382896175 ], [ 80.214502508452725, 13.087559642812844 ], [ 80.214502499769381, 13.08756238452936 ] ], [ [ 80.212719247967044, 13.032607482058594 ], [ 80.212722093379938, 13.031707144008946 ], [ 80.213620138635974, 13.031709870782624 ], [ 80.213622992728503, 13.03080568695864 ], [ 80.213620147460205, 13.03080567832493 ], [ 80.213622989197646, 13.029905344036662 ], [ 80.214502589894565, 13.029908011436472 ], [ 80.214499758185013, 13.030806173290435 ], [ 80.215403487524924, 13.030808910936784 ], [ 80.215400660628646, 13.031706511517788 ], [ 80.214502605749985, 13.031703790886825 ], [ 80.214499754646383, 13.032607974839838 ], [ 80.214502593804553, 13.032607983446479 ], [ 80.214499754644365, 13.033508315148948 ], [ 80.213601703453079, 13.033505591056638 ], [ 80.213601694820284, 13.03350832538451 ], [ 80.212719258185246, 13.033505645624068 ], [ 80.212722096901459, 13.032607490714446 ], [ 80.212719247967044, 13.032607482058594 ] ], [ [ 80.215400570203599, 13.077652463110315 ], [ 80.214521140342441, 13.077649790208259 ], [ 80.214523980756098, 13.076752186731587 ], [ 80.215403407437904, 13.076754859443907 ], [ 80.215400570203599, 13.077652463110315 ] ], [ [ 80.21722669657737, 13.085761199471863 ], [ 80.218124745986117, 13.085763921091921 ], [ 80.218127594150516, 13.08486030029407 ], [ 80.219025647055048, 13.084863018616355 ], [ 80.219025655634852, 13.084860293321608 ], [ 80.219907889225041, 13.084862960717908 ], [ 80.219905064687964, 13.085761130786967 ], [ 80.21990789621114, 13.085761139343681 ], [ 80.219905062911707, 13.086662031562222 ], [ 80.21990789463689, 13.086662040120093 ], [ 80.219905062916112, 13.087562366172929 ], [ 80.219025670714856, 13.087559706853213 ], [ 80.219028498827797, 13.086661540407038 ], [ 80.21810610666239, 13.086658748022357 ], [ 80.218106098059692, 13.086661476984807 ], [ 80.217223863917141, 13.086658803087298 ], [ 80.21722669657737, 13.085761199471863 ] ], [ [ 80.225334732260293, 13.055129992553145 ], [ 80.224431029724087, 13.055127284936248 ], [ 80.224433829282574, 13.054229684681323 ], [ 80.225331912099691, 13.054232375288906 ], [ 80.225331920502683, 13.054229677882057 ], [ 80.226232814736932, 13.054232373779975 ], [ 80.226232823120384, 13.05422967951036 ], [ 80.227133717374059, 13.054232372270922 ], [ 80.227133725737986, 13.054229681138555 ], [ 80.228016035467761, 13.054232315309227 ], [ 80.228013246965176, 13.055130519750342 ], [ 80.228916933091341, 13.055133214804103 ], [ 80.228914147634924, 13.056031422228747 ], [ 80.228916939846499, 13.056031430551597 ], [ 80.22891414586401, 13.056932323005139 ], [ 80.228916938275205, 13.05693233132912 ], [ 80.228914145975892, 13.057832616710931 ], [ 80.22803464486617, 13.057829993311639 ], [ 80.228037433886939, 13.05693178949727 ], [ 80.227115150158838, 13.056929035458651 ], [ 80.22711234107804, 13.057832619928934 ], [ 80.226232839652923, 13.057829990401309 ], [ 80.226235635164556, 13.056931792902255 ], [ 80.225313351830295, 13.056929032439795 ], [ 80.225313343423167, 13.056931730538672 ], [ 80.224431032867429, 13.056929086639634 ], [ 80.224433832826634, 13.056031486263585 ], [ 80.22533191523965, 13.056034177214997 ], [ 80.225334732260293, 13.055129992553145 ] ], [ [ 80.224433905633418, 13.092066936322846 ], [ 80.224431085791252, 13.092066927847089 ], [ 80.224433902036964, 13.091166617117967 ], [ 80.225331976568583, 13.091169314771751 ], [ 80.225331985018371, 13.091166610275554 ], [ 80.226232879210642, 13.09116931325835 ], [ 80.226232887640776, 13.091166611907649 ], [ 80.227115071720107, 13.091169255705518 ], [ 80.227112271809048, 13.092067449870337 ], [ 80.227115078554888, 13.092067458277564 ], [ 80.227112271876308, 13.092967759336219 ], [ 80.226214188076199, 13.092965067508008 ], [ 80.226211367645845, 13.093868661959378 ], [ 80.22531328734128, 13.093865966833198 ], [ 80.225313278887342, 13.093868672020969 ], [ 80.224431097415945, 13.09386602156285 ], [ 80.224433907410088, 13.092967837348912 ], [ 80.224431087366824, 13.092967828872005 ], [ 80.224433905633418, 13.092066936322846 ] ], [ [ 80.22443387894549, 13.079454906833103 ], [ 80.225313293825849, 13.079457546273469 ], [ 80.225310490001192, 13.080355736370047 ], [ 80.225313300686906, 13.080355744801693 ], [ 80.225310490061247, 13.081256049423553 ], [ 80.22443107535139, 13.081253409637039 ], [ 80.224433882548169, 13.080355222984185 ], [ 80.224431065320047, 13.080355214523317 ], [ 80.22443387894549, 13.079454906833103 ] ], [ [ 80.243331341426057, 13.053325459284695 ], [ 80.243331333409827, 13.053328093947055 ], [ 80.242430442259192, 13.053325457773616 ], [ 80.242427687796564, 13.054229646190878 ], [ 80.243331321808554, 13.05423229056545 ], [ 80.243328588470035, 13.055130548669114 ], [ 80.243331328252438, 13.055130556682498 ], [ 80.243328586701097, 13.056031449447257 ], [ 80.243331326679396, 13.056031457461728 ], [ 80.243328586941516, 13.056931689971194 ], [ 80.242430435969908, 13.056929061137124 ], [ 80.242427682721356, 13.057832592587525 ], [ 80.241529535231109, 13.057829960466497 ], [ 80.241526776507968, 13.058734148380271 ], [ 80.241529523604527, 13.058734156436245 ], [ 80.241526776730694, 13.059634396213141 ], [ 80.240647284496717, 13.059631815400655 ], [ 80.240650028470256, 13.058733567723003 ], [ 80.239727735326724, 13.058730858284376 ], [ 80.239727727227375, 13.05873350651407 ], [ 80.238845477711692, 13.058730911634246 ], [ 80.238848227981549, 13.057832670101023 ], [ 80.238845468020614, 13.05783266197923 ], [ 80.238848226211672, 13.056931769076765 ], [ 80.237944571958849, 13.056929108471627 ], [ 80.237947325082033, 13.056030869753492 ], [ 80.23794456225113, 13.056030861614673 ], [ 80.23794732134823, 13.055130609597065 ], [ 80.238845453217934, 13.055133253604412 ], [ 80.23884546133138, 13.055130603086154 ], [ 80.239727723446507, 13.055133197338359 ], [ 80.239724976931782, 13.056031442645319 ], [ 80.240647260061124, 13.056034151544015 ], [ 80.240650021391929, 13.055129963626843 ], [ 80.240647268551569, 13.055129955546738 ], [ 80.240650019622663, 13.054229062602806 ], [ 80.23974637244882, 13.054226408824142 ], [ 80.239749118493521, 13.053328163279204 ], [ 80.239746362782938, 13.053328155182117 ], [ 80.239749116724383, 13.052427262255064 ], [ 80.239746361210877, 13.05242725415907 ], [ 80.23974911297347, 13.051527009641511 ], [ 80.240647252202194, 13.051529646738032 ], [ 80.240650012546837, 13.050625458506678 ], [ 80.240647260690608, 13.050625450432049 ], [ 80.240650008787412, 13.049725209663061 ], [ 80.241548151694218, 13.049727843305313 ], [ 80.241548159743587, 13.049725203215436 ], [ 80.242430430478819, 13.049727787280286 ], [ 80.242427694870983, 13.050626043078731 ], [ 80.243349958534935, 13.050628741245232 ], [ 80.243349966547171, 13.050626107258832 ], [ 80.244232227301097, 13.050628685316797 ], [ 80.24422949798651, 13.0515269472562 ], [ 80.245133124925275, 13.051529584808771 ], [ 80.24513039866045, 13.052427849734114 ], [ 80.245133131327933, 13.052427857706116 ], [ 80.245130398919144, 13.053328082722023 ], [ 80.244232240593021, 13.053325460795884 ], [ 80.244232232595877, 13.053328092321024 ], [ 80.243331341426057, 13.053325459284695 ] ], [ [ 80.244250853895281, 13.040715532461697 ], [ 80.244253588777354, 13.039814639424382 ], [ 80.24425085232437, 13.03981463143921 ], [ 80.244253584982516, 13.038914406572376 ], [ 80.24513314694606, 13.038916971536445 ], [ 80.245130423403651, 13.039815238836869 ], [ 80.245133153335317, 13.039815246793738 ], [ 80.2451304216371, 13.040716139615256 ], [ 80.245133151764179, 13.040716147573209 ], [ 80.245130421904605, 13.041616369609452 ], [ 80.244250863449167, 13.041613804152899 ], [ 80.244253590544147, 13.040715540447952 ], [ 80.244250853895281, 13.040715532461697 ] ], [ [ 80.236145501593725, 13.043418258811812 ], [ 80.236142735005458, 13.043418250649985 ], [ 80.236145497869103, 13.04251799528952 ], [ 80.237043625957483, 13.042520643162526 ], [ 80.237046395454598, 13.041617096103646 ], [ 80.237944527021895, 13.041619740691985 ], [ 80.237944535138027, 13.041617089588796 ], [ 80.238845429655882, 13.041619739182989 ], [ 80.238845437752829, 13.041617091214214 ], [ 80.239746332289769, 13.041619737673882 ], [ 80.239749091748436, 13.04071620012969 ], [ 80.240647233353485, 13.040718835203434 ], [ 80.240649989334528, 13.039815300942907 ], [ 80.241548134417002, 13.039817932733088 ], [ 80.241548142454377, 13.03981529450631 ], [ 80.242430447776414, 13.039817876848865 ], [ 80.242427716327072, 13.040715473417887 ], [ 80.241529565087632, 13.040712844492194 ], [ 80.241526810107672, 13.041617033599559 ], [ 80.241529553473498, 13.041617041634792 ], [ 80.241526810343458, 13.042517277041815 ], [ 80.240628662778931, 13.042514644664113 ], [ 80.240625904132372, 13.04341883345643 ], [ 80.240628651152178, 13.04341884151296 ], [ 80.24062590435895, 13.044319080666185 ], [ 80.239727760470288, 13.044316444835715 ], [ 80.239727752388504, 13.044319090349367 ], [ 80.238826861302726, 13.044316443326176 ], [ 80.238826853201772, 13.044319091975046 ], [ 80.237925962135265, 13.044316441816749 ], [ 80.237925954015125, 13.044319093600837 ], [ 80.23702506296793, 13.044316440307439 ], [ 80.237025054828564, 13.044319095226738 ], [ 80.236142744734209, 13.044316493618897 ], [ 80.236145501593725, 13.043418258811812 ] ], [ [ 80.234340922762897, 13.045223350574769 ], [ 80.234340930960428, 13.045220686249978 ], [ 80.235223244759339, 13.04522329417779 ], [ 80.235220484185575, 13.046121525591515 ], [ 80.235223251367174, 13.046121533766524 ], [ 80.2352204843626, 13.047021793335047 ], [ 80.234322360756721, 13.047019138299794 ], [ 80.234322352556248, 13.047021803137683 ], [ 80.233440041635973, 13.047019191813217 ], [ 80.233442808814246, 13.0461209669862 ], [ 80.233440031846001, 13.046120958763177 ], [ 80.233442805114265, 13.045220692845533 ], [ 80.234340922762897, 13.045223350574769 ] ], [ [ 80.237025063856962, 13.038013430121387 ], [ 80.237022305176183, 13.038913681035611 ], [ 80.236124173218485, 13.03891103375776 ], [ 80.236124165066542, 13.038913690788764 ], [ 80.235241832703935, 13.038911087047726 ], [ 80.235244591623783, 13.038012854363631 ], [ 80.235241822963445, 13.038012846189204 ], [ 80.235244589856208, 13.037111953338975 ], [ 80.235241821394069, 13.037111945165659 ], [ 80.23524458613619, 13.036211688137522 ], [ 80.236142712338733, 13.036214337938951 ], [ 80.236142720486626, 13.036211681590521 ], [ 80.237025058867374, 13.03621428177957 ], [ 80.237022306744166, 13.03711252121739 ], [ 80.237025065426678, 13.03711252934287 ], [ 80.237022304976946, 13.038013421994799 ], [ 80.237025063856962, 13.038013430121387 ] ], [ [ 80.256866183353736, 13.041616417703317 ], [ 80.256863492160605, 13.0416164099803 ], [ 80.256866179457191, 13.040716230627307 ], [ 80.257764383371082, 13.040718806508906 ], [ 80.257764391069429, 13.040716224528277 ], [ 80.258646631800417, 13.040718751597339 ], [ 80.258643956497153, 13.04161706585546 ], [ 80.259547529426897, 13.041619651087476 ], [ 80.259544857174916, 13.04251796833214 ], [ 80.259547535515892, 13.04251797599103 ], [ 80.259544857561323, 13.043418145945116 ], [ 80.25864664458858, 13.043415575719289 ], [ 80.258646636905098, 13.043418155228125 ], [ 80.257745745418489, 13.043415574207486 ], [ 80.257745737716306, 13.043418156851315 ], [ 80.25686350302702, 13.043415626243485 ], [ 80.256866185119122, 13.042517318725373 ], [ 80.256863493733405, 13.042517311001307 ], [ 80.256866183353736, 13.041616417703317 ] ], [ [ 80.259547538870095, 13.036214245408274 ], [ 80.259544867762642, 13.037112563651377 ], [ 80.259547544953591, 13.037112571304029 ], [ 80.259544868152915, 13.038012739901767 ], [ 80.258646654023224, 13.038010170662499 ], [ 80.25864664634598, 13.038012749177987 ], [ 80.257764396186062, 13.038010222569262 ], [ 80.257767071747907, 13.037112629053752 ], [ 80.258665279714151, 13.037115201161301 ], [ 80.258667969335534, 13.036211729862995 ], [ 80.259547538870095, 13.036214245408274 ] ], [ [ 80.255061686809825, 13.037109317346593 ], [ 80.255064371924234, 13.036211723447702 ], [ 80.255962570249721, 13.036214304734363 ], [ 80.255962577980256, 13.036211717316217 ], [ 80.256844841266684, 13.036214249775743 ], [ 80.256842160436634, 13.037112558562999 ], [ 80.256844847406526, 13.037112566271643 ], [ 80.256842160804879, 13.038012744713685 ], [ 80.255962590983984, 13.038010219657286 ], [ 80.255965275168577, 13.037111914289527 ], [ 80.255061686809825, 13.037109317346593 ] ], [ [ 80.254139444285371, 13.041617057370988 ], [ 80.25414214199958, 13.041617065141098 ], [ 80.254139444628066, 13.042517254565238 ], [ 80.253259891045886, 13.042514719563288 ], [ 80.253262585915266, 13.041616424491997 ], [ 80.253259881678844, 13.041616416693911 ], [ 80.25326258204754, 13.040716224209499 ], [ 80.254142135798531, 13.040718758877951 ], [ 80.254139444285371, 13.041617057370988 ] ], [ [ 80.255941249527311, 13.042517251355759 ], [ 80.255061696249641, 13.042514722475682 ], [ 80.255064382518583, 13.041617128212764 ], [ 80.255943932625286, 13.041619656912872 ], [ 80.255941249527311, 13.042517251355759 ] ], [ [ 80.277584236510819, 13.038016070362481 ], [ 80.277584243800504, 13.038013557817704 ], [ 80.278485139139306, 13.038016068848957 ], [ 80.27848514641083, 13.038013559437744 ], [ 80.279367318168568, 13.038016015244764 ], [ 80.279364717994753, 13.03891440250036 ], [ 80.279367323846799, 13.038914409750625 ], [ 80.279364716232777, 13.039815303282886 ], [ 80.279367322271341, 13.039815310534131 ], [ 80.27936471447066, 13.040716204065403 ], [ 80.279367320695755, 13.040716211317633 ], [ 80.279364712708414, 13.041617104847919 ], [ 80.279367319120041, 13.041617112101134 ], [ 80.279364710946041, 13.042518005630436 ], [ 80.279367317544228, 13.042518012884633 ], [ 80.27936470918354, 13.043418906412946 ], [ 80.279367315968273, 13.043418913668132 ], [ 80.27936470742091, 13.044319807195459 ], [ 80.279367314392189, 13.044319814451628 ], [ 80.279364705658182, 13.045220707977968 ], [ 80.279367312815978, 13.045220715235123 ], [ 80.279364703895297, 13.046121608760476 ], [ 80.279367311239653, 13.046121616018615 ], [ 80.279364702132298, 13.047022509542982 ], [ 80.279367309663201, 13.047022516802107 ], [ 80.279364700369172, 13.04792341032549 ], [ 80.27936730808662, 13.047923417585601 ], [ 80.279364698605917, 13.048824311107994 ], [ 80.279367306509911, 13.048824318369091 ], [ 80.279364696842549, 13.049725211890497 ], [ 80.279367304933075, 13.049725219152579 ], [ 80.279364697379194, 13.050625318712903 ], [ 80.278466413752341, 13.050622815769048 ], [ 80.278463793161876, 13.051526221321369 ], [ 80.277565513004333, 13.051523715099002 ], [ 80.277565505699116, 13.051526230225122 ], [ 80.276664613832892, 13.051523713583858 ], [ 80.276664606509442, 13.051526231846752 ], [ 80.275782471835427, 13.05152376456426 ], [ 80.275785087510684, 13.050625392289996 ], [ 80.275782462917419, 13.05062538494516 ], [ 80.275785085746605, 13.049724491270208 ], [ 80.275782461341052, 13.04972448392637 ], [ 80.27578508398264, 13.048823590250427 ], [ 80.274881564502834, 13.048821060534088 ], [ 80.274884182862593, 13.04792269092605 ], [ 80.274881555570047, 13.047922683565931 ], [ 80.27488418109877, 13.047021789906157 ], [ 80.274881553994177, 13.047021782547041 ], [ 80.274884179335061, 13.046120888886273 ], [ 80.273980657171961, 13.046118356504605 ], [ 80.27398327595229, 13.045220765072344 ], [ 80.274881541221134, 13.045223282559119 ], [ 80.274881548573447, 13.045220759318164 ], [ 80.2757824438509, 13.045223281045066 ], [ 80.27578507516472, 13.044319085151528 ], [ 80.274881556619079, 13.044316556249248 ], [ 80.274884174044715, 13.043418185826621 ], [ 80.274881547691905, 13.043418178471498 ], [ 80.274884172281517, 13.042517284806738 ], [ 80.274881546116646, 13.042517277452612 ], [ 80.274884170518447, 13.041616383786863 ], [ 80.274881544541515, 13.041616376433733 ], [ 80.274884168755506, 13.040715482766981 ], [ 80.274881542966497, 13.040715475414849 ], [ 80.274884166992692, 13.039814581747107 ], [ 80.274881541391636, 13.039814574395978 ], [ 80.27488416295725, 13.038914461102204 ], [ 80.275782432827725, 13.038916974346181 ], [ 80.275782440154828, 13.03891445537254 ], [ 80.276683335456553, 13.038916972832773 ], [ 80.276685959895559, 13.038013563510223 ], [ 80.277584236510819, 13.038016070362481 ] ], [ [ 80.269478779201563, 13.04522075705626 ], [ 80.270358313537287, 13.045223237384297 ], [ 80.270355681676946, 13.046120829717623 ], [ 80.269476144169374, 13.046118349213113 ], [ 80.269478779201563, 13.04522075705626 ] ], [ [ 80.260445666261148, 13.091165897718477 ], [ 80.259566294448931, 13.09116337595243 ], [ 80.259568974800715, 13.0902657791446 ], [ 80.26044834343034, 13.090268300731811 ], [ 80.260445666261148, 13.091165897718477 ] ] ] } },
{ "type": "Feature", "properties": { "hotspot_id": "HOT_0023", "cluster_area_m2": 314036.05, "cluster_perimeter_m": 4148.84, "cluster_size_pixels": 32, "mean_lst": 41.61, "peak_lst": 43.63 }, "geometry": { "type": "Polygon", "coordinates": [ [ [ 80.285673383484152, 13.177649847215898 ], [ 80.285673376205779, 13.177652356415702 ], [ 80.28477248432813, 13.17764984568451 ], [ 80.284772477031368, 13.177652358049217 ], [ 80.283871585172193, 13.177649844153237 ], [ 80.283868957961147, 13.17855325337727 ], [ 80.282970684421741, 13.178550743468168 ], [ 80.282968051451149, 13.179454931395034 ], [ 80.283871565083885, 13.17945745610648 ], [ 80.283868952133702, 13.180355833888003 ], [ 80.284791708000085, 13.180358409255145 ], [ 80.284794332189378, 13.179455003078607 ], [ 80.285673363455331, 13.179457453159504 ], [ 80.285670757061624, 13.180355837308218 ], [ 80.286593513292217, 13.180358406191818 ], [ 80.286596130851521, 13.179455006308956 ], [ 80.287475161827146, 13.17945745021218 ], [ 80.287472561989986, 13.180355840727982 ], [ 80.287475167474341, 13.180355847967817 ], [ 80.287472562500213, 13.181255949929714 ], [ 80.286574276259017, 13.181253452133518 ], [ 80.28657165596384, 13.182157640584407 ], [ 80.286574265114695, 13.182157647844518 ], [ 80.286571656465995, 13.183057753554033 ], [ 80.285673373912189, 13.183055252294448 ], [ 80.285670749936841, 13.18395944044028 ], [ 80.286593519674554, 13.183962010013072 ], [ 80.286593526940763, 13.183959503024717 ], [ 80.287475153841029, 13.183961954926879 ], [ 80.287472553084868, 13.184860344644143 ], [ 80.288395326563275, 13.184862907903515 ], [ 80.288395333793801, 13.184860407088841 ], [ 80.289296229209526, 13.184862906370912 ], [ 80.289298837750366, 13.183959515141924 ], [ 80.290197130259301, 13.183962003883323 ], [ 80.290199735299041, 13.183058615959427 ], [ 80.291098031308849, 13.18306110139584 ], [ 80.291100635165151, 13.182156912116518 ], [ 80.291098039202595, 13.182156904938939 ], [ 80.291100633384588, 13.181256011098334 ], [ 80.290197142162583, 13.181253511605194 ], [ 80.29019973226707, 13.180355111789641 ], [ 80.289276975322593, 13.180352555883145 ], [ 80.28927696811455, 13.180355052898364 ], [ 80.288395335333803, 13.180352607797749 ], [ 80.288397931811886, 13.179454214190439 ], [ 80.287494431121075, 13.179451705464851 ], [ 80.2874970306937, 13.178553314881542 ], [ 80.287494422281853, 13.178553307634715 ], [ 80.28749702891318, 13.177652413862928 ], [ 80.286574282640302, 13.177649848747395 ], [ 80.286574275380261, 13.177652354782301 ], [ 80.285673383484152, 13.177649847215898 ] ] ] } },
{ "type": "Feature", "properties": { "hotspot_id": "HOT_0024", "cluster_area_m2": 10000.0, "cluster_perimeter_m": 400.0, "cluster_size_pixels": 1, "mean_lst": 41.89, "peak_lst": 41.89 }, "geometry": { "type": "Polygon", "coordinates": [ [ [ 80.257745501742249, 13.182154304010595 ], [ 80.258668258965571, 13.182156973736419 ], [ 80.258665535988385, 13.183061156498757 ], [ 80.257742775376443, 13.183058486583441 ], [ 80.257745501742249, 13.182154304010595 ] ] ] } },
{ "type": "Feature", "properties": { "hotspot_id": "HOT_0025", "cluster_area_m2": 372648.08, "cluster_perimeter_m": 4350.7, "cluster_size_pixels": 38, "mean_lst": 41.13, "peak_lst": 42.84 }, "geometry": { "type": "Polygon", "coordinates": [ [ [ 80.24963467664827, 13.172247007769789 ], [ 80.248736527719245, 13.17224437946977 ], [ 80.248736519675077, 13.17224701742713 ], [ 80.247835628567202, 13.172244377943665 ], [ 80.247835620503736, 13.172247019064763 ], [ 80.246953800586496, 13.172244432393244 ], [ 80.246956546096612, 13.171346183741768 ], [ 80.246033831852429, 13.171343474050159 ], [ 80.246031064823484, 13.172247654955717 ], [ 80.246934711281526, 13.172250308864195 ], [ 80.2469319654966, 13.173148557447968 ], [ 80.246934717774081, 13.173148565526777 ], [ 80.246931963711589, 13.174049458226323 ], [ 80.246934716184214, 13.174049466306219 ], [ 80.24693196192645, 13.174950359004679 ], [ 80.247854689871104, 13.174953066193943 ], [ 80.247854697937115, 13.174950424737842 ], [ 80.248755592521221, 13.17495306466761 ], [ 80.248755600567918, 13.174950426375656 ], [ 80.249637404056244, 13.17495300729753 ], [ 80.249634669507131, 13.175850611802451 ], [ 80.248736521360698, 13.175847982837572 ], [ 80.248736513312195, 13.17585062146447 ], [ 80.247835622209124, 13.17584798131103 ], [ 80.247832862788172, 13.176751516048082 ], [ 80.246934721467937, 13.176748880626336 ], [ 80.246931956570265, 13.177653061339736 ], [ 80.246934709823506, 13.177653069423972 ], [ 80.246931954784614, 13.178553962118084 ], [ 80.24785469623022, 13.178556670033954 ], [ 80.247854704300565, 13.178554027907538 ], [ 80.248755598880791, 13.178556668507188 ], [ 80.248755606931823, 13.178554029545717 ], [ 80.249637397689312, 13.178556611085263 ], [ 80.249634660376373, 13.179454868040052 ], [ 80.250557405772057, 13.179457566412992 ], [ 80.250557413785586, 13.179454933614434 ], [ 80.251458308422414, 13.179457564885777 ], [ 80.251458316416674, 13.179454935252366 ], [ 80.252359211072658, 13.179457563358453 ], [ 80.252361956434584, 13.178553381643527 ], [ 80.252359219467209, 13.178553373664526 ], [ 80.25236195464953, 13.177652480620674 ], [ 80.252359217876148, 13.177652472642748 ], [ 80.25236195286459, 13.17675157959783 ], [ 80.2523592162852, 13.176751571620972 ], [ 80.252361951079777, 13.175850678574978 ], [ 80.252359214694366, 13.175850670599193 ], [ 80.252361949295093, 13.174949777552136 ], [ 80.251439220406297, 13.174947086575612 ], [ 80.251436474440609, 13.175850608565531 ], [ 80.250557417427473, 13.17584804169053 ], [ 80.250560150609473, 13.174949780979555 ], [ 80.250557407827287, 13.174949772966363 ], [ 80.250560146826075, 13.174049536870353 ], [ 80.25145829888092, 13.174052159128365 ], [ 80.251461046383113, 13.173147977219887 ], [ 80.25145830728475, 13.173147969228092 ], [ 80.251461044598685, 13.172247076196939 ], [ 80.250557411062061, 13.172244438270528 ], [ 80.250560143471063, 13.171346176887324 ], [ 80.249637428460858, 13.171343480153947 ], [ 80.24963467664827, 13.172247007769789 ] ] ] } },
{ "type": "Feature", "properties": { "hotspot_id": "HOT_0026", "cluster_area_m2": 10000.0, "cluster_perimeter_m": 400.0, "cluster_size_pixels": 1, "mean_lst": 42.58, "peak_lst": 42.58 }, "geometry": { "type": "Polygon", "coordinates": [ [ [ 80.274862593619318, 13.177649828846695 ], [ 80.275785337511422, 13.17765243609656 ], [ 80.275782678344981, 13.178556622651763 ], [ 80.274859931065478, 13.178554015216772 ], [ 80.274862593619318, 13.177649828846695 ] ] ] } },
{ "type": "Feature", "properties": { "hotspot_id": "HOT_0027", "cluster_area_m2": 29727.65, "cluster_perimeter_m": 795.11, "cluster_size_pixels": 3, "mean_lst": 41.53, "peak_lst": 41.59 }, "geometry": { "type": "Polygon", "coordinates": [ [ [ 80.262269135442182, 13.17675484367564 ], [ 80.262271843841091, 13.175850659730997 ], [ 80.261349109494759, 13.175848004221065 ], [ 80.261349101714274, 13.175850598544448 ], [ 80.260448210341579, 13.175848002692938 ], [ 80.260445495248575, 13.176752186264492 ], [ 80.260448198868957, 13.176752194060029 ], [ 80.2604454934648, 13.177653087044476 ], [ 80.261368234385174, 13.177655746162252 ], [ 80.261370944195363, 13.176752258666484 ], [ 80.262269135442182, 13.17675484367564 ] ] ] } },
{ "type": "Feature", "properties": { "hotspot_id": "HOT_0028", "cluster_area_m2": 4135657.06, "cluster_perimeter_m": 14833.11, "cluster_size_pixels": 424, "mean_lst": 41.93, "peak_lst": 46.86 }, "geometry": { "type": "Polygon", "coordinates": [ [ [ 80.273961729337373, 13.152427898324142 ], [ 80.273959080658273, 13.153328042990807 ], [ 80.273060838283868, 13.153325502975413 ], [ 80.273060830773474, 13.153328052110234 ], [ 80.272159939126269, 13.153325501448538 ], [ 80.272159931597244, 13.153328053742861 ], [ 80.271259039968797, 13.153325499921777 ], [ 80.271259032421113, 13.153328055375603 ], [ 80.270358140811425, 13.153325498395136 ], [ 80.270355466840755, 13.154229685567445 ], [ 80.271278122140444, 13.154232304456892 ], [ 80.271278129688469, 13.154229749003237 ], [ 80.272159920288516, 13.154232248804012 ], [ 80.27215726997936, 13.155130589766156 ], [ 80.272159926227573, 13.155130597292326 ], [ 80.272157268200147, 13.156031490547592 ], [ 80.273079930609327, 13.156034103317289 ], [ 80.273079938122081, 13.15603155385859 ], [ 80.273961715480311, 13.156034047753588 ], [ 80.273959073540567, 13.156931647013829 ], [ 80.273060831923146, 13.156929106354761 ], [ 80.273060824408702, 13.15693165613766 ], [ 80.272159932766016, 13.156929104827453 ], [ 80.272157264641336, 13.157833292110453 ], [ 80.272159921455298, 13.157833299639659 ], [ 80.272157262861739, 13.158734192891878 ], [ 80.272159919864279, 13.158734200422099 ], [ 80.27215726326726, 13.159634353260255 ], [ 80.271259028837846, 13.15963180583414 ], [ 80.271256356842443, 13.160535992745393 ], [ 80.271259017513785, 13.1605360002963 ], [ 80.271256357239452, 13.161436156887019 ], [ 80.270358126500142, 13.161433605995784 ], [ 80.270355450822308, 13.162337792598352 ], [ 80.270358115163376, 13.162337800169988 ], [ 80.270355449041844, 13.163238693379551 ], [ 80.270358113571987, 13.163238700952206 ], [ 80.270355447261252, 13.164139594160755 ], [ 80.271259003588582, 13.164142160665774 ], [ 80.271256347940721, 13.165040496651955 ], [ 80.272159901181993, 13.165043060139794 ], [ 80.272157248620402, 13.165941399143255 ], [ 80.273079948109, 13.165944013844285 ], [ 80.27307995563288, 13.165941462603541 ], [ 80.273980850754725, 13.165944012315883 ], [ 80.273980858259961, 13.165941464237244 ], [ 80.274881753400351, 13.165944010787365 ], [ 80.274881760886984, 13.165941465870834 ], [ 80.27576349633425, 13.165943955200358 ], [ 80.275760856682979, 13.166842306763952 ], [ 80.276664393927078, 13.166844854673268 ], [ 80.276661757363811, 13.167743209255455 ], [ 80.27756529151965, 13.167745754145903 ], [ 80.277562658044872, 13.168644111747051 ], [ 80.277565297359672, 13.168644119176772 ], [ 80.27756265626445, 13.169545012529118 ], [ 80.277565295766451, 13.169545019959838 ], [ 80.277562654483916, 13.170445913311177 ], [ 80.277565294173129, 13.170445920742894 ], [ 80.277562652703253, 13.171346814093235 ], [ 80.277565292579666, 13.171346821525949 ], [ 80.277562650922462, 13.17224771487529 ], [ 80.277565290986075, 13.172247722309008 ], [ 80.277562651361521, 13.17314785865476 ], [ 80.276664399896319, 13.173145327680475 ], [ 80.276664392438164, 13.173147867723555 ], [ 80.275763500740837, 13.173145326150761 ], [ 80.275763493264108, 13.173147869357743 ], [ 80.274862601585482, 13.173145324621155 ], [ 80.274859939974363, 13.174049511308162 ], [ 80.275763481987298, 13.17405206369836 ], [ 80.275760840654883, 13.174950413800522 ], [ 80.275763487870833, 13.174950421274392 ], [ 80.275760838873353, 13.175851314582355 ], [ 80.276664377982996, 13.175853864114487 ], [ 80.276661739554086, 13.176752217074924 ], [ 80.277565275573167, 13.17675476358613 ], [ 80.277562640235047, 13.177653119567593 ], [ 80.278485384691777, 13.177655717104333 ], [ 80.278485392117119, 13.177653182746207 ], [ 80.27938628733834, 13.177655715573843 ], [ 80.279388930854608, 13.176752290995456 ], [ 80.28026797312954, 13.176754759168233 ], [ 80.280265347623626, 13.177653124699127 ], [ 80.281188092631126, 13.177655712512523 ], [ 80.281188100000961, 13.177653187648518 ], [ 80.282088995277363, 13.177655710981695 ], [ 80.282089002628723, 13.17765318928239 ], [ 80.282989897923486, 13.177655709450748 ], [ 80.28299252818212, 13.176752297456899 ], [ 80.283890798974937, 13.176754806964039 ], [ 80.283893425732572, 13.175851398274942 ], [ 80.284791700026176, 13.175853904477435 ], [ 80.284794323283293, 13.174950499092722 ], [ 80.285692601077201, 13.174953001990934 ], [ 80.285692608351994, 13.17495049342789 ], [ 80.286574270623589, 13.174952946970613 ], [ 80.286571668428294, 13.175851335102497 ], [ 80.287494407962441, 13.175853899883906 ], [ 80.287494415201564, 13.175851397490302 ], [ 80.28839531060764, 13.175853898352502 ], [ 80.288395317828446, 13.175851399123198 ], [ 80.289296213252712, 13.175853896820987 ], [ 80.289296220455256, 13.175851400755974 ], [ 80.290197115897669, 13.175853895289357 ], [ 80.29019972158649, 13.174949705679937 ], [ 80.290197123800183, 13.174949698491831 ], [ 80.290199719806836, 13.174048804661666 ], [ 80.289296226772635, 13.174046303258272 ], [ 80.289298818689161, 13.173147905352113 ], [ 80.28839532256157, 13.173145400925881 ], [ 80.288397917571274, 13.172247006042459 ], [ 80.288395313748197, 13.172246998820738 ], [ 80.288397915791762, 13.171346105023968 ], [ 80.287494416755038, 13.171343597734902 ], [ 80.287497014673662, 13.170445205714104 ], [ 80.286593512544727, 13.170442695403171 ], [ 80.286596113555319, 13.169544306404138 ], [ 80.286593503698299, 13.169544299148731 ], [ 80.286596111775964, 13.168643405385438 ], [ 80.28659350210404, 13.168643398131003 ], [ 80.286596109996722, 13.167742504366736 ], [ 80.286593500509895, 13.167742497113279 ], [ 80.286596108217623, 13.16684160334804 ], [ 80.286593498915892, 13.166841596095555 ], [ 80.286596106438637, 13.165940702329339 ], [ 80.285692601954935, 13.165938189637084 ], [ 80.285695205320124, 13.165039803018841 ], [ 80.285692593095803, 13.165039795749985 ], [ 80.28569520354128, 13.164138902000042 ], [ 80.285692591502283, 13.164138894732167 ], [ 80.285695201762564, 13.163238000981236 ], [ 80.285692589908876, 13.163237993714338 ], [ 80.285695199983977, 13.162337099962437 ], [ 80.285692588315612, 13.162337092696514 ], [ 80.285695198205488, 13.16143619894364 ], [ 80.285692586722476, 13.161436191678696 ], [ 80.285695196427156, 13.160535297924847 ], [ 80.285692585129453, 13.160535290660876 ], [ 80.285695194648952, 13.159634396906046 ], [ 80.285692583536559, 13.159634389643058 ], [ 80.285695192870847, 13.158733495887255 ], [ 80.285692581943792, 13.158733488625241 ], [ 80.285695188803004, 13.157833385559497 ], [ 80.286593473448065, 13.157835882308122 ], [ 80.286593480686008, 13.157833379929741 ], [ 80.287494376091018, 13.157835880779011 ], [ 80.287494383310701, 13.157833381560911 ], [ 80.288395278733859, 13.157835879249779 ], [ 80.288395285935295, 13.157833383191962 ], [ 80.289296181376599, 13.157835877720439 ], [ 80.289298786677193, 13.156931687021476 ], [ 80.288395293853327, 13.156929185465128 ], [ 80.288397885559476, 13.156030787709899 ], [ 80.287494389646824, 13.156028283134791 ], [ 80.287496984441532, 13.155129888398214 ], [ 80.286574322477989, 13.155127327584964 ], [ 80.286574315242305, 13.155129829645505 ], [ 80.285673423318912, 13.155127326056183 ], [ 80.285673416064938, 13.155129831276602 ], [ 80.284772524159933, 13.155127324527516 ], [ 80.284769904924318, 13.156030726645016 ], [ 80.283871623409425, 13.156028223845102 ], [ 80.283871616117821, 13.15603073554489 ], [ 80.282989876581496, 13.156028275778896 ], [ 80.282992487736252, 13.155129896933779 ], [ 80.282989867679831, 13.155129889620657 ], [ 80.282992485958431, 13.15422899591467 ], [ 80.28298986608803, 13.154228988602531 ], [ 80.282992484180753, 13.153328094895562 ], [ 80.28208896919017, 13.153325571733317 ], [ 80.282091583061458, 13.152427195583575 ], [ 80.281188064984789, 13.152424669404652 ], [ 80.281190681941922, 13.151526296271491 ], [ 80.281188056051008, 13.151526288925526 ], [ 80.281190680164386, 13.150625395252167 ], [ 80.281188054459932, 13.150625387907194 ], [ 80.281190678386977, 13.149724494232853 ], [ 80.281188052869012, 13.14972448688887 ], [ 80.281190676609697, 13.148823593213535 ], [ 80.280287156004221, 13.148821064502242 ], [ 80.28028977548999, 13.147922693901018 ], [ 80.279386251800076, 13.147920162174435 ], [ 80.279388874370028, 13.147021794588404 ], [ 80.279386242835258, 13.147021787210544 ], [ 80.279388872592904, 13.146120893568874 ], [ 80.278485346005098, 13.146118358989106 ], [ 80.278487971472742, 13.145219994256049 ], [ 80.278485337024193, 13.145219986861726 ], [ 80.278487969695746, 13.144319093236414 ], [ 80.278485335434354, 13.144319085843087 ], [ 80.278487967918878, 13.14341819221678 ], [ 80.277565351561748, 13.143415601312476 ], [ 80.277565344155121, 13.14341813287848 ], [ 80.276664452402287, 13.143415599786236 ], [ 80.276661803609926, 13.144319788924054 ], [ 80.276664441158189, 13.144319796345318 ], [ 80.27666180406122, 13.145219929100232 ], [ 80.275763550064866, 13.145217399950374 ], [ 80.275760897597138, 13.146121588781005 ], [ 80.275763538808064, 13.146121596222777 ], [ 80.275760895819644, 13.147022489562893 ], [ 80.275763537218225, 13.147022497005668 ], [ 80.275760894042037, 13.147923390344776 ], [ 80.276664427368928, 13.147925934845373 ], [ 80.276661796949497, 13.148823533122187 ], [ 80.275763543707228, 13.148821003330943 ], [ 80.275760892705392, 13.149724435740954 ], [ 80.274862642959093, 13.149721902649317 ], [ 80.274859988461017, 13.15062533835999 ], [ 80.273961742211185, 13.150622801967586 ], [ 80.273959082012425, 13.151526990056572 ], [ 80.273961730927738, 13.151526997541476 ], [ 80.273959080233951, 13.152427890838227 ], [ 80.273961729337373, 13.152427898324142 ] ] ] } },
{ "type": "Feature", "properties": { "hotspot_id": "HOT_0029", "cluster_area_m2": 10000.0, "cluster_perimeter_m": 400.0, "cluster_size_pixels": 1, "mean_lst": 41.25, "peak_lst": 41.25 }, "geometry": { "type": "Polygon", "coordinates": [ [ [ 80.25324102030099, 13.174046188787008 ], [ 80.254163746195914, 13.17404887310254 ], [ 80.254161008419473, 13.174953055507258 ], [ 80.25323827913823, 13.174950371001083 ], [ 80.25324102030099, 13.174046188787008 ] ] ] } },
{ "type": "Feature", "properties": { "hotspot_id": "HOT_0030", "cluster_area_m2": 371564.63, "cluster_perimeter_m": 2770.12, "cluster_size_pixels": 38, "mean_lst": 42.2, "peak_lst": 44.9 }, "geometry": { "type": "Polygon", "coordinates": [ [ [ 80.264051819686074, 13.168640802055764 ], [ 80.264049121467409, 13.169544278870095 ], [ 80.263150918940781, 13.169541701371847 ], [ 80.26314821721725, 13.170445181493436 ], [ 80.262250018195715, 13.170442600687826 ], [ 80.262247310868133, 13.171346785008444 ], [ 80.262250006749753, 13.171346792759778 ], [ 80.262247309085353, 13.172247685788655 ], [ 80.262250005158165, 13.172247693541028 ], [ 80.262247307302459, 13.173148586568857 ], [ 80.262250003566436, 13.173148594322278 ], [ 80.262247305519423, 13.174049487349063 ], [ 80.263150893399768, 13.174052084298314 ], [ 80.263148206196689, 13.17495038984147 ], [ 80.264070937555587, 13.174953038702725 ], [ 80.264070945277496, 13.174950454201031 ], [ 80.264971840203629, 13.174953037174362 ], [ 80.264971847906651, 13.174950455836791 ], [ 80.265872742851556, 13.174953035645892 ], [ 80.265872750535706, 13.174950457472441 ], [ 80.266773645499384, 13.174953034117305 ], [ 80.266776334846909, 13.174049565982825 ], [ 80.267674546555043, 13.174052131630985 ], [ 80.267677232397574, 13.173148666803847 ], [ 80.268575447610459, 13.17315122914477 ], [ 80.268578132097844, 13.172247043662891 ], [ 80.268575455792472, 13.172247036033371 ], [ 80.268578130315774, 13.17134614264201 ], [ 80.268575454200175, 13.171346135013513 ], [ 80.268578128533818, 13.170445241621131 ], [ 80.26767455761437, 13.170442664493264 ], [ 80.267677227410616, 13.169544342311237 ], [ 80.26675451555883, 13.169541707483333 ], [ 80.266754507899023, 13.16954428167595 ], [ 80.265872750788049, 13.169541760694893 ], [ 80.265875426945485, 13.168643444712339 ], [ 80.264952718840647, 13.16864080358347 ], [ 80.264952711144176, 13.168643383938539 ], [ 80.264051819686074, 13.168640802055764 ] ] ] } },
{ "type": "Feature", "properties": { "hotspot_id": "HOT_0031", "cluster_area_m2": 59146.99, "cluster_perimeter_m": 995.48, "cluster_size_pixels": 6, "mean_lst": 40.95, "peak_lst": 41.64 }, "geometry": { "type": "Polygon", "coordinates": [ [ [ 80.292880587904719, 13.171343553540098 ], [ 80.292880580779183, 13.1713460363179 ], [ 80.291979688746949, 13.171343552008569 ], [ 80.291977090328928, 13.172247742221346 ], [ 80.291979677678327, 13.172247749361258 ], [ 80.291977088549885, 13.173148643005138 ], [ 80.291979676082747, 13.173148650146009 ], [ 80.291977086770714, 13.17404954378893 ], [ 80.292899820641068, 13.174052088784659 ], [ 80.292899827768835, 13.174049605691913 ], [ 80.293800723285344, 13.174052087252797 ], [ 80.293803315378739, 13.173147896809601 ], [ 80.293800731140237, 13.173147889696191 ], [ 80.29380331359981, 13.172246995791761 ], [ 80.293800729544543, 13.172246988679309 ], [ 80.293803311820994, 13.171346094773924 ], [ 80.292880587904719, 13.171343553540098 ] ] ] } },
{ "type": "Feature", "properties": { "hotspot_id": "HOT_0032", "cluster_area_m2": 29727.61, "cluster_perimeter_m": 795.18, "cluster_size_pixels": 3, "mean_lst": 39.75, "peak_lst": 40.22 }, "geometry": { "type": "Polygon", "coordinates": [ [ [ 80.198307975988328, 13.168643573364271 ], [ 80.197385282565051, 13.168640689318469 ], [ 80.197382337634807, 13.169544859921801 ], [ 80.19738527030276, 13.169544869094262 ], [ 80.197382335843884, 13.170445760694182 ], [ 80.198305036025118, 13.170448645138503 ], [ 80.198305045182835, 13.170445830545926 ], [ 80.199205938680933, 13.17044864361892 ], [ 80.199208877129365, 13.169544472674005 ], [ 80.198305054267607, 13.169541650638935 ], [ 80.198307975988328, 13.168643573364271 ] ] ] } },
{ "type": "Feature", "properties": { "hotspot_id": "HOT_0033", "cluster_area_m2": 59147.59, "cluster_perimeter_m": 995.53, "cluster_size_pixels": 6, "mean_lst": 43.56, "peak_lst": 44.86 }, "geometry": { "type": "Polygon", "coordinates": [ [ [ 80.273961710392683, 13.168640818866733 ], [ 80.273961702883739, 13.168643367592678 ], [ 80.273060811236959, 13.1686408173379 ], [ 80.273058143957712, 13.16954500397922 ], [ 80.273060799929468, 13.16954501150293 ], [ 80.273058142176595, 13.170445904760735 ], [ 80.273060798336715, 13.170445912285455 ], [ 80.273058140395349, 13.171346805542248 ], [ 80.273980860307091, 13.17134941805711 ], [ 80.273980867818366, 13.171346869007783 ], [ 80.274881762953413, 13.171349416527942 ], [ 80.274884423919403, 13.170445229646626 ], [ 80.274881771052932, 13.170445222150091 ], [ 80.274884422138399, 13.169544328626513 ], [ 80.274881769460066, 13.169544321130985 ], [ 80.274884420357523, 13.168643427606396 ], [ 80.273961710392683, 13.168640818866733 ] ] ] } },
{ "type": "Feature", "properties": { "hotspot_id": "HOT_0034", "cluster_area_m2": 147085.13, "cluster_perimeter_m": 1977.98, "cluster_size_pixels": 15, "mean_lst": 41.19, "peak_lst": 42.77 }, "geometry": { "type": "Polygon", "coordinates": [ [ [ 80.197382350167786, 13.163238554515058 ], [ 80.197385281379809, 13.16323856367889 ], [ 80.197382348377744, 13.164139455287451 ], [ 80.198305024951068, 13.164142338376443 ], [ 80.198305034100173, 13.164139525034413 ], [ 80.199205927606059, 13.164142336857619 ], [ 80.199205936734614, 13.16413952667739 ], [ 80.200106830260935, 13.164142335338685 ], [ 80.200106839368956, 13.164139528320248 ], [ 80.200988867343085, 13.164142275102204 ], [ 80.200985956391705, 13.165040362935489 ], [ 80.201908637152457, 13.165043233266054 ], [ 80.201908646220716, 13.165040432393353 ], [ 80.202809539807092, 13.165043231746671 ], [ 80.202812463789741, 13.164139059623823 ], [ 80.20280954883232, 13.164139050571862 ], [ 80.202812462000267, 13.163238158595021 ], [ 80.202809547249672, 13.163238149544275 ], [ 80.202812460210936, 13.162337257566218 ], [ 80.201889789373126, 13.162334391062478 ], [ 80.201889780307738, 13.162337191579649 ], [ 80.200988890225744, 13.162334389543428 ], [ 80.200988881139878, 13.162337193222193 ], [ 80.200087991078476, 13.162334388024492 ], [ 80.200087981972104, 13.16233719486485 ], [ 80.199187091931321, 13.162334386505664 ], [ 80.199187082804414, 13.162337196507623 ], [ 80.198305041598786, 13.162334443843195 ], [ 80.198307961666444, 13.161436365129486 ], [ 80.197385295218595, 13.161433482632635 ], [ 80.1973823519577, 13.162337653742657 ], [ 80.197385282961733, 13.162337662905257 ], [ 80.197382350167786, 13.163238554515058 ] ] ] } },
{ "type": "Feature", "properties": { "hotspot_id": "HOT_0035", "cluster_area_m2": 10000.0, "cluster_perimeter_m": 400.0, "cluster_size_pixels": 1, "mean_lst": 42.5, "peak_lst": 42.5 }, "geometry": { "type": "Polygon", "coordinates": [ [ [ 80.294682397384292, 13.165037250671128 ], [ 80.295605098050018, 13.165039784234843 ], [ 80.295602514217947, 13.165943975600415 ], [ 80.29467981016829, 13.165941441856647 ], [ 80.294682397384292, 13.165037250671128 ] ] ] } },
{ "type": "Feature", "properties": { "hotspot_id": "HOT_0036", "cluster_area_m2": 108295.78, "cluster_perimeter_m": 1589.3, "cluster_size_pixels": 11, "mean_lst": 42.01, "peak_lst": 44.09 }, "geometry": { "type": "Polygon", "coordinates": [ [ [ 80.294682405354621, 13.160532746433793 ], [ 80.294682398276777, 13.160535220998602 ], [ 80.293781506195202, 13.160532744903346 ], [ 80.293778916592757, 13.161436936229316 ], [ 80.293781495156949, 13.161436943321469 ], [ 80.293778914815462, 13.162337837013348 ], [ 80.293781493562648, 13.162337844106457 ], [ 80.293778913038039, 13.163238737797379 ], [ 80.294682384058618, 13.163241221459202 ], [ 80.294679813723533, 13.164139640288385 ], [ 80.295602511029173, 13.164142173691875 ], [ 80.295605092135375, 13.163238808086779 ], [ 80.296503412077527, 13.163241271206701 ], [ 80.296505992056467, 13.162337079475391 ], [ 80.296503419892886, 13.162337072427688 ], [ 80.296505990279385, 13.161436178457896 ], [ 80.296503418298343, 13.161436171411143 ], [ 80.29650598850246, 13.160535277440408 ], [ 80.296503416703914, 13.160535270394602 ], [ 80.296505986725649, 13.159634376422916 ], [ 80.295583306107957, 13.159631847116788 ], [ 80.29558072565635, 13.160535212313039 ], [ 80.294682405354621, 13.160532746433793 ] ] ] } },
{ "type": "Feature", "properties": { "hotspot_id": "HOT_0037", "cluster_area_m2": 59384.19, "cluster_perimeter_m": 1194.83, "cluster_size_pixels": 6, "mean_lst": 41.31, "peak_lst": 42.94 }, "geometry": { "type": "Polygon", "coordinates": [ [ [ 80.265853637079758, 13.15782999498343 ], [ 80.265853629414522, 13.157832570212371 ], [ 80.26495273792365, 13.157829993456918 ], [ 80.264950043189089, 13.158734179215754 ], [ 80.264952726520889, 13.158734186895904 ], [ 80.264950041408426, 13.159635079996308 ], [ 80.26495272493068, 13.159635087677492 ], [ 80.264950039627635, 13.160535980776862 ], [ 80.264952723340357, 13.160535988459079 ], [ 80.264950037846731, 13.161436881557419 ], [ 80.265872718987453, 13.161439521278123 ], [ 80.265875410912741, 13.160535335521587 ], [ 80.265872727199479, 13.160535327849011 ], [ 80.265875406997111, 13.159635151641542 ], [ 80.266773618453527, 13.159637717835642 ], [ 80.266776306694311, 13.158733531769311 ], [ 80.266773626653119, 13.158733524117613 ], [ 80.266776304913876, 13.157832630748239 ], [ 80.265853637079758, 13.15782999498343 ] ] ] } },
{ "type": "Feature", "properties": { "hotspot_id": "HOT_0038", "cluster_area_m2": 10000.0, "cluster_perimeter_m": 400.0, "cluster_size_pixels": 1, "mean_lst": 40.81, "peak_lst": 40.81 }, "geometry": { "type": "Polygon", "coordinates": [ [ [ 80.303691404928045, 13.156028257501774 ], [ 80.304614073670507, 13.156030757005135 ], [ 80.304611524690984, 13.156934950751204 ], [ 80.303688852567092, 13.156932451070102 ], [ 80.303691404928045, 13.156028257501774 ] ] ] } },
{ "type": "Feature", "properties": { "hotspot_id": "HOT_0039", "cluster_area_m2": 137717.8, "cluster_perimeter_m": 1789.68, "cluster_size_pixels": 14, "mean_lst": 41.26, "peak_lst": 42.62 }, "geometry": { "type": "Polygon", "coordinates": [ [ [ 80.3009861576042, 13.150626140460405 ], [ 80.300988707660522, 13.150626147397272 ], [ 80.300986155829349, 13.151527041245325 ], [ 80.300988706066789, 13.151527048183123 ], [ 80.300986154054371, 13.152427942030243 ], [ 80.3009887044729, 13.152427948968977 ], [ 80.300986152279279, 13.153328842815164 ], [ 80.300988702878911, 13.153328849754832 ], [ 80.300986150504045, 13.154229743600078 ], [ 80.300988701284794, 13.154229750540683 ], [ 80.300986148728697, 13.155130644384991 ], [ 80.301908813580752, 13.155133153437241 ], [ 80.301908820508444, 13.155130705250276 ], [ 80.302809716221404, 13.15513315190654 ], [ 80.302809723131233, 13.155130706879234 ], [ 80.303710618861956, 13.15513315037572 ], [ 80.30371317078162, 13.15422895667678 ], [ 80.303710626580269, 13.154228949781064 ], [ 80.303713169006613, 13.153328055660172 ], [ 80.303710624985925, 13.153328048765383 ], [ 80.303713167231749, 13.152427154643565 ], [ 80.302809727670578, 13.152424704719717 ], [ 80.302812266117797, 13.151526255331394 ], [ 80.302809719169119, 13.151526248420616 ], [ 80.302812264343061, 13.150625354314684 ], [ 80.301908821870256, 13.15062290152667 ], [ 80.301911363228882, 13.149724455002303 ], [ 80.300988718599541, 13.149721946971601 ], [ 80.3009861576042, 13.150626140460405 ] ] ] } },
{ "type": "Feature", "properties": { "hotspot_id": "HOT_0040", "cluster_area_m2": 529147.29, "cluster_perimeter_m": 5535.52, "cluster_size_pixels": 54, "mean_lst": 41.8, "peak_lst": 44.08 }, "geometry": { "type": "Polygon", "coordinates": [ [ [ 80.279364519867102, 13.13981529013221 ], [ 80.279367146619705, 13.139815297493135 ], [ 80.279364518090986, 13.140716190914535 ], [ 80.27936714503025, 13.140716198276454 ], [ 80.279364516314715, 13.141617091696869 ], [ 80.280268035263418, 13.141619622360068 ], [ 80.280265416996741, 13.142517994185354 ], [ 80.280268041022467, 13.142518001530849 ], [ 80.280265415220356, 13.143418894967796 ], [ 80.281168931271566, 13.143421422778513 ], [ 80.281166315902595, 13.144319797456488 ], [ 80.28208893637138, 13.144322375612925 ], [ 80.282088943686247, 13.144319859833482 ], [ 80.282989839013155, 13.144322374086007 ], [ 80.282989846309675, 13.144319861463833 ], [ 80.283890741654815, 13.144322372558976 ], [ 80.283890748933004, 13.144319863094077 ], [ 80.284772526440378, 13.144322317843796 ], [ 80.284769923962756, 13.1452207050634 ], [ 80.284772532109699, 13.145220712320128 ], [ 80.28476992218657, 13.146121605846371 ], [ 80.285673422446763, 13.146124118260536 ], [ 80.285670822869946, 13.147022508335374 ], [ 80.286593454350637, 13.14702507084343 ], [ 80.286593461576913, 13.147022570373236 ], [ 80.287494356992184, 13.147025069315619 ], [ 80.287494364200228, 13.147022572003298 ], [ 80.288376118424864, 13.147025014792918 ], [ 80.288373528473741, 13.147923414236191 ], [ 80.28927701602241, 13.147925914265345 ], [ 80.289274429158013, 13.14882431672539 ], [ 80.290177913619715, 13.148826813737491 ], [ 80.290175329842526, 13.149725219214703 ], [ 80.290177919183179, 13.149725226366929 ], [ 80.290175328066397, 13.150626119998323 ], [ 80.290177917590967, 13.15062612715151 ], [ 80.290175326290154, 13.151527020781934 ], [ 80.291097975515243, 13.151529567977528 ], [ 80.291097982655344, 13.151527082506583 ], [ 80.291998878156804, 13.151529566448614 ], [ 80.292001472262001, 13.15062537477535 ], [ 80.291998886025951, 13.150625367649603 ], [ 80.292001470485999, 13.14972447375734 ], [ 80.291998884433625, 13.14972446663255 ], [ 80.292001468710112, 13.148823572739325 ], [ 80.291998882841398, 13.148823565615496 ], [ 80.292001466934366, 13.147922671721314 ], [ 80.291998881249313, 13.147922664598443 ], [ 80.292001465158734, 13.147021770703303 ], [ 80.291097984163713, 13.147019280429562 ], [ 80.291100564041827, 13.146120871390538 ], [ 80.290177935033341, 13.146118325232303 ], [ 80.290177927880208, 13.146120813071182 ], [ 80.289296177348447, 13.14611837662919 ], [ 80.28929876358292, 13.145219973783018 ], [ 80.288395273144801, 13.145217474299855 ], [ 80.288397862465317, 13.144319074470054 ], [ 80.288395264365349, 13.14431906727838 ], [ 80.288397860689727, 13.143418173451614 ], [ 80.28747524232341, 13.143415618108561 ], [ 80.287475235118606, 13.143418114944545 ], [ 80.286574343162684, 13.143415616581082 ], [ 80.286574335939662, 13.143418116574329 ], [ 80.285673444002086, 13.143415615053712 ], [ 80.285673436760788, 13.143418118204236 ], [ 80.284791659515449, 13.143415666702234 ], [ 80.284794261544178, 13.14251727925487 ], [ 80.28389075531264, 13.142514764374111 ], [ 80.283893360425466, 13.141616379941588 ], [ 80.282989851110074, 13.141613862046265 ], [ 80.282992459306513, 13.140715480628215 ], [ 80.282088946907777, 13.140712959718703 ], [ 80.282091558187332, 13.139814581314731 ], [ 80.281188042705736, 13.139812057391422 ], [ 80.281190657067953, 13.138913682001148 ], [ 80.280268056986742, 13.13891110166352 ], [ 80.280268049640384, 13.138913622955435 ], [ 80.279367157826343, 13.138911100137488 ], [ 80.279364519867102, 13.13981529013221 ] ] ] } },
{ "type": "Feature", "properties": { "hotspot_id": "HOT_0041", "cluster_area_m2": 10000.0, "cluster_perimeter_m": 400.0, "cluster_size_pixels": 1, "mean_lst": 41.25, "peak_lst": 41.25 }, "geometry": { "type": "Polygon", "coordinates": [ [ [ 80.188376329018695, 13.147019054100129 ], [ 80.189298939509086, 13.147021965835378 ], [ 80.189295969968015, 13.147926136150202 ], [ 80.188373356099049, 13.147923224207775 ], [ 80.188376329018695, 13.147019054100129 ] ] ] } },
{ "type": "Feature", "properties": { "hotspot_id": "HOT_0042", "cluster_area_m2": 508471.08, "cluster_perimeter_m": 4148.84, "cluster_size_pixels": 52, "mean_lst": 39.54, "peak_lst": 41.54 }, "geometry": { "type": "Polygon", "coordinates": [ [ [ 80.180268247729444, 13.140712734629361 ], [ 80.180268238197002, 13.140715606640013 ], [ 80.179367348581991, 13.140712733115626 ], [ 80.179367339028573, 13.140715608283086 ], [ 80.178466449434637, 13.140712731602004 ], [ 80.17846643986023, 13.140715609926271 ], [ 80.177565550287412, 13.140712730088495 ], [ 80.177562539267768, 13.141616898191145 ], [ 80.177565537798799, 13.141616907782311 ], [ 80.177562537478195, 13.14251779896119 ], [ 80.177565536222303, 13.142517808553647 ], [ 80.177562535688494, 13.143418699731235 ], [ 80.178485130228708, 13.143421649487973 ], [ 80.178485139806156, 13.143418770797602 ], [ 80.179367323405586, 13.143421588253888 ], [ 80.179364338790066, 13.144319603939255 ], [ 80.180286937114616, 13.144322547428422 ], [ 80.180286946651378, 13.144319674869726 ], [ 80.181187839769308, 13.144322545914248 ], [ 80.181187849285124, 13.144319676512955 ], [ 80.182070019365554, 13.144322484829436 ], [ 80.18206704433868, 13.145220509865958 ], [ 80.182989646655244, 13.145223443853473 ], [ 80.182992637285622, 13.144319689278552 ], [ 80.183871817724835, 13.144322481909708 ], [ 80.183868849231473, 13.145220513303029 ], [ 80.183871825600463, 13.145220522752703 ], [ 80.183868847442213, 13.146121414073832 ], [ 80.183871824022646, 13.146121423524775 ], [ 80.18386884565281, 13.147022314844627 ], [ 80.18479145511867, 13.147025242759511 ], [ 80.184791464554721, 13.147022385442634 ], [ 80.185692357773149, 13.147025241244444 ], [ 80.185692367188352, 13.147022387085569 ], [ 80.186593260427514, 13.147025239729265 ], [ 80.186596238248157, 13.146121497340824 ], [ 80.187494161504048, 13.146124337246606 ], [ 80.187497137222167, 13.145220167210519 ], [ 80.187494170715794, 13.145220157834002 ], [ 80.187497134014393, 13.144319697387623 ], [ 80.188395061002765, 13.144322533796789 ], [ 80.188398032999714, 13.143418363431483 ], [ 80.187475436181629, 13.143415449246705 ], [ 80.187475426812298, 13.143418296546386 ], [ 80.186593274307342, 13.143415507015328 ], [ 80.186596232500946, 13.142517465836487 ], [ 80.185692370106793, 13.14251460470712 ], [ 80.185695331356939, 13.141616566523584 ], [ 80.185692359119912, 13.141616557110511 ], [ 80.185695329568432, 13.140715665492756 ], [ 80.185692357542621, 13.140715656080951 ], [ 80.185695327780039, 13.139814764461931 ], [ 80.18477274504508, 13.139811841365578 ], [ 80.184772735618395, 13.139814697410491 ], [ 80.183871845896931, 13.139811839851385 ], [ 80.183868859559908, 13.140715590625561 ], [ 80.182970945172528, 13.140712739171233 ], [ 80.182970935702826, 13.14071560171149 ], [ 80.18207004602472, 13.140712737657161 ], [ 80.182070036534128, 13.140715603354217 ], [ 80.181169146877025, 13.140712736143206 ], [ 80.181169137365515, 13.140715604997059 ], [ 80.180268247729444, 13.140712734629361 ] ] ] } },
{ "type": "Feature", "properties": { "hotspot_id": "HOT_0043", "cluster_area_m2": 705158.24, "cluster_perimeter_m": 7110.31, "cluster_size_pixels": 72, "mean_lst": 41.51, "peak_lst": 44.62 }, "geometry": { "type": "Polygon", "coordinates": [ [ [ 80.283871663163254, 13.133505702692231 ], [ 80.283869042809243, 13.13440989396295 ], [ 80.284772543941344, 13.134412407466204 ], [ 80.28476994349252, 13.135310796450565 ], [ 80.285673441542343, 13.135313306940747 ], [ 80.285670844176011, 13.136211698938284 ], [ 80.285673447184763, 13.136211706166991 ], [ 80.285670842401203, 13.137112599721382 ], [ 80.285673445594995, 13.137112606951066 ], [ 80.285670840626267, 13.138013500504481 ], [ 80.285673444005113, 13.13801350773514 ], [ 80.285670838851203, 13.138914401287581 ], [ 80.286574334370158, 13.138916909244713 ], [ 80.286571739534892, 13.13981530377572 ], [ 80.287494344269632, 13.139817861673169 ], [ 80.287494351469903, 13.13981536563157 ], [ 80.288376131160987, 13.139817807248756 ], [ 80.288373542678016, 13.140716207968893 ], [ 80.289296151140633, 13.140718759574046 ], [ 80.28929615830549, 13.14071626968653 ], [ 80.290177927951603, 13.140718705252068 ], [ 80.290175345821936, 13.141617112162058 ], [ 80.291078825550798, 13.141619604724823 ], [ 80.291076246506748, 13.1425180146505 ], [ 80.29199886224275, 13.142520556901083 ], [ 80.291998869355126, 13.142518076167267 ], [ 80.292899764883018, 13.142520555373142 ], [ 80.292899771977304, 13.142518077796188 ], [ 80.293781521532225, 13.14252050125649 ], [ 80.293778952112191, 13.143418920548335 ], [ 80.293781527016947, 13.143418927621425 ], [ 80.293778950337412, 13.144319821332402 ], [ 80.293781525425132, 13.144319828406443 ], [ 80.293778950918522, 13.145219898473693 ], [ 80.292880634107618, 13.145217428970211 ], [ 80.292878044326898, 13.146121621195613 ], [ 80.293781515160916, 13.14612410502628 ], [ 80.293778945012363, 13.147022523684585 ], [ 80.294701578120453, 13.147025057089081 ], [ 80.294701585183375, 13.147022585039696 ], [ 80.295602480760977, 13.147025055560256 ], [ 80.295602487805866, 13.147022586668736 ], [ 80.296503383401387, 13.147025054031323 ], [ 80.296505957713848, 13.146121694530922 ], [ 80.297404284449627, 13.14612415154817 ], [ 80.297406855273053, 13.145220795343224 ], [ 80.29830518549764, 13.145223249065118 ], [ 80.298305192486694, 13.145220789960026 ], [ 80.299206088137467, 13.145223247536064 ], [ 80.29920865456171, 13.144319054013133 ], [ 80.299206095910407, 13.144319047038268 ], [ 80.299208652787513, 13.143418152996004 ], [ 80.298305198677625, 13.143415688759308 ], [ 80.298307751672482, 13.142517253682776 ], [ 80.297404294474489, 13.142514786428443 ], [ 80.297406850557238, 13.141616354369447 ], [ 80.297404285877946, 13.141616347361506 ], [ 80.297406848783197, 13.140715453352106 ], [ 80.296484238711201, 13.140712930846677 ], [ 80.2964842316903, 13.140715395639532 ], [ 80.295583339548983, 13.140712929318401 ], [ 80.295583332510077, 13.1407153972679 ], [ 80.294682440386865, 13.140712927790222 ], [ 80.294682433329953, 13.140715398896392 ], [ 80.293781541224874, 13.140712926262173 ], [ 80.293781534149915, 13.140715400524995 ], [ 80.292880642062997, 13.140712924734229 ], [ 80.292880634969976, 13.140715402153708 ], [ 80.291998875628039, 13.140712975885926 ], [ 80.292001450958267, 13.139814562559287 ], [ 80.291097971425771, 13.139812073556639 ], [ 80.291100549841431, 13.138913663245663 ], [ 80.291097962706985, 13.138913656114267 ], [ 80.29110054806695, 13.138012762227563 ], [ 80.290197065632313, 13.138010270368634 ], [ 80.290199646949901, 13.137111862913727 ], [ 80.289296161430798, 13.137109368040004 ], [ 80.289298745832625, 13.136210963599787 ], [ 80.288376154204656, 13.136208412862988 ], [ 80.288376147025815, 13.136210905272527 ], [ 80.287494354619284, 13.136208464242296 ], [ 80.287496945371842, 13.135310065990129 ], [ 80.286574357470485, 13.135307508963235 ], [ 80.286574350256203, 13.135310007525042 ], [ 80.285692547807983, 13.135307560445321 ], [ 80.285695144910264, 13.134409168380492 ], [ 80.285692538986268, 13.134409161144829 ], [ 80.285695140832914, 13.133509064033525 ], [ 80.286593430504183, 13.133511556512078 ], [ 80.286596040705149, 13.132607364638716 ], [ 80.285692543037257, 13.132604857869804 ], [ 80.285695139586991, 13.13170646532426 ], [ 80.284772565502095, 13.131703902525796 ], [ 80.284769948816177, 13.132608094101574 ], [ 80.284772554369084, 13.132608101344632 ], [ 80.284769949337942, 13.133508201527947 ], [ 80.283871663163254, 13.133505702692231 ] ] ] } },
{ "type": "Feature", "properties": { "hotspot_id": "HOT_0044", "cluster_area_m2": 78915.97, "cluster_perimeter_m": 1584.33, "cluster_size_pixels": 8, "mean_lst": 39.09, "peak_lst": 39.85 }, "geometry": { "type": "Polygon", "coordinates": [ [ [ 80.192880832650204, 13.142514557503715 ], [ 80.192880823406384, 13.14251738567912 ], [ 80.191979933501386, 13.142514555988182 ], [ 80.191976976297298, 13.143418279075654 ], [ 80.191079032774851, 13.143415455307679 ], [ 80.191076070595471, 13.14431962627517 ], [ 80.19107902045279, 13.144319635557363 ], [ 80.191076068807263, 13.145220527046838 ], [ 80.191998673194803, 13.145223428702179 ], [ 80.192001630740904, 13.144319705494418 ], [ 80.192880809526883, 13.144322467305789 ], [ 80.192877873702358, 13.145220530481669 ], [ 80.193800478501331, 13.145223425670567 ], [ 80.193803429430872, 13.144319708736507 ], [ 80.194701379576017, 13.144322523188089 ], [ 80.194704328481521, 13.143418351409959 ], [ 80.193800495277713, 13.143415518699959 ], [ 80.193803427339589, 13.142517452097129 ], [ 80.192880832650204, 13.142514557503715 ] ] ] } },
{ "type": "Feature", "properties": { "hotspot_id": "HOT_0045", "cluster_area_m2": 157218.05, "cluster_perimeter_m": 1984.01, "cluster_size_pixels": 16, "mean_lst": 41.63, "peak_lst": 42.85 }, "geometry": { "type": "Polygon", "coordinates": [ [ [ 80.254141984552433, 13.137109255769277 ], [ 80.254139254646333, 13.138013440764814 ], [ 80.254141973027529, 13.13801344864819 ], [ 80.254139254917888, 13.138913662394147 ], [ 80.253241082224676, 13.13891105593153 ], [ 80.253238348633175, 13.139815240614311 ], [ 80.254141961965558, 13.139817863032999 ], [ 80.254139249308508, 13.140716143102683 ], [ 80.255042859565847, 13.140718762513158 ], [ 80.255040149984055, 13.141617045591158 ], [ 80.255962754951881, 13.141619716967197 ], [ 80.255962762805723, 13.141617110123928 ], [ 80.256863657596625, 13.141619715443872 ], [ 80.256866378304963, 13.140715530139332 ], [ 80.256863665916512, 13.140715522300576 ], [ 80.256866376525792, 13.139814629117096 ], [ 80.256863664330098, 13.139814621279395 ], [ 80.25686637474675, 13.138913728094863 ], [ 80.256863662743811, 13.138913720258218 ], [ 80.256866372967835, 13.138012827072629 ], [ 80.256863661157666, 13.138012819237039 ], [ 80.256866371189048, 13.137111926050398 ], [ 80.255962764788038, 13.137109313725459 ], [ 80.255965470063188, 13.136211026736587 ], [ 80.255042885295126, 13.136208356449321 ], [ 80.255040160939188, 13.137111858764481 ], [ 80.254141984552433, 13.137109255769277 ] ] ] } },
{ "type": "Feature", "properties": { "hotspot_id": "HOT_0046", "cluster_area_m2": 1161382.83, "cluster_perimeter_m": 5530.01, "cluster_size_pixels": 119, "mean_lst": 44.12, "peak_lst": 47.5 }, "geometry": { "type": "Polygon", "coordinates": [ [ [ 80.264051886392906, 13.130802966618882 ], [ 80.26404919623144, 13.131706436586951 ], [ 80.26315098564794, 13.131703865939432 ], [ 80.263148291991598, 13.132607339206547 ], [ 80.262250084903187, 13.132604765259881 ], [ 80.262247385630602, 13.133508952238186 ], [ 80.262250073484026, 13.13350895994583 ], [ 80.262247383853122, 13.134409853018465 ], [ 80.262250071897682, 13.134409860727144 ], [ 80.262247382075543, 13.135310753798739 ], [ 80.263169965001339, 13.135313398069666 ], [ 80.263169972696488, 13.135310817629939 ], [ 80.264051860975201, 13.13531334216999 ], [ 80.264049185208762, 13.136211657993963 ], [ 80.264051867064907, 13.136211665667085 ], [ 80.264049183431155, 13.137112558774449 ], [ 80.26495275698835, 13.137115142594142 ], [ 80.264950084109287, 13.13801346126246 ], [ 80.264952763060947, 13.138013468918867 ], [ 80.264950082331538, 13.138914362043058 ], [ 80.264952761473623, 13.138914369700499 ], [ 80.26495008055366, 13.139815262823651 ], [ 80.265853651412016, 13.139817843963218 ], [ 80.265850981232006, 13.140716165311975 ], [ 80.266773585093844, 13.140718797722064 ], [ 80.266773592720057, 13.140716228922635 ], [ 80.267674487737082, 13.140718796197497 ], [ 80.267674495344565, 13.140716230554554 ], [ 80.268575390380221, 13.140718794672814 ], [ 80.268578065854868, 13.139815338984491 ], [ 80.269476291435694, 13.139817892190536 ], [ 80.269478963414912, 13.138914439801759 ], [ 80.270377192490955, 13.138916989708354 ], [ 80.270377200040343, 13.138914433860212 ], [ 80.271278095133511, 13.138916988183556 ], [ 80.271280760313246, 13.138013542231315 ], [ 80.272178996188302, 13.138016085701471 ], [ 80.272179003699449, 13.138013536327762 ], [ 80.273079898830503, 13.138016084176558 ], [ 80.273082557211822, 13.137112644660144 ], [ 80.273980799884853, 13.137115181694568 ], [ 80.273980807357844, 13.137112638794486 ], [ 80.274881702526727, 13.137115180169534 ], [ 80.274884356330034, 13.136210990883349 ], [ 80.274881710611837, 13.13621098342505 ], [ 80.274884352333956, 13.135310846292079 ], [ 80.275782601992887, 13.135313376730913 ], [ 80.275785252122773, 13.1344091871374 ], [ 80.274881714887627, 13.134406641965713 ], [ 80.274884351001816, 13.133508287823194 ], [ 80.273980810687434, 13.133505739640585 ], [ 80.273983449880618, 13.132607388508886 ], [ 80.273079906487496, 13.132604837315739 ], [ 80.27308254875922, 13.131706489194475 ], [ 80.272179002287814, 13.131703934991174 ], [ 80.272181647637595, 13.13080558987996 ], [ 80.271278098088402, 13.13080303266689 ], [ 80.271280746515757, 13.129904690565338 ], [ 80.27037719388926, 13.129902130342892 ], [ 80.270379845393677, 13.12900379125062 ], [ 80.26945728452408, 13.129001174070735 ], [ 80.269457276966548, 13.129003731446314 ], [ 80.268556385363766, 13.129001172547254 ], [ 80.268553712097372, 13.129904626511921 ], [ 80.267655484617649, 13.12990207186799 ], [ 80.267655477021776, 13.129904635715018 ], [ 80.26675458545769, 13.129902070344626 ], [ 80.266754577843102, 13.129904637345929 ], [ 80.265853686297831, 13.129902068821369 ], [ 80.265853678664541, 13.129904638976956 ], [ 80.2649527871381, 13.129902067298225 ], [ 80.264950100471012, 13.130805533967632 ], [ 80.264051886392906, 13.130802966618882 ] ] ] } },
{ "type": "Feature", "properties": { "hotspot_id": "HOT_0047", "cluster_area_m2": 59188.28, "cluster_perimeter_m": 1189.79, "cluster_size_pixels": 6, "mean_lst": 41.14, "peak_lst": 41.95 }, "geometry": { "type": "Polygon", "coordinates": [ [ [ 80.180268257183727, 13.135307329627812 ], [ 80.180265258686063, 13.136211092037776 ], [ 80.179367356460276, 13.136208228948206 ], [ 80.179364353103296, 13.137112397777139 ], [ 80.179367343997583, 13.137112407319879 ], [ 80.179364351314589, 13.13801329854741 ], [ 80.180286926082388, 13.138016240650648 ], [ 80.180286935610155, 13.138013369371192 ], [ 80.181187828736256, 13.138016239137238 ], [ 80.181190824275461, 13.137112479739258 ], [ 80.182088729814254, 13.137115336655665 ], [ 80.182091723201921, 13.136211167208421 ], [ 80.181187845953147, 13.136208291475249 ], [ 80.181190822056834, 13.135310267894781 ], [ 80.180268257183727, 13.135307329627812 ] ] ] } },
{ "type": "Feature", "properties": { "hotspot_id": "HOT_0048", "cluster_area_m2": 10000.0, "cluster_perimeter_m": 400.0, "cluster_size_pixels": 1, "mean_lst": 39.23, "peak_lst": 39.23 }, "geometry": { "type": "Polygon", "coordinates": [ [ [ 80.188376347945919, 13.136208244085179 ], [ 80.189298918051719, 13.136211153470668 ], [ 80.18929595103927, 13.137115324544263 ], [ 80.188373377557923, 13.137112414951597 ], [ 80.188376347945919, 13.136208244085179 ] ] ] } },
{ "type": "Feature", "properties": { "hotspot_id": "HOT_0049", "cluster_area_m2": 518323.91, "cluster_perimeter_m": 3760.81, "cluster_size_pixels": 53, "mean_lst": 41.27, "peak_lst": 43.27 }, "geometry": { "type": "Polygon", "coordinates": [ [ [ 80.291076273687779, 13.12990458623832 ], [ 80.290177963654003, 13.129902109988853 ], [ 80.290175369449258, 13.130805488852321 ], [ 80.289277062902329, 13.130803009309398 ], [ 80.289274462880158, 13.131707201838358 ], [ 80.290177943864066, 13.131709695823433 ], [ 80.290175363564842, 13.132608104325627 ], [ 80.290177949411614, 13.132608111459572 ], [ 80.290175361791114, 13.133509005109278 ], [ 80.290177947821761, 13.133509012244184 ], [ 80.290175360017273, 13.134409905892927 ], [ 80.290177946231793, 13.134409913028794 ], [ 80.290175358243303, 13.135310806676571 ], [ 80.291097946881052, 13.135313350789852 ], [ 80.29109795400386, 13.135310868163565 ], [ 80.291998849520496, 13.135313349262892 ], [ 80.291998856625227, 13.13531086979186 ], [ 80.29289975215984, 13.135313347735821 ], [ 80.292899759246481, 13.135310871420044 ], [ 80.293781534268845, 13.135313293716704 ], [ 80.293778966305808, 13.136211714275751 ], [ 80.29468243186939, 13.136214193189319 ], [ 80.294679866991601, 13.137112616763542 ], [ 80.295602463257893, 13.137115145062619 ], [ 80.295602470292366, 13.137112677898495 ], [ 80.296503365897024, 13.137115143534878 ], [ 80.296505940572871, 13.136210949968774 ], [ 80.296503373701796, 13.136210942948534 ], [ 80.29650593879947, 13.135310048951332 ], [ 80.296503372110891, 13.135310041932035 ], [ 80.296505937026197, 13.134409147933885 ], [ 80.296503370520085, 13.134409140915533 ], [ 80.296505935253052, 13.133508246916447 ], [ 80.296503368929407, 13.13350823989904 ], [ 80.296505933480034, 13.132607345899007 ], [ 80.295602471742086, 13.132604874031538 ], [ 80.295605032364421, 13.131706446584507 ], [ 80.295602463121611, 13.131706439551021 ], [ 80.295605030591517, 13.130805545566968 ], [ 80.295602461531431, 13.130805538534426 ], [ 80.295605026442189, 13.129905478551736 ], [ 80.296503353176092, 13.129907935900924 ], [ 80.296505926389216, 13.129003741829269 ], [ 80.296503360977937, 13.129003734816589 ], [ 80.29650592461681, 13.128102840811836 ], [ 80.295583361812362, 13.128100317453377 ], [ 80.295583354786729, 13.128102783204115 ], [ 80.294682462648609, 13.128100315926726 ], [ 80.294679885320562, 13.129003678796115 ], [ 80.293781561895784, 13.129001215247463 ], [ 80.293781554833203, 13.129003687463372 ], [ 80.292880662732372, 13.129001213720937 ], [ 80.292880655651757, 13.129003689090887 ], [ 80.291979763569088, 13.129001212194517 ], [ 80.291979756470425, 13.12900369071852 ], [ 80.291078864405918, 13.129001210668212 ], [ 80.291076273687779, 13.12990458623832 ] ] ] } },
{ "type": "Feature", "properties": { "hotspot_id": "HOT_0050", "cluster_area_m2": 196180.12, "cluster_perimeter_m": 2180.77, "cluster_size_pixels": 20, "mean_lst": 41.34, "peak_lst": 42.5 }, "geometry": { "type": "Polygon", "coordinates": [ [ [ 80.186574549730906, 13.130805683968989 ], [ 80.185673659953778, 13.130802834537516 ], [ 80.185673650560574, 13.130805685610245 ], [ 80.184772760804321, 13.130802833024296 ], [ 80.184769778500097, 13.131707003457588 ], [ 80.184772748413152, 13.13170701286737 ], [ 80.184769776712841, 13.132607904228527 ], [ 80.18567363660253, 13.132610766589615 ], [ 80.185670677370652, 13.1335088067163 ], [ 80.185673644421385, 13.133508816107815 ], [ 80.185670675583268, 13.134409707487334 ], [ 80.185673642844961, 13.134409716880119 ], [ 80.185670673795741, 13.13531060825837 ], [ 80.186593239928413, 13.135313527151874 ], [ 80.186596214991482, 13.134409787104445 ], [ 80.187494141005033, 13.134412624670601 ], [ 80.187494150360934, 13.134409779363722 ], [ 80.188395043657522, 13.13441262315672 ], [ 80.188395052992689, 13.134409781005026 ], [ 80.189295946309898, 13.134412621642726 ], [ 80.189298912690219, 13.133508450379532 ], [ 80.189295955492994, 13.133508441060879 ], [ 80.189298910903318, 13.132607549349149 ], [ 80.189295953916343, 13.132607540031756 ], [ 80.18929890911653, 13.131706648318776 ], [ 80.189295952339833, 13.131706639002633 ], [ 80.189298907329871, 13.130805747288402 ], [ 80.188395057453619, 13.13080289805999 ], [ 80.188398006186702, 13.129904847974098 ], [ 80.187475459828576, 13.129901936729842 ], [ 80.187472489051544, 13.130805672981641 ], [ 80.18657455910332, 13.13080283605084 ], [ 80.186574549730906, 13.130805683968989 ] ] ] } },
{ "type": "Feature", "properties": { "hotspot_id": "HOT_0051", "cluster_area_m2": 19963.7, "cluster_perimeter_m": 599.86, "cluster_size_pixels": 2, "mean_lst": 40.65, "peak_lst": 40.67 }, "geometry": { "type": "Polygon", "coordinates": [ [ [ 80.254163664253667, 13.132607426063551 ], [ 80.253241093319048, 13.132604750034774 ], [ 80.253238361086275, 13.133508935160007 ], [ 80.253241081785987, 13.133508943057123 ], [ 80.25323835930763, 13.134409835939197 ], [ 80.254160936980284, 13.13441251233875 ], [ 80.25416366603217, 13.133508327086101 ], [ 80.25416094533189, 13.133508319198741 ], [ 80.254163664253667, 13.132607426063551 ] ] ] } },
{ "type": "Feature", "properties": { "hotspot_id": "HOT_0052", "cluster_area_m2": 245093.62, "cluster_perimeter_m": 2573.83, "cluster_size_pixels": 25, "mean_lst": 41.45, "peak_lst": 43.05 }, "geometry": { "type": "Polygon", "coordinates": [ [ [ 80.283869062843991, 13.125400094095811 ], [ 80.282970778292892, 13.125397593552702 ], [ 80.282970771016338, 13.125400102977709 ], [ 80.28206987913039, 13.125397592027962 ], [ 80.282067253863246, 13.126301783509284 ], [ 80.282069867967436, 13.126301790800321 ], [ 80.282067254368698, 13.127201899326083 ], [ 80.281168976793523, 13.127199392194814 ], [ 80.281166347858559, 13.128103583370457 ], [ 80.281168965617894, 13.128103590681786 ], [ 80.281166346084305, 13.129004484153027 ], [ 80.282069855904979, 13.129007006209669 ], [ 80.282067246766928, 13.129905386640011 ], [ 80.282989813591456, 13.129907958792147 ], [ 80.28298982087226, 13.129905448727763 ], [ 80.283871652699347, 13.1299079042172 ], [ 80.283869049907153, 13.130806290831393 ], [ 80.284791620459032, 13.130808856697115 ], [ 80.284794236694438, 13.129904664990852 ], [ 80.284791628413174, 13.129904657741813 ], [ 80.28479423262192, 13.129004558437053 ], [ 80.285692519922307, 13.129007053260372 ], [ 80.285695130185431, 13.12810365925 ], [ 80.286593420973475, 13.128106150779395 ], [ 80.286596030061972, 13.127201958526944 ], [ 80.286593428903132, 13.127201951317296 ], [ 80.286596028288542, 13.126301057508314 ], [ 80.28569253190993, 13.126298551860408 ], [ 80.28569512717047, 13.125400158193113 ], [ 80.284791627711613, 13.125397649533983 ], [ 80.284794226052142, 13.124499258877794 ], [ 80.283871679042903, 13.124496694231492 ], [ 80.283869062843991, 13.125400094095811 ] ] ] } },
{ "type": "Feature", "properties": { "hotspot_id": "HOT_0053", "cluster_area_m2": 39459.04, "cluster_perimeter_m": 795.68, "cluster_size_pixels": 4, "mean_lst": 40.33, "peak_lst": 40.56 }, "geometry": { "type": "Polygon", "coordinates": [ [ [ 80.291100525010208, 13.12630104899239 ], [ 80.290177970008656, 13.126298506601522 ], [ 80.290177962876697, 13.126300990958795 ], [ 80.289277070845358, 13.126298505075773 ], [ 80.289274471746808, 13.127202697920611 ], [ 80.289277059773312, 13.127202705066901 ], [ 80.289274469973734, 13.128103598704165 ], [ 80.290197031529132, 13.128106144676618 ], [ 80.290197038662356, 13.128103660161234 ], [ 80.291097934167738, 13.128106143150641 ], [ 80.291100526783055, 13.12720195001047 ], [ 80.291097942039002, 13.127201942891558 ], [ 80.291100525010208, 13.12630104899239 ] ] ] } },
{ "type": "Feature", "properties": { "hotspot_id": "HOT_0054", "cluster_area_m2": 137297.45, "cluster_perimeter_m": 1586.0, "cluster_size_pixels": 14, "mean_lst": 41.18, "peak_lst": 41.71 }, "geometry": { "type": "Polygon", "coordinates": [ [ [ 80.274862686327367, 13.120895612605059 ], [ 80.273961794602357, 13.120893074086053 ], [ 80.273959140631263, 13.121797264260907 ], [ 80.273961783339743, 13.121797271712607 ], [ 80.273959138856952, 13.122698165042625 ], [ 80.273961781753499, 13.122698172495326 ], [ 80.273959137082514, 13.123599065824333 ], [ 80.274862671900792, 13.123601612283162 ], [ 80.274860037763347, 13.124499968310698 ], [ 80.275782582949887, 13.124502565249854 ], [ 80.27578259037179, 13.124500030921929 ], [ 80.276683485589871, 13.124502563726113 ], [ 80.276686127927178, 13.123599139162996 ], [ 80.277584386643397, 13.123601661245713 ], [ 80.2775870277395, 13.122697470469758 ], [ 80.277584394687835, 13.122697463081895 ], [ 80.277587025965545, 13.12179656945006 ], [ 80.27758439310125, 13.121796562063192 ], [ 80.277587024191718, 13.120895668430357 ], [ 80.276664492088884, 13.120893078655937 ], [ 80.276664484688737, 13.120895609347246 ], [ 80.275763592926594, 13.120893077132532 ], [ 80.275763585508017, 13.120895610976092 ], [ 80.274862693764433, 13.120893075609231 ], [ 80.274862686327367, 13.120895612605059 ] ] ] } },
{ "type": "Feature", "properties": { "hotspot_id": "HOT_0055", "cluster_area_m2": 4140929.16, "cluster_perimeter_m": 20168.39, "cluster_size_pixels": 424, "mean_lst": 40.35, "peak_lst": 42.59 }, "geometry": { "type": "Polygon", "coordinates": [ [ [ 80.274862747446392, 13.08486034130123 ], [ 80.274860113950311, 13.085761234690974 ], [ 80.27486274586515, 13.085761242084123 ], [ 80.274860112181173, 13.086662135472862 ], [ 80.27486274428378, 13.086662142867011 ], [ 80.274860110411893, 13.087563036254748 ], [ 80.274862742702297, 13.087563043649899 ], [ 80.2748601086425, 13.088463937036636 ], [ 80.274862741120685, 13.088463944432785 ], [ 80.274860106872993, 13.089364837818518 ], [ 80.274862739538946, 13.089364845215671 ], [ 80.274860105103357, 13.090265738600403 ], [ 80.275763629750656, 13.090268275869512 ], [ 80.275761005784787, 13.091166641082806 ], [ 80.27576363555265, 13.091166648463576 ], [ 80.275761006265682, 13.0920667713835 ], [ 80.274862744441762, 13.092064248571559 ], [ 80.274860099793671, 13.092968440946041 ], [ 80.275763625000963, 13.092970978703264 ], [ 80.275761000475057, 13.093869343428764 ], [ 80.275763630805585, 13.093869350812527 ], [ 80.275760998704911, 13.09477024421075 ], [ 80.275763629222993, 13.094770251595511 ], [ 80.275760996934622, 13.095671144992727 ], [ 80.275763627640259, 13.09567115237849 ], [ 80.275760995164205, 13.096572045774707 ], [ 80.275763626057397, 13.096572053161466 ], [ 80.275760993393675, 13.097472946556685 ], [ 80.275763624474422, 13.097472953944441 ], [ 80.27576099387025, 13.098373078422645 ], [ 80.274881651430277, 13.098370607674161 ], [ 80.27488428006744, 13.09747224702255 ], [ 80.274881642435616, 13.097472239607407 ], [ 80.274884278296668, 13.096571346002571 ], [ 80.273961837366642, 13.096568751275793 ], [ 80.27396182993823, 13.096571287051288 ], [ 80.27306093820151, 13.096568749755658 ], [ 80.273058286037994, 13.097472941452505 ], [ 80.273060926944552, 13.097472948895527 ], [ 80.273058284266966, 13.098373842234153 ], [ 80.273980731730063, 13.098376440543394 ], [ 80.273980739159811, 13.098373904606076 ], [ 80.27486271630319, 13.098376385834689 ], [ 80.274860087399986, 13.099274746419136 ], [ 80.274862722131587, 13.099274753827293 ], [ 80.274860085628958, 13.100175647201 ], [ 80.274862720548356, 13.100175654610158 ], [ 80.274860083857789, 13.101076547982863 ], [ 80.275763610745173, 13.10107908720428 ], [ 80.275760984539104, 13.101977450466549 ], [ 80.275763616557668, 13.1019774578593 ], [ 80.275760982767807, 13.102878351248519 ], [ 80.275763614973926, 13.102878358642267 ], [ 80.275760980996395, 13.103779252030485 ], [ 80.276664505185423, 13.103781788573176 ], [ 80.276661881677896, 13.10468015451449 ], [ 80.277584353359131, 13.104682741157562 ], [ 80.277586988255024, 13.103779323251729 ], [ 80.278485254412601, 13.103781838679495 ], [ 80.278485261756387, 13.103779317511558 ], [ 80.279386157049558, 13.103781837157921 ], [ 80.279388785166987, 13.102878425671857 ], [ 80.280268103549517, 13.102880881769426 ], [ 80.28026549326222, 13.103779260539017 ], [ 80.281187962323088, 13.103781834114438 ], [ 80.281190583850375, 13.10287842888806 ], [ 80.282088863375648, 13.102880931636459 ], [ 80.282088870645254, 13.102878423221622 ], [ 80.282970801134852, 13.102880877374016 ], [ 80.282968200623117, 13.103779265642794 ], [ 80.283890670232537, 13.103781829548357 ], [ 80.283890677466701, 13.103779327269832 ], [ 80.284772597939551, 13.103781775386885 ], [ 80.284770003760585, 13.104680169827798 ], [ 80.285692477089611, 13.104682727459368 ], [ 80.285695082328019, 13.103779337724223 ], [ 80.286593378140992, 13.103781824981265 ], [ 80.286595979898408, 13.102878438534487 ], [ 80.287494279192146, 13.102880922503271 ], [ 80.287494286352697, 13.10287843297661 ], [ 80.288376196308036, 13.102880868580815 ], [ 80.288373615348007, 13.103779275847314 ], [ 80.289296086048395, 13.103781820413163 ], [ 80.289298677921195, 13.102878443356468 ], [ 80.290196987098852, 13.102880917935147 ], [ 80.290196994205175, 13.102878437852564 ], [ 80.291097889734189, 13.10288091641222 ], [ 80.291097896822478, 13.102878439477655 ], [ 80.291979793092025, 13.102880862716916 ], [ 80.291977225166889, 13.103779282648084 ], [ 80.291979798576548, 13.103779289715257 ], [ 80.291977223397438, 13.104680183432007 ], [ 80.29289969817556, 13.10468271527553 ], [ 80.292899705229772, 13.104680244321525 ], [ 80.293800600810798, 13.104682713752045 ], [ 80.293803176393681, 13.103779352189347 ], [ 80.294701501860089, 13.103781811273905 ], [ 80.294701508877452, 13.103779346774081 ], [ 80.295583388290154, 13.103781757794048 ], [ 80.295580833218651, 13.10468019023142 ], [ 80.295583393703239, 13.104680197227751 ], [ 80.295580831449541, 13.105581091015772 ], [ 80.296484284311305, 13.105583558212093 ], [ 80.296481734530957, 13.106481150489518 ], [ 80.295583399921142, 13.106478697114404 ], [ 80.295580830298988, 13.10738205310011 ], [ 80.29468249916826, 13.10737959643769 ], [ 80.294682492146464, 13.107382061724358 ], [ 80.293781600001921, 13.107379594913658 ], [ 80.29377902122971, 13.108283789968478 ], [ 80.293781589000105, 13.108283797004463 ], [ 80.293779019459848, 13.109184690752606 ], [ 80.294701511376886, 13.109187217001098 ], [ 80.294701518399933, 13.109184751557269 ], [ 80.295583378763325, 13.109187163448635 ], [ 80.295580822602133, 13.110085594937527 ], [ 80.29650331823477, 13.110088114906779 ], [ 80.296503325222915, 13.110085655604866 ], [ 80.297385175566546, 13.110088061456349 ], [ 80.297382625745186, 13.110986499122424 ], [ 80.297385180949348, 13.110986506089581 ], [ 80.297382623975423, 13.111887399906985 ], [ 80.298286071584883, 13.111889861873122 ], [ 80.298283524662409, 13.112788302391873 ], [ 80.298286076951314, 13.11278830934304 ], [ 80.298283522892518, 13.113689203176536 ], [ 80.29828607536318, 13.113689210128646 ], [ 80.298283521122514, 13.114590103961204 ], [ 80.298286073774904, 13.11459011091425 ], [ 80.298283519352367, 13.115491004745866 ], [ 80.298286072186499, 13.11549101169985 ], [ 80.298283519984579, 13.116391058312628 ], [ 80.29738518079445, 13.116388609487068 ], [ 80.297382613354245, 13.117292804614312 ], [ 80.297385169832268, 13.117292811588053 ], [ 80.2973826115836, 13.118193705398864 ], [ 80.297385168243622, 13.118193712373547 ], [ 80.297382609812828, 13.119094606183408 ], [ 80.298286058869692, 13.119097069409973 ], [ 80.298283510499743, 13.119995508669152 ], [ 80.298286064242646, 13.119995515627833 ], [ 80.298283508728844, 13.120896409453808 ], [ 80.298286062653503, 13.120896416413423 ], [ 80.298283506957816, 13.121797310238454 ], [ 80.299206046785272, 13.121799822734193 ], [ 80.299206053731993, 13.121797370849206 ], [ 80.300106949421931, 13.121799821207853 ], [ 80.300109507817538, 13.120895625867027 ], [ 80.299206061494971, 13.120893168732582 ], [ 80.299208604296098, 13.119995576203417 ], [ 80.300106946244242, 13.119998019300169 ], [ 80.300106953171266, 13.119995570879588 ], [ 80.301007848880559, 13.119998017773927 ], [ 80.30101040361987, 13.119093822132209 ], [ 80.300106960921823, 13.119091368481572 ], [ 80.300109500091509, 13.118193776213895 ], [ 80.30100784570314, 13.118196215866455 ], [ 80.301010400079164, 13.117292020098473 ], [ 80.300106957742045, 13.117289566761679 ], [ 80.300109498964886, 13.116391120782142 ], [ 80.300106949228635, 13.116391113854204 ], [ 80.300109497194725, 13.115490219765165 ], [ 80.300106947640003, 13.115490212838163 ], [ 80.300109495424707, 13.114589318748196 ], [ 80.299206050367019, 13.114586862713631 ], [ 80.299208594310215, 13.113688419431547 ], [ 80.299206041839071, 13.11368841248858 ], [ 80.29920859254031, 13.112787518414468 ], [ 80.299206040250922, 13.112787511472439 ], [ 80.299208590770561, 13.111886617397396 ], [ 80.299206038662888, 13.111886610456301 ], [ 80.299208589000926, 13.11098571638032 ], [ 80.29920603707501, 13.110985709440163 ], [ 80.299208587231405, 13.110084815363249 ], [ 80.298305139816392, 13.110082356946823 ], [ 80.298307683710732, 13.109184765013383 ], [ 80.299206024553683, 13.109187209378685 ], [ 80.29920858369276, 13.108283013329116 ], [ 80.299206032312071, 13.108283006391769 ], [ 80.299208581923622, 13.107382112312042 ], [ 80.299206030724662, 13.107382105375637 ], [ 80.299208580154612, 13.106481211294982 ], [ 80.299206029137395, 13.106481204359508 ], [ 80.299208578385745, 13.10558031027792 ], [ 80.298305131875296, 13.105577852648267 ], [ 80.298307677271112, 13.1046794109602 ], [ 80.297404227682222, 13.104676950321545 ], [ 80.297406776156265, 13.103778511642382 ], [ 80.296503323489389, 13.10377604799511 ], [ 80.296505872644659, 13.102878456211096 ], [ 80.297404208178364, 13.10288090574854 ], [ 80.297406772618928, 13.101976709607834 ], [ 80.296503320314784, 13.101974246276111 ], [ 80.296505871503882, 13.101075810289691 ], [ 80.295602416122691, 13.101073343950153 ], [ 80.295604970388595, 13.100174910971448 ], [ 80.294682511855243, 13.100172389659189 ], [ 80.294682504841049, 13.100174853687143 ], [ 80.293800609325828, 13.100172440158286 ], [ 80.293803169925965, 13.099274013352353 ], [ 80.293800600708309, 13.099274006317112 ], [ 80.293803168157382, 13.098373112334652 ], [ 80.293800599122861, 13.098373105300359 ], [ 80.29380316638894, 13.097472211316951 ], [ 80.292899701961844, 13.097469736114867 ], [ 80.292902265273014, 13.096571311998289 ], [ 80.291998797771043, 13.096568833790135 ], [ 80.29200136415686, 13.095670412679524 ], [ 80.291998789122147, 13.095670405612166 ], [ 80.292001360019782, 13.094770340996755 ], [ 80.292899680740987, 13.094772804773095 ], [ 80.292902259968471, 13.093868608944881 ], [ 80.292899688575233, 13.093868601897398 ], [ 80.292902258200542, 13.092967707927079 ], [ 80.292899686990637, 13.092967700880552 ], [ 80.29290225643274, 13.092066806909276 ], [ 80.292899685406198, 13.0920667998637 ], [ 80.292902254665051, 13.091165905891481 ], [ 80.292899683821858, 13.09116589884686 ], [ 80.292902252897491, 13.090265004873691 ], [ 80.291998786673105, 13.090262527777252 ], [ 80.292001351781408, 13.089364105554175 ], [ 80.291998778031768, 13.089364098493501 ], [ 80.292001350014004, 13.088463204536273 ], [ 80.29107893578005, 13.088460672558119 ], [ 80.291076351007817, 13.089364868406824 ], [ 80.29107892475696, 13.089364875476695 ], [ 80.291076351605, 13.090264942059569 ], [ 80.290196981464888, 13.090262524847569 ], [ 80.290199553083752, 13.089364108951067 ], [ 80.289277135860374, 13.089361570362257 ], [ 80.289277128749788, 13.089364051373092 ], [ 80.288395174671834, 13.089361621059643 ], [ 80.288397752617755, 13.088463211330076 ], [ 80.287475339107374, 13.088460666473607 ], [ 80.287475331961659, 13.088463153615876 ], [ 80.2865744399395, 13.088460664952763 ], [ 80.286574432775694, 13.088463155240039 ], [ 80.285673540771725, 13.088460663432027 ], [ 80.285673533589829, 13.08846315686432 ], [ 80.284772641604079, 13.088460661911405 ], [ 80.284772634404035, 13.088463158488715 ], [ 80.283871742436531, 13.088460660390901 ], [ 80.283871735218341, 13.088463160113218 ], [ 80.282970843269112, 13.088460658870506 ], [ 80.282970836032732, 13.08846316173784 ], [ 80.282069944101806, 13.088460657350222 ], [ 80.282069936847222, 13.088463163362578 ], [ 80.281187952251202, 13.088460708488771 ], [ 80.28119055605103, 13.087562323903857 ], [ 80.280287048063059, 13.087559806167402 ], [ 80.280289654931977, 13.086661424584065 ], [ 80.280287039191151, 13.08666141729088 ], [ 80.280289653163422, 13.085760523564758 ], [ 80.279386142292381, 13.085758002988696 ], [ 80.279388752044142, 13.084859624244752 ], [ 80.278485238104992, 13.084857100667987 ], [ 80.278487850924634, 13.083958724924649 ], [ 80.278485229200101, 13.083958717597886 ], [ 80.278487849156221, 13.083057823905126 ], [ 80.277565457753838, 13.083055244679302 ], [ 80.277565450413888, 13.08305776544951 ], [ 80.276664558586504, 13.08305524316035 ], [ 80.276661924650782, 13.083958660726426 ], [ 80.275782528708262, 13.083956195422029 ], [ 80.275785151101942, 13.083057829003401 ], [ 80.275782519749882, 13.083057821622653 ], [ 80.275785149333302, 13.082156927983551 ], [ 80.274862761832551, 13.082154339277913 ], [ 80.274860119256957, 13.083058532345293 ], [ 80.274862750608477, 13.083058539735442 ], [ 80.274860117488203, 13.083959433127188 ], [ 80.274862749027506, 13.083959440518333 ], [ 80.274860115719321, 13.084860333909081 ], [ 80.274862747446392, 13.08486034130123 ] ], [ [ 80.291977250528419, 13.092066742461705 ], [ 80.291097887239033, 13.092064328030119 ], [ 80.291100453603903, 13.091166736199456 ], [ 80.291979813710483, 13.09116915045983 ], [ 80.291977250528419, 13.092066742461705 ] ], [ [ 80.292001374173395, 13.101977547379759 ], [ 80.292880693875162, 13.101979960307986 ], [ 80.292878131762251, 13.102877552902433 ], [ 80.291998808875093, 13.102875139803217 ], [ 80.292001374173395, 13.101977547379759 ] ] ] } },
{ "type": "Feature", "properties": { "hotspot_id": "HOT_0056", "cluster_area_m2": 166723.84, "cluster_perimeter_m": 1785.86, "cluster_size_pixels": 17, "mean_lst": 41.11, "peak_lst": 41.77 }, "geometry": { "type": "Polygon", "coordinates": [ [ [ 80.273961799835263, 13.113688406179978 ], [ 80.273060908119874, 13.113685865805079 ], [ 80.27305825236715, 13.11459005630357 ], [ 80.273060896850879, 13.11459006376572 ], [ 80.273058250593735, 13.115490957085186 ], [ 80.273060895265758, 13.115490964548341 ], [ 80.273058248820206, 13.116391857866804 ], [ 80.273060893680508, 13.116391865330968 ], [ 80.273058247046549, 13.117292758648414 ], [ 80.273060892095131, 13.117292766113589 ], [ 80.27305824527275, 13.118193659430034 ], [ 80.273980766571086, 13.118196261598026 ], [ 80.273980774022945, 13.11819372209778 ], [ 80.274881669210487, 13.118196260075276 ], [ 80.274881676643872, 13.118193723726488 ], [ 80.275782571849774, 13.118196258552411 ], [ 80.275785216166767, 13.117292831978565 ], [ 80.276683472903585, 13.117295356072757 ], [ 80.276686115977341, 13.116391165035324 ], [ 80.276683480957018, 13.116391157636022 ], [ 80.276686114204153, 13.115490264015525 ], [ 80.275782584156516, 13.115487725427776 ], [ 80.275785213083637, 13.11458936469907 ], [ 80.275782575158786, 13.114589357283329 ], [ 80.275785211310577, 13.113688463679162 ], [ 80.274862706445759, 13.11368586884959 ], [ 80.274862699016737, 13.113688404551635 ], [ 80.27396180728276, 13.113685867327279 ], [ 80.273961799835263, 13.113688406179978 ] ] ] } },
{ "type": "Feature", "properties": { "hotspot_id": "HOT_0057", "cluster_area_m2": 78649.29, "cluster_perimeter_m": 1190.85, "cluster_size_pixels": 8, "mean_lst": 41.27, "peak_lst": 41.94 }, "geometry": { "type": "Polygon", "coordinates": [ [ [ 80.284772594074084, 13.115487687294767 ], [ 80.284772586844795, 13.115490188658715 ], [ 80.283871694910047, 13.115487685770994 ], [ 80.28387168766254, 13.115490190285993 ], [ 80.282970795746152, 13.115487684247338 ], [ 80.282968175823044, 13.116391876602322 ], [ 80.282970784601517, 13.11639188386428 ], [ 80.282968174050666, 13.117292777385131 ], [ 80.283871674941054, 13.117295291007027 ], [ 80.283869074733886, 13.118193679870716 ], [ 80.284791598236268, 13.118196243317577 ], [ 80.284791605467831, 13.118193741634757 ], [ 80.285692500874305, 13.118196241793472 ], [ 80.285695111215446, 13.117292049024611 ], [ 80.285692508811536, 13.117292041807463 ], [ 80.285695109443296, 13.116391148005896 ], [ 80.285692507224638, 13.116391140789721 ], [ 80.285695107671273, 13.115490246987186 ], [ 80.284772594074084, 13.115487687294767 ] ] ] } },
{ "type": "Feature", "properties": { "hotspot_id": "HOT_0058", "cluster_area_m2": 68919.02, "cluster_perimeter_m": 1190.82, "cluster_size_pixels": 7, "mean_lst": 41.14, "peak_lst": 41.71 }, "geometry": { "type": "Polygon", "coordinates": [ [ [ 80.293781585720566, 13.115487702538676 ], [ 80.293781578672267, 13.115490172392242 ], [ 80.292880686555392, 13.115487701013778 ], [ 80.292878102839794, 13.116391895324274 ], [ 80.292880675536566, 13.116391902386802 ], [ 80.292878101068695, 13.117292796108279 ], [ 80.29288067394863, 13.117292803171763 ], [ 80.292878099297482, 13.118193696892284 ], [ 80.293800624611322, 13.118196228071463 ], [ 80.293800631661838, 13.118193757903052 ], [ 80.294701527248208, 13.11819622654623 ], [ 80.294701534280733, 13.118193759529255 ], [ 80.29560242988498, 13.118196225020887 ], [ 80.29560500401341, 13.117292030303998 ], [ 80.294701542100711, 13.117289557951873 ], [ 80.294704102897725, 13.116391130987687 ], [ 80.29470153348062, 13.116391123952345 ], [ 80.294704101126868, 13.115490229970058 ], [ 80.293781585720566, 13.115487702538676 ] ] ] } },
{ "type": "Feature", "properties": { "hotspot_id": "HOT_0059", "cluster_area_m2": 19766.49, "cluster_perimeter_m": 595.89, "cluster_size_pixels": 2, "mean_lst": 38.59, "peak_lst": 38.71 }, "geometry": { "type": "Polygon", "coordinates": [ [ [ 80.257764509547016, 13.11279088323445 ], [ 80.257767220784459, 13.111886695723225 ], [ 80.256844726371966, 13.111884036739216 ], [ 80.25684471857123, 13.111886635123051 ], [ 80.255943827211027, 13.111884035219378 ], [ 80.255941109314008, 13.112788222355279 ], [ 80.256863606906165, 13.112790884754403 ], [ 80.256863614707243, 13.112788286370741 ], [ 80.257764509547016, 13.11279088323445 ] ] ] } },
{ "type": "Feature", "properties": { "hotspot_id": "HOT_0060", "cluster_area_m2": 10000.0, "cluster_perimeter_m": 400.0, "cluster_size_pixels": 1, "mean_lst": 40.0, "peak_lst": 40.0 }, "geometry": { "type": "Polygon", "coordinates": [ [ [ 80.261349223760973, 13.110983143496801 ], [ 80.262271715759454, 13.110985786176522 ], [ 80.262269021166901, 13.111889974674551 ], [ 80.261346525799738, 13.111887331806305 ], [ 80.261349223760973, 13.110983143496801 ] ] ] } },
{ "type": "Feature", "properties": { "hotspot_id": "HOT_0061", "cluster_area_m2": 88650.35, "cluster_perimeter_m": 1584.31, "cluster_size_pixels": 9, "mean_lst": 41.09, "peak_lst": 41.94 }, "geometry": { "type": "Polygon", "coordinates": [ [ [ 80.279364582449162, 13.109183884053287 ], [ 80.278466311022996, 13.10918137071309 ], [ 80.278463678215928, 13.11008478666758 ], [ 80.277565410274491, 13.110082270036132 ], [ 80.277562771728341, 13.110986461691642 ], [ 80.277565399065097, 13.110986469057583 ], [ 80.27756276995602, 13.111887362473809 ], [ 80.278485268670465, 13.111889947287871 ], [ 80.27848527602319, 13.1118874246714 ], [ 80.279386171308474, 13.111889945765318 ], [ 80.279388801115545, 13.110986532841444 ], [ 80.280287072361418, 13.110989043286395 ], [ 80.280289698683774, 13.110085633653688 ], [ 80.281187973414134, 13.110088140807571 ], [ 80.281190598534437, 13.10918394836521 ], [ 80.280287086093949, 13.109181426753988 ], [ 80.280289697415157, 13.108283049047987 ], [ 80.279367211771714, 13.108280471389948 ], [ 80.279364582449162, 13.109183884053287 ] ] ] } },
{ "type": "Feature", "properties": { "hotspot_id": "HOT_0062", "cluster_area_m2": 19963.83, "cluster_perimeter_m": 599.91, "cluster_size_pixels": 2, "mean_lst": 40.94, "peak_lst": 41.71 }, "geometry": { "type": "Polygon", "coordinates": [ [ [ 80.189298864487995, 13.109184122559919 ], [ 80.188376395185273, 13.109181219049304 ], [ 80.188373431125441, 13.110085391810134 ], [ 80.188376382855552, 13.110085401106723 ], [ 80.188373429341695, 13.110986292581543 ], [ 80.189295905369093, 13.110989196495154 ], [ 80.189298866271614, 13.110085023590255 ], [ 80.189295914540821, 13.11008501430423 ], [ 80.189298864487995, 13.109184122559919 ] ] ] } },
{ "type": "Feature", "properties": { "hotspot_id": "HOT_0063", "cluster_area_m2": 78885.56, "cluster_perimeter_m": 1390.22, "cluster_size_pixels": 8, "mean_lst": 40.92, "peak_lst": 41.28 }, "geometry": { "type": "Polygon", "coordinates": [ [ [ 80.243331248449451, 13.106478608906688 ], [ 80.24333124036896, 13.106481253532086 ], [ 80.242430349289521, 13.106478607389191 ], [ 80.242427583214308, 13.107382792091961 ], [ 80.24243033763895, 13.107382800187745 ], [ 80.242427583407604, 13.108283049086802 ], [ 80.241529446970816, 13.108280407553622 ], [ 80.241526677212178, 13.109184591940986 ], [ 80.241529435307584, 13.109184600058237 ], [ 80.241526675435423, 13.110085492718806 ], [ 80.242449159896751, 13.11008820617587 ], [ 80.242451924515322, 13.109184665210137 ], [ 80.243350060959216, 13.109187303697325 ], [ 80.243350069042265, 13.109184658734531 ], [ 80.244250963601317, 13.109187302179498 ], [ 80.244253723412697, 13.108283117220743 ], [ 80.244250972069366, 13.108283109152973 ], [ 80.24425372163644, 13.107382216197049 ], [ 80.244250970489091, 13.107382208130364 ], [ 80.244253719860311, 13.106481315173349 ], [ 80.243331248449451, 13.106478608906688 ] ] ] } },
{ "type": "Feature", "properties": { "hotspot_id": "HOT_0064", "cluster_area_m2": 176532.66, "cluster_perimeter_m": 2177.17, "cluster_size_pixels": 18, "mean_lst": 41.59, "peak_lst": 43.75 }, "geometry": { "type": "Polygon", "coordinates": [ [ [ 80.258646535922452, 13.101075819762441 ], [ 80.257745644510251, 13.101073228144839 ], [ 80.257742935509143, 13.101977416408729 ], [ 80.257745633056615, 13.101977424174057 ], [ 80.257742933735514, 13.102878317188525 ], [ 80.257745631475217, 13.102878324954903 ], [ 80.257742931961758, 13.103779217968318 ], [ 80.257745629893705, 13.103779225735742 ], [ 80.257742930187888, 13.104680118748105 ], [ 80.257745628312065, 13.10468012651658 ], [ 80.257742928413876, 13.105581019527895 ], [ 80.258665399533271, 13.105583674043377 ], [ 80.258665407288191, 13.10558108328318 ], [ 80.259566302172956, 13.105583672524064 ], [ 80.259566309909047, 13.105581084912536 ], [ 80.260467204812542, 13.105583671004643 ], [ 80.260467212529818, 13.105581086541772 ], [ 80.261368107452014, 13.105583669485103 ], [ 80.261370801861119, 13.104680195079476 ], [ 80.262269008509634, 13.104682767007006 ], [ 80.262269016188313, 13.104680189006034 ], [ 80.263169911148779, 13.104682765487352 ], [ 80.263172600919205, 13.103778576300622 ], [ 80.262250135579919, 13.103775938269957 ], [ 80.262250127901609, 13.103778516271097 ], [ 80.261368121813049, 13.103775990857232 ], [ 80.261370800444496, 13.102877678686546 ], [ 80.260448338836014, 13.102875034387813 ], [ 80.260448331121182, 13.102877618520896 ], [ 80.259566315012393, 13.102875087075081 ], [ 80.259568999968991, 13.101976781072485 ], [ 80.259566305697433, 13.101976773335641 ], [ 80.259568998195618, 13.101075880050647 ], [ 80.258646543672839, 13.1010732296636 ], [ 80.258646535922452, 13.101075819762441 ] ] ] } },
{ "type": "Feature", "properties": { "hotspot_id": "HOT_0065", "cluster_area_m2": 322799.72, "cluster_perimeter_m": 2766.5, "cluster_size_pixels": 33, "mean_lst": 40.0, "peak_lst": 42.17 }, "geometry": { "type": "Polygon", "coordinates": [ [ [ 80.262250137395469, 13.098373110223259 ], [ 80.261349245904157, 13.098370531690723 ], [ 80.261349238213327, 13.098373111851625 ], [ 80.260448346740901, 13.09837053017195 ], [ 80.260445648179783, 13.099274719179894 ], [ 80.260448335323289, 13.099274726885627 ], [ 80.260445646406879, 13.100175619960019 ], [ 80.261349225224009, 13.100178209676935 ], [ 80.261346547084486, 13.101076522443655 ], [ 80.261349231334833, 13.101076530132698 ], [ 80.26134654531144, 13.101977423223881 ], [ 80.262250121251768, 13.101980010105942 ], [ 80.262247445989289, 13.102878325707726 ], [ 80.263169907985471, 13.102880963570659 ], [ 80.263169915643331, 13.102878389046893 ], [ 80.264070810624247, 13.102880962051112 ], [ 80.264070818263377, 13.102878390675405 ], [ 80.264971713262909, 13.102880960531454 ], [ 80.264971720883352, 13.102878392303795 ], [ 80.265872615901444, 13.102880959011676 ], [ 80.265875293256784, 13.101977500743471 ], [ 80.26677351695794, 13.101980056533876 ], [ 80.266776190827031, 13.10107660155753 ], [ 80.267674418014209, 13.10107915405618 ], [ 80.267677090580804, 13.100174963700262 ], [ 80.266773531131179, 13.10017239621347 ], [ 80.266776189458128, 13.099274064382021 ], [ 80.265872626940279, 13.099271493893745 ], [ 80.265875288335224, 13.098373165063675 ], [ 80.265872617760294, 13.098373157462142 ], [ 80.265875286563173, 13.097472264042603 ], [ 80.2649528441396, 13.097469636923234 ], [ 80.264952836524657, 13.097472204331142 ], [ 80.264051944975748, 13.097469635404117 ], [ 80.264051937342131, 13.097472205959079 ], [ 80.263151045812023, 13.097469633885117 ], [ 80.263148359452302, 13.098373100946546 ], [ 80.262250145067568, 13.098370533209609 ], [ 80.262250137395469, 13.098373110223259 ] ] ] } },
{ "type": "Feature", "properties": { "hotspot_id": "HOT_0066", "cluster_area_m2": 29730.69, "cluster_perimeter_m": 795.28, "cluster_size_pixels": 3, "mean_lst": 38.91, "peak_lst": 39.15 }, "geometry": { "type": "Polygon", "coordinates": [ [ [ 80.146956567653945, 13.095670687687164 ], [ 80.14603415863138, 13.095667635716525 ], [ 80.146031043276651, 13.096571799651398 ], [ 80.146034145786928, 13.096571809922883 ], [ 80.146031041489309, 13.097472700417716 ], [ 80.146953457228832, 13.097475752812384 ], [ 80.146953467484892, 13.09747277332171 ], [ 80.147854359881663, 13.097475751308041 ], [ 80.147857468807416, 13.096571587005387 ], [ 80.146953477185463, 13.096568598971313 ], [ 80.146956567653945, 13.095670687687164 ] ] ] } },
{ "type": "Feature", "properties": { "hotspot_id": "HOT_0067", "cluster_area_m2": 59034.09, "cluster_perimeter_m": 1383.24, "cluster_size_pixels": 6, "mean_lst": 40.69, "peak_lst": 41.88 }, "geometry": { "type": "Polygon", "coordinates": [ [ [ 80.154142257242171, 13.092064045936404 ], [ 80.154139173441507, 13.092967890254878 ], [ 80.153241356525797, 13.09296494526202 ], [ 80.15324134642681, 13.092967901968203 ], [ 80.152340457375544, 13.092964943757433 ], [ 80.152340447255042, 13.092967903609809 ], [ 80.151439558225391, 13.092964942252962 ], [ 80.151439548083374, 13.092967905251529 ], [ 80.150538659075366, 13.092964940748601 ], [ 80.150535560814475, 13.093869105935696 ], [ 80.15145796422793, 13.093872141402105 ], [ 80.151457974370445, 13.093869178403732 ], [ 80.152358866879695, 13.093872139897632 ], [ 80.152358877000694, 13.093869180045452 ], [ 80.153259769531374, 13.093872138393047 ], [ 80.153259779630872, 13.093869181687056 ], [ 80.154160672182911, 13.093872136888349 ], [ 80.154160682260937, 13.093869183328541 ], [ 80.155061574834363, 13.093872135383533 ], [ 80.155064656589389, 13.092967969134071 ], [ 80.155061584431508, 13.092967959073215 ], [ 80.155064654803724, 13.092067068099638 ], [ 80.154142257242171, 13.092064045936404 ] ] ] } },
{ "type": "Feature", "properties": { "hotspot_id": "HOT_0068", "cluster_area_m2": 108120.6, "cluster_perimeter_m": 1585.83, "cluster_size_pixels": 11, "mean_lst": 39.59, "peak_lst": 40.6 }, "geometry": { "type": "Polygon", "coordinates": [ [ [ 80.146935068735914, 13.08936133141453 ], [ 80.146935058491451, 13.089364309382702 ], [ 80.146034169585988, 13.089361329911167 ], [ 80.146031055784462, 13.090265494287111 ], [ 80.146034156746552, 13.09026550454888 ], [ 80.146031053998016, 13.091166395053445 ], [ 80.146034155181269, 13.091166405316601 ], [ 80.146031052211441, 13.092067295819771 ], [ 80.146034153615844, 13.092067306084317 ], [ 80.146031050424739, 13.092968196586101 ], [ 80.146953449402233, 13.092971247950386 ], [ 80.146953459651357, 13.092968269411372 ], [ 80.147854352054466, 13.092971246446583 ], [ 80.14785745884663, 13.092067380503224 ], [ 80.148755253141417, 13.092070343970478 ], [ 80.14875835641584, 13.091166481339965 ], [ 80.149656154228126, 13.091169441494481 ], [ 80.149659255034194, 13.090265276325702 ], [ 80.148736865471179, 13.090262235251247 ], [ 80.148736855268581, 13.090265207118579 ], [ 80.147854368835155, 13.090262294516247 ], [ 80.147857454514195, 13.089364378722935 ], [ 80.146935068735914, 13.08936133141453 ] ] ] } },
{ "type": "Feature", "properties": { "hotspot_id": "HOT_0069", "cluster_area_m2": 147543.85, "cluster_perimeter_m": 2180.0, "cluster_size_pixels": 15, "mean_lst": 40.13, "peak_lst": 40.67 }, "geometry": { "type": "Polygon", "coordinates": [ [ [ 80.267655562537556, 13.081255981314429 ], [ 80.266754670911908, 13.081253424771537 ], [ 80.266751998980553, 13.08215761626345 ], [ 80.266754659586041, 13.082157623818837 ], [ 80.266751999396803, 13.083057777398986 ], [ 80.26585376858749, 13.083055224941702 ], [ 80.265851092991966, 13.083959416124515 ], [ 80.266773485345524, 13.083962037375093 ], [ 80.266773492907163, 13.083959478879175 ], [ 80.267655548060489, 13.083961982416886 ], [ 80.267652896120467, 13.084860320306968 ], [ 80.268556445675301, 13.084862881900436 ], [ 80.268553796800092, 13.085761222788756 ], [ 80.268556451620597, 13.08576123031111 ], [ 80.26855379503013, 13.086662123569884 ], [ 80.269476197992461, 13.086664735694505 ], [ 80.269478860947004, 13.085760543965124 ], [ 80.269476206125958, 13.085760536452259 ], [ 80.26947885917717, 13.084859642944512 ], [ 80.269476204545526, 13.084859635432661 ], [ 80.269478855200958, 13.08395949126801 ], [ 80.270377095888236, 13.083962031303557 ], [ 80.270379754990245, 13.083057839202976 ], [ 80.269476208890509, 13.083055284328864 ], [ 80.269478853868449, 13.082156939882687 ], [ 80.269476199805013, 13.082156932373882 ], [ 80.269478852099112, 13.081256038862078 ], [ 80.268556469244629, 13.081253427806637 ], [ 80.268556461722511, 13.081255979688608 ], [ 80.267655570078219, 13.081253426289027 ], [ 80.267655562537556, 13.081255981314429 ] ] ] } },
{ "type": "Feature", "properties": { "hotspot_id": "HOT_0070", "cluster_area_m2": 245134.77, "cluster_perimeter_m": 2575.65, "cluster_size_pixels": 25, "mean_lst": 38.6, "peak_lst": 40.55 }, "geometry": { "type": "Polygon", "coordinates": [ [ [ 80.163151270680657, 13.079451449349097 ], [ 80.16314822168016, 13.080355618427895 ], [ 80.163151258060637, 13.080355628267593 ], [ 80.163148221105885, 13.081256160841406 ], [ 80.162250368396641, 13.08125324950743 ], [ 80.162250358528794, 13.081256172321584 ], [ 80.161349469243717, 13.081253248003128 ], [ 80.161346413243194, 13.08215741653772 ], [ 80.162250345895501, 13.082160350928801 ], [ 80.162247313895506, 13.083058319019583 ], [ 80.162250354197781, 13.083058328884485 ], [ 80.162247312112143, 13.083959219787884 ], [ 80.163169681459991, 13.083962211160099 ], [ 80.163169691309761, 13.083959291116194 ], [ 80.164052141130625, 13.083962149938861 ], [ 80.164049115200797, 13.084860123983617 ], [ 80.164052149392688, 13.084860133808776 ], [ 80.164049113417434, 13.085761024752134 ], [ 80.164971489890348, 13.085764010091005 ], [ 80.164971499700414, 13.085761095962331 ], [ 80.165872392539356, 13.085764008585816 ], [ 80.165875431680973, 13.084860206610662 ], [ 80.166773293621716, 13.084863106110481 ], [ 80.16677633049855, 13.08395893650785 ], [ 80.166773303066265, 13.083958926737157 ], [ 80.16677632871567, 13.083058035474844 ], [ 80.166773301499404, 13.083058025705473 ], [ 80.166776326932933, 13.082157134441843 ], [ 80.16587240707976, 13.082154215939694 ], [ 80.165875425784492, 13.081256235121835 ], [ 80.165872395729025, 13.081256225333975 ], [ 80.165875424001868, 13.080355334088727 ], [ 80.164971501328353, 13.080352412796918 ], [ 80.164974522853228, 13.079454434768508 ], [ 80.164052169834051, 13.079451450853407 ], [ 80.164052160011281, 13.079454367007321 ], [ 80.163151270680657, 13.079451449349097 ] ] ] } },
{ "type": "Feature", "properties": { "hotspot_id": "HOT_0071", "cluster_area_m2": 39462.7, "cluster_perimeter_m": 795.76, "cluster_size_pixels": 4, "mean_lst": 37.95, "peak_lst": 38.21 }, "geometry": { "type": "Polygon", "coordinates": [ [ [ 80.26317255839794, 13.082156951787313 ], [ 80.262250173503517, 13.082154318029088 ], [ 80.262250165850077, 13.082156892079704 ], [ 80.261349274338002, 13.082154316512161 ], [ 80.261346582518655, 13.083058506838709 ], [ 80.261349262943298, 13.083058514506984 ], [ 80.261346580748139, 13.083959407618972 ], [ 80.262268972164563, 13.08396204496198 ], [ 80.262268979819396, 13.083959470746894 ], [ 80.263169874800994, 13.083962043444822 ], [ 80.263172560168215, 13.083057852808679 ], [ 80.263169883014584, 13.083057845168669 ], [ 80.26317255839794, 13.082156951787313 ] ] ] } },
{ "type": "Feature", "properties": { "hotspot_id": "HOT_0072", "cluster_area_m2": 59192.94, "cluster_perimeter_m": 1190.39, "cluster_size_pixels": 6, "mean_lst": 37.29, "peak_lst": 38.12 }, "geometry": { "type": "Polygon", "coordinates": [ [ [ 80.257745680833025, 13.08035250875999 ], [ 80.257742976267721, 13.081256698473029 ], [ 80.257745669394168, 13.081256706214244 ], [ 80.257742974497006, 13.082157599252858 ], [ 80.257745667815641, 13.08215760699512 ], [ 80.257742972726149, 13.08305850003269 ], [ 80.258665360039487, 13.083061150070517 ], [ 80.258665367768245, 13.083058563445523 ], [ 80.259566262676245, 13.083061148553924 ], [ 80.25956627038623, 13.083058565072566 ], [ 80.260467165312889, 13.083061147037215 ], [ 80.260469860337423, 13.082156956890977 ], [ 80.259566278645252, 13.082154367397026 ], [ 80.259568959213084, 13.081256057570618 ], [ 80.258665374459284, 13.08125346508074 ], [ 80.258668058088531, 13.080355158250162 ], [ 80.257745680833025, 13.08035250875999 ] ] ] } },
{ "type": "Feature", "properties": { "hotspot_id": "HOT_0073", "cluster_area_m2": 528682.45, "cluster_perimeter_m": 4551.51, "cluster_size_pixels": 54, "mean_lst": 41.47, "peak_lst": 43.49 }, "geometry": { "type": "Polygon", "coordinates": [ [ [ 80.285673569237872, 13.072244448201067 ], [ 80.285670968098827, 13.073148644117097 ], [ 80.285673558157498, 13.073148651277771 ], [ 80.285670966332859, 13.074049544900317 ], [ 80.28659332591387, 13.0740520934479 ], [ 80.286593333061532, 13.074049605867378 ], [ 80.287475347809121, 13.074052039858886 ], [ 80.287472769467826, 13.074950449077853 ], [ 80.288376245426093, 13.074952939339493 ], [ 80.288373670152652, 13.075851351558388 ], [ 80.288376250957228, 13.075851358667842 ], [ 80.288373668386654, 13.076752252341926 ], [ 80.288376249375489, 13.076752259452343 ], [ 80.288373666620529, 13.077653153125466 ], [ 80.289277139877029, 13.077655640706283 ], [ 80.289274567305569, 13.078554055606315 ], [ 80.28927714539256, 13.078554062700656 ], [ 80.289274565539301, 13.079454956389958 ], [ 80.289277143810324, 13.079454963485258 ], [ 80.289274563772906, 13.080355857173599 ], [ 80.289277142227974, 13.080355864269862 ], [ 80.289274562006398, 13.08125675795724 ], [ 80.289277140645495, 13.081256765054464 ], [ 80.289274560239761, 13.082157658740874 ], [ 80.290196950675835, 13.082160195967566 ], [ 80.290196957760102, 13.082157719527665 ], [ 80.291097853308472, 13.082160194447141 ], [ 80.291097860374762, 13.082157721150629 ], [ 80.291998755940995, 13.082160192926594 ], [ 80.291998762989337, 13.08215772277349 ], [ 80.292899658573418, 13.082160191405944 ], [ 80.292899665603812, 13.082157724396227 ], [ 80.293800561205714, 13.082160189885172 ], [ 80.293803134578525, 13.08125599299864 ], [ 80.293800569023105, 13.081255985982398 ], [ 80.293803130423612, 13.080355931439938 ], [ 80.294701460672627, 13.080358386455094 ], [ 80.294704030396275, 13.079454189266444 ], [ 80.294701468477626, 13.079454182269988 ], [ 80.294704028630591, 13.078553288248894 ], [ 80.293781650698165, 13.078550767804018 ], [ 80.293781643688817, 13.078553231197684 ], [ 80.2928996686814, 13.078550818074751 ], [ 80.292902228165033, 13.077652390624735 ], [ 80.291998764495617, 13.07764991575209 ], [ 80.292001327049093, 13.076751491303719 ], [ 80.291097860310103, 13.076749013429714 ], [ 80.29110042593291, 13.075850591982602 ], [ 80.291097851667132, 13.075850584918307 ], [ 80.291100424167269, 13.074949690964621 ], [ 80.291097850085279, 13.074949683901282 ], [ 80.291100422401755, 13.074048789946639 ], [ 80.291097848503554, 13.074048782884256 ], [ 80.291100418262985, 13.073148720243806 ], [ 80.291998740123177, 13.073151183377261 ], [ 80.292001318222106, 13.072246986214353 ], [ 80.291078964258872, 13.072244457315412 ], [ 80.291078957202473, 13.072246929029909 ], [ 80.290178065088426, 13.072244455796071 ], [ 80.290178058014064, 13.072246930651959 ], [ 80.28927716591808, 13.072244454276847 ], [ 80.289277158825755, 13.072246932274123 ], [ 80.288376266747861, 13.072244452757731 ], [ 80.288376259637531, 13.0722469338964 ], [ 80.287494241988654, 13.072244503284612 ], [ 80.287496819700408, 13.071346093678684 ], [ 80.286574469988139, 13.071343548873589 ], [ 80.286571874656403, 13.072246929999647 ], [ 80.285673569237872, 13.072244448201067 ] ] ] } },
{ "type": "Feature", "properties": { "hotspot_id": "HOT_0074", "cluster_area_m2": 49463.88, "cluster_perimeter_m": 1189.87, "cluster_size_pixels": 5, "mean_lst": 38.44, "peak_lst": 39.12 }, "geometry": { "type": "Polygon", "coordinates": [ [ [ 80.172181712435062, 13.07675171797149 ], [ 80.171259367763966, 13.076748760394889 ], [ 80.171259358113787, 13.076751650848703 ], [ 80.170358468609322, 13.076748758890007 ], [ 80.17035544780272, 13.077652543836813 ], [ 80.169457567888912, 13.077649658217359 ], [ 80.169454542294929, 13.078553828879009 ], [ 80.169457555348401, 13.078553838568284 ], [ 80.169454540513144, 13.079454729648191 ], [ 80.1703768948163, 13.079457694270948 ], [ 80.170379915977307, 13.078553909198515 ], [ 80.171277795897552, 13.078556791796339 ], [ 80.171280813550922, 13.077653010029406 ], [ 80.172178696978591, 13.07765588932183 ], [ 80.172181712435062, 13.07675171797149 ] ] ] } },
{ "type": "Feature", "properties": { "hotspot_id": "HOT_0075", "cluster_area_m2": 254676.66, "cluster_perimeter_m": 2572.37, "cluster_size_pixels": 26, "mean_lst": 38.36, "peak_lst": 39.3 }, "geometry": { "type": "Polygon", "coordinates": [ [ [ 80.16495307015137, 13.073148058242948 ], [ 80.164052180789369, 13.07314514503312 ], [ 80.164052170975907, 13.073148059881046 ], [ 80.163151281635152, 13.073145143529581 ], [ 80.163148234156552, 13.074049313048951 ], [ 80.163151269020076, 13.074049322879326 ], [ 80.163148232374581, 13.074950213817374 ], [ 80.163151267454808, 13.074950223649077 ], [ 80.163148230592512, 13.075851114585797 ], [ 80.163151265889425, 13.075851124418833 ], [ 80.163148228810286, 13.076752015354222 ], [ 80.164052153670781, 13.076754942287547 ], [ 80.164049130684603, 13.077652555156716 ], [ 80.163151273811138, 13.077649647686366 ], [ 80.163148225245479, 13.078553816891063 ], [ 80.164070574715296, 13.078556803833134 ], [ 80.164070584535892, 13.078553888052534 ], [ 80.16497147736348, 13.078556802328928 ], [ 80.164974518057065, 13.077652998710885 ], [ 80.165872378446139, 13.077655899854452 ], [ 80.165872388223107, 13.077652990545529 ], [ 80.166773281093967, 13.07765589835013 ], [ 80.166773290849846, 13.077652992183763 ], [ 80.167674183741696, 13.077655896845696 ], [ 80.167674193476472, 13.077652993821875 ], [ 80.168575086389296, 13.077655895341145 ], [ 80.168578114971538, 13.07675172481928 ], [ 80.167674202905303, 13.076748813768461 ], [ 80.167677213823609, 13.075850825498625 ], [ 80.167674191605244, 13.075850815760917 ], [ 80.167677212041994, 13.074949924465741 ], [ 80.167674190039392, 13.074949914729352 ], [ 80.167677210260507, 13.074049023432861 ], [ 80.166773295588897, 13.07404610978006 ], [ 80.166776309112379, 13.073148124111892 ], [ 80.165853979098145, 13.073145148040552 ], [ 80.165853969326932, 13.073148056604971 ], [ 80.1649530799437, 13.073145146536781 ], [ 80.16495307015137, 13.073148058242948 ] ] ] } },
{ "type": "Feature", "properties": { "hotspot_id": "HOT_0076", "cluster_area_m2": 323524.16, "cluster_perimeter_m": 3365.76, "cluster_size_pixels": 33, "mean_lst": 38.8, "peak_lst": 39.96 }, "geometry": { "type": "Polygon", "coordinates": [ [ [ 80.241529514777014, 13.069541671396774 ], [ 80.241526753492465, 13.070445858493045 ], [ 80.241529503141905, 13.070445866563221 ], [ 80.241526751721153, 13.071346759270936 ], [ 80.241529501566987, 13.071346767342209 ], [ 80.241526749949713, 13.072247660048829 ], [ 80.242430391109934, 13.072250310986158 ], [ 80.242427650622744, 13.073148562529216 ], [ 80.243331288728427, 13.073151210476121 ], [ 80.243328551296017, 13.074049465009702 ], [ 80.244250902078875, 13.074052164713681 ], [ 80.244250910100277, 13.074049529477037 ], [ 80.245133085541596, 13.074052108507319 ], [ 80.245130354414684, 13.074950369192672 ], [ 80.245133091968185, 13.07495037719173 ], [ 80.245130352643201, 13.075851269970993 ], [ 80.245133090392173, 13.075851277971138 ], [ 80.245130350871605, 13.076752170749312 ], [ 80.246033980004995, 13.076754809892103 ], [ 80.246031251545517, 13.07765307323022 ], [ 80.246953616293439, 13.077655764013752 ], [ 80.246956359387795, 13.076751576284517 ], [ 80.246953624712731, 13.076751568312151 ], [ 80.246956357616327, 13.075850675261204 ], [ 80.246953623136463, 13.075850667289918 ], [ 80.246956355844972, 13.07494977423789 ], [ 80.246953621560337, 13.074949766267682 ], [ 80.246956352044307, 13.074049542329663 ], [ 80.247854512627853, 13.07405215865821 ], [ 80.247854520572929, 13.07404953598814 ], [ 80.248755415264824, 13.07405215714406 ], [ 80.248758151015537, 13.073147968787525 ], [ 80.248755423659375, 13.073147960857554 ], [ 80.248758149244793, 13.072247067764438 ], [ 80.247854527401529, 13.072244439015849 ], [ 80.247857248117541, 13.071346168442943 ], [ 80.246934906616417, 13.071343482158927 ], [ 80.246934898654828, 13.07134610763465 ], [ 80.246034007451456, 13.071343480645224 ], [ 80.246033999470797, 13.071346109262182 ], [ 80.245151818005723, 13.071343533786148 ], [ 80.245154548276005, 13.070445272524891 ], [ 80.244232210696623, 13.070442576777017 ], [ 80.244232202678845, 13.070445211507774 ], [ 80.24335001121645, 13.070442630015863 ], [ 80.243352747790425, 13.06954437490514 ], [ 80.242430413941634, 13.069541672909693 ], [ 80.242430405886694, 13.069544313753443 ], [ 80.241529514777014, 13.069541671396774 ] ] ] } },
{ "type": "Feature", "properties": { "hotspot_id": "HOT_0077", "cluster_area_m2": 392108.58, "cluster_perimeter_m": 3764.67, "cluster_size_pixels": 40, "mean_lst": 40.18, "peak_lst": 42.01 }, "geometry": { "type": "Polygon", "coordinates": [ [ [ 80.268556486609896, 13.071343518521678 ], [ 80.268553823334244, 13.072247711071631 ], [ 80.268556475313787, 13.072247718578726 ], [ 80.268553823771811, 13.07314786311451 ], [ 80.267655584286231, 13.073145318693205 ], [ 80.267652917349949, 13.074049510934584 ], [ 80.267655572977475, 13.074049518462227 ], [ 80.267652917779102, 13.074949666733795 ], [ 80.266754681962652, 13.074947118864415 ], [ 80.266752011364801, 13.075851310796983 ], [ 80.267655562285682, 13.075853873907478 ], [ 80.267652912044284, 13.076752213277702 ], [ 80.267655568240684, 13.076752220808407 ], [ 80.267652910275473, 13.077653114058736 ], [ 80.268575279562938, 13.077655727635273 ], [ 80.26857528708031, 13.077653176569662 ], [ 80.269476182197721, 13.077655726118099 ], [ 80.269476189696604, 13.077653178194902 ], [ 80.270377084832418, 13.077655724600804 ], [ 80.270377092312799, 13.077653179820029 ], [ 80.271277987466988, 13.077655723083401 ], [ 80.271280639736105, 13.076752288115996 ], [ 80.272178888522305, 13.076754820608555 ], [ 80.272181539545329, 13.075850627640463 ], [ 80.272178896616722, 13.075850620194165 ], [ 80.272181537777243, 13.074949726620197 ], [ 80.272178895037314, 13.074949719174908 ], [ 80.272181536009285, 13.074048825599926 ], [ 80.271277998293911, 13.074046278685616 ], [ 80.271280634888043, 13.073147926278567 ], [ 80.271277989256518, 13.073147918816861 ], [ 80.271280630893202, 13.07224778413697 ], [ 80.272178880628488, 13.072250315821877 ], [ 80.272181528471705, 13.071346884946992 ], [ 80.273079781683606, 13.071349413347667 ], [ 80.273082428292327, 13.070445219820421 ], [ 80.27217889457809, 13.070442676719654 ], [ 80.272181527171355, 13.06954432049862 ], [ 80.272178885563548, 13.06954431305938 ], [ 80.27218152540415, 13.068643419478368 ], [ 80.272178883985021, 13.068643412040135 ], [ 80.272181523637073, 13.067742518458113 ], [ 80.271259190426022, 13.067739919694008 ], [ 80.271259182974532, 13.067742459706004 ], [ 80.270358291257494, 13.067739918177693 ], [ 80.270355635300277, 13.068644111344067 ], [ 80.270358279986667, 13.068644118810159 ], [ 80.270355633532958, 13.069545012125444 ], [ 80.270358278408267, 13.06954501959255 ], [ 80.270355631765511, 13.070445912906818 ], [ 80.270358276829739, 13.070445920374935 ], [ 80.270355632218553, 13.071346057889563 ], [ 80.269457385777727, 13.071343520038203 ], [ 80.269457378285281, 13.071346066983262 ], [ 80.268556486609896, 13.071343518521678 ] ] ] } },
{ "type": "Feature", "properties": { "hotspot_id": "HOT_0078", "cluster_area_m2": 78693.4, "cluster_perimeter_m": 1385.78, "cluster_size_pixels": 8, "mean_lst": 37.96, "peak_lst": 38.67 }, "geometry": { "type": "Polygon", "coordinates": [ [ [ 80.236124113496643, 13.073145265682234 ], [ 80.236124105302565, 13.073147929193915 ], [ 80.235223214333274, 13.073145264169668 ], [ 80.23522042929666, 13.074049449683249 ], [ 80.235223202616382, 13.074049457892686 ], [ 80.235220427524041, 13.074950350460371 ], [ 80.23612409202056, 13.074953024037061 ], [ 80.236121328195424, 13.075851252941103 ], [ 80.237043684123918, 13.075853978742371 ], [ 80.237043692301256, 13.075851318031942 ], [ 80.237944586762481, 13.075853977229354 ], [ 80.237944594920521, 13.075851319660984 ], [ 80.23884548940093, 13.075853975716226 ], [ 80.238848261633294, 13.074949789562245 ], [ 80.237944603453954, 13.074947125534942 ], [ 80.237947360503469, 13.074048890241114 ], [ 80.237043699270401, 13.074046223223853 ], [ 80.237046459373417, 13.07314799091988 ], [ 80.236124113496643, 13.073145265682234 ] ] ] } },
{ "type": "Feature", "properties": { "hotspot_id": "HOT_0079", "cluster_area_m2": 10000.0, "cluster_perimeter_m": 400.0, "cluster_size_pixels": 1, "mean_lst": 39.12, "peak_lst": 39.12 }, "geometry": { "type": "Polygon", "coordinates": [ [ [ 80.263151085295291, 13.074947112798602 ], [ 80.264073443594569, 13.074949741916294 ], [ 80.264070763231189, 13.075853933302865 ], [ 80.263148401573275, 13.075851303997137 ], [ 80.263151085295291, 13.074947112798602 ] ] ] } },
{ "type": "Feature", "properties": { "hotspot_id": "HOT_0080", "cluster_area_m2": 235013.37, "cluster_perimeter_m": 2567.93, "cluster_size_pixels": 24, "mean_lst": 39.63, "peak_lst": 40.76 }, "geometry": { "type": "Polygon", "coordinates": [ [ [ 80.263151096336614, 13.068640806894647 ], [ 80.263148413954582, 13.069544998533631 ], [ 80.263151084974226, 13.069545006149047 ], [ 80.263148414350823, 13.070445169734146 ], [ 80.262250194015422, 13.070442607065853 ], [ 80.262247510127608, 13.071346072347843 ], [ 80.261349293271408, 13.071343506393546 ], [ 80.261349285611729, 13.07134608160956 ], [ 80.260448394104628, 13.071343504878037 ], [ 80.260445701308015, 13.072247695775385 ], [ 80.2613680490159, 13.072250334016818 ], [ 80.261368056675948, 13.072247758800971 ], [ 80.262268951650924, 13.072250332501195 ], [ 80.2622689592923, 13.072247760426567 ], [ 80.26316985428582, 13.072250330985458 ], [ 80.263169861908551, 13.072247762052047 ], [ 80.264070756920617, 13.072250329469604 ], [ 80.264070764524689, 13.072247763677417 ], [ 80.264971659555272, 13.072250327953645 ], [ 80.264971667140756, 13.072247765302675 ], [ 80.265872562189827, 13.072250326437569 ], [ 80.265872569756723, 13.072247766927816 ], [ 80.266773464824254, 13.072250324921381 ], [ 80.266776132390106, 13.071346875310685 ], [ 80.267674365880779, 13.071349422447188 ], [ 80.267677032168777, 13.070445230012872 ], [ 80.267674374030904, 13.070445222480263 ], [ 80.267677030400861, 13.06954432899207 ], [ 80.267674372452845, 13.069544321460478 ], [ 80.267677028633059, 13.068643427971274 ], [ 80.266754693007258, 13.06864081295741 ], [ 80.266754685462345, 13.068643368835117 ], [ 80.26587257319332, 13.068640864783227 ], [ 80.26587522815592, 13.067742530348204 ], [ 80.264952896248772, 13.067739909082174 ], [ 80.264950222796429, 13.068643364507569 ], [ 80.26405199550409, 13.068640808410176 ], [ 80.264051987903457, 13.068643373709721 ], [ 80.263151096336614, 13.068640806894647 ] ] ] } },
{ "type": "Feature", "properties": { "hotspot_id": "HOT_0081", "cluster_area_m2": 10000.0, "cluster_perimeter_m": 400.0, "cluster_size_pixels": 1, "mean_lst": 38.01, "peak_lst": 38.01 }, "geometry": { "type": "Polygon", "coordinates": [ [ [ 80.237925918119643, 13.069541665346208 ], [ 80.2388482510015, 13.069544383416535 ], [ 80.238845479955515, 13.070448569948049 ], [ 80.2379231437166, 13.070445851683246 ], [ 80.237925918119643, 13.069541665346208 ] ] ] } },
{ "type": "Feature", "properties": { "hotspot_id": "HOT_0082", "cluster_area_m2": 78501.36, "cluster_perimeter_m": 1382.64, "cluster_size_pixels": 8, "mean_lst": 38.91, "peak_lst": 40.84 }, "geometry": { "type": "Polygon", "coordinates": [ [ [ 80.164953089329813, 13.06773974154741 ], [ 80.164953079545455, 13.067742652135243 ], [ 80.164052190174786, 13.067739740044402 ], [ 80.164052180369282, 13.067742653772784 ], [ 80.163151291019858, 13.06773973854151 ], [ 80.163151281193208, 13.067742655410433 ], [ 80.162250391865072, 13.06773973703873 ], [ 80.162247342411774, 13.068643906726541 ], [ 80.163151268581672, 13.068646835129465 ], [ 80.16314824306447, 13.069544809206793 ], [ 80.164070559069117, 13.069547794129239 ], [ 80.164070568876411, 13.069544880214455 ], [ 80.164971461716121, 13.069547792626125 ], [ 80.164971471502312, 13.069544881852082 ], [ 80.165872364363025, 13.069547791122895 ], [ 80.165872374128099, 13.069544883489595 ], [ 80.166773267009802, 13.069547789619554 ], [ 80.166776300206848, 13.068643618946975 ], [ 80.165872383575604, 13.068640703255628 ], [ 80.16587539905855, 13.067742719625361 ], [ 80.164953089329813, 13.06773974154741 ] ] ] } },
{ "type": "Feature", "properties": { "hotspot_id": "HOT_0083", "cluster_area_m2": 29731.95, "cluster_perimeter_m": 795.21, "cluster_size_pixels": 3, "mean_lst": 37.91, "peak_lst": 38.24 }, "geometry": { "type": "Polygon", "coordinates": [ [ [ 80.237944574170527, 13.068646769537562 ], [ 80.237947348100221, 13.067742583070372 ], [ 80.237025022102571, 13.067739862153326 ], [ 80.237025013934456, 13.067742521501549 ], [ 80.236124122938392, 13.067739860641296 ], [ 80.236121342373011, 13.06864404672319 ], [ 80.236124111236748, 13.068644054906635 ], [ 80.236121340601258, 13.069544947500439 ], [ 80.237043673106342, 13.0695476720113 ], [ 80.237046448565735, 13.068644119875227 ], [ 80.237944574170527, 13.068646769537562 ] ] ] } },
{ "type": "Feature", "properties": { "hotspot_id": "HOT_0084", "cluster_area_m2": 49463.15, "cluster_perimeter_m": 1189.82, "cluster_size_pixels": 5, "mean_lst": 38.69, "peak_lst": 39.36 }, "geometry": { "type": "Polygon", "coordinates": [ [ [ 80.258646605229231, 13.065938096790129 ], [ 80.258643909158579, 13.066841573739586 ], [ 80.257745704486197, 13.066838996118371 ], [ 80.257743002813413, 13.067743186775354 ], [ 80.257745693056989, 13.06774319450086 ], [ 80.257743001044588, 13.06864408755521 ], [ 80.258665334804434, 13.068646734727107 ], [ 80.258668031183419, 13.0677432576719 ], [ 80.259566235863062, 13.067745832253381 ], [ 80.259566243555327, 13.067743251581472 ], [ 80.260467138497717, 13.067745830738529 ], [ 80.26046983025627, 13.066841639522423 ], [ 80.259566251807669, 13.066839052853799 ], [ 80.259568929132101, 13.065940740200242 ], [ 80.258646605229231, 13.065938096790129 ] ] ] } },
{ "type": "Feature", "properties": { "hotspot_id": "HOT_0085", "cluster_area_m2": 10000.0, "cluster_perimeter_m": 400.0, "cluster_size_pixels": 1, "mean_lst": 36.93, "peak_lst": 36.93 }, "geometry": { "type": "Polygon", "coordinates": [ [ [ 80.244232216994334, 13.066838973412498 ], [ 80.245154541193429, 13.06684166843082 ], [ 80.245151793693083, 13.06774585647573 ], [ 80.244229466137668, 13.067743161264541 ], [ 80.244232216994334, 13.066838973412498 ] ] ] } },
{ "type": "Feature", "properties": { "hotspot_id": "HOT_0086", "cluster_area_m2": 998430.17, "cluster_perimeter_m": 7913.17, "cluster_size_pixels": 102, "mean_lst": 40.03, "peak_lst": 40.74 }, "geometry": { "type": "Polygon", "coordinates": [ [ [ 80.268556506861046, 13.05422970293499 ], [ 80.268553856903409, 13.055130596229402 ], [ 80.269457396992564, 13.055133149242023 ], [ 80.269454757583588, 13.056031498707656 ], [ 80.269457402889856, 13.056031506178016 ], [ 80.269454755817918, 13.05693239948895 ], [ 80.269457401313318, 13.056932406960323 ], [ 80.269454756273305, 13.057832544402238 ], [ 80.268556510265469, 13.057830005860833 ], [ 80.268553849840004, 13.058734199354136 ], [ 80.268556498978896, 13.058734206845987 ], [ 80.268553850287049, 13.059634348019733 ], [ 80.267674362618365, 13.059631859140696 ], [ 80.267677009195722, 13.058733516742588 ], [ 80.267674353525791, 13.058733509223234 ], [ 80.267677007429441, 13.057832615721809 ], [ 80.266754711926637, 13.057830002831388 ], [ 80.266754704393975, 13.057832556744883 ], [ 80.265853812757399, 13.057830001316836 ], [ 80.265851142502143, 13.058734194261291 ], [ 80.266754693084167, 13.058736757401157 ], [ 80.266752043181597, 13.059635096739978 ], [ 80.267655590705672, 13.059637656887658 ], [ 80.26765294386125, 13.060535999218764 ], [ 80.267655596644587, 13.060536006731127 ], [ 80.267652942094713, 13.061436899999833 ], [ 80.267655595067652, 13.061436907513215 ], [ 80.267652942532735, 13.062337052644088 ], [ 80.266773464748823, 13.062334560249957 ], [ 80.266776115139805, 13.061436221502987 ], [ 80.265872560567956, 13.061433657934396 ], [ 80.265875214017299, 13.06053532218014 ], [ 80.26495290886082, 13.060532702333212 ], [ 80.264950236940166, 13.06143615645415 ], [ 80.264052008116195, 13.061433601662065 ], [ 80.26404933054306, 13.062337793988029 ], [ 80.264952888375831, 13.062340364102504 ], [ 80.264950231222002, 13.063238696467147 ], [ 80.264952894373366, 13.063238704038163 ], [ 80.264950229454726, 13.064139597247884 ], [ 80.26587254799621, 13.064142217814556 ], [ 80.265872555553884, 13.064139659779672 ], [ 80.266754683616767, 13.064142163075172 ], [ 80.266752032580541, 13.065040501425708 ], [ 80.267674354839656, 13.065043115741927 ], [ 80.267677017592419, 13.064139670553422 ], [ 80.268575255895996, 13.064142213268585 ], [ 80.268575263398134, 13.064139664651918 ], [ 80.269457381212632, 13.06414215869596 ], [ 80.269454739921187, 13.0650405065205 ], [ 80.270358278832646, 13.065043058181319 ], [ 80.27035564060148, 13.065941408999924 ], [ 80.270358284721155, 13.065941416462982 ], [ 80.270355638834545, 13.066842309781308 ], [ 80.271277968526974, 13.066844911594005 ], [ 80.271277975976773, 13.066842371907518 ], [ 80.272178871160008, 13.066844910077792 ], [ 80.272181520103288, 13.065940716417611 ], [ 80.272178879250205, 13.065940708982396 ], [ 80.272181518336595, 13.065039815397359 ], [ 80.272178877672175, 13.065039807963155 ], [ 80.272181516570029, 13.064138914377111 ], [ 80.272178876094273, 13.064138906943914 ], [ 80.272181514803563, 13.063238013356868 ], [ 80.272178874516499, 13.063238005924681 ], [ 80.272181510797836, 13.062337876988073 ], [ 80.273079765905408, 13.062340403775208 ], [ 80.273082410625861, 13.061436209619005 ], [ 80.273079773982062, 13.061436202207211 ], [ 80.273082408859906, 13.060535308598874 ], [ 80.273079772404543, 13.060535301188082 ], [ 80.273082404846292, 13.059635176204965 ], [ 80.273980663806256, 13.059637699387858 ], [ 80.273983304683412, 13.05873350486168 ], [ 80.273980671870163, 13.058733497471247 ], [ 80.273983300662337, 13.057833376217294 ], [ 80.274881563284183, 13.05783589595808 ], [ 80.274884198244862, 13.056932477025342 ], [ 80.275782464338747, 13.056934993485559 ], [ 80.27578509809787, 13.056030798408745 ], [ 80.274881577123352, 13.056028267390049 ], [ 80.27488419471382, 13.05513067543302 ], [ 80.275782461185386, 13.055133191571663 ], [ 80.275785094568306, 13.054228996369154 ], [ 80.274862810761661, 13.054226413088266 ], [ 80.274862803398676, 13.054228938110436 ], [ 80.273980671366189, 13.054226464216615 ], [ 80.27398329409256, 13.053328098741593 ], [ 80.273079767187326, 13.053325561900476 ], [ 80.273082390720276, 13.052427969837129 ], [ 80.273980651194748, 13.052430491730536 ], [ 80.273983290563294, 13.05152629670158 ], [ 80.273061017148294, 13.051523707524403 ], [ 80.273061009751686, 13.051526238334423 ], [ 80.272160117977421, 13.051523706009819 ], [ 80.272160110562481, 13.051526239956624 ], [ 80.271259218806676, 13.05152370449535 ], [ 80.271256571774146, 13.052427135156492 ], [ 80.270358318060516, 13.052424603825235 ], [ 80.27035831060779, 13.052427144208524 ], [ 80.269457418890113, 13.052424602310881 ], [ 80.269457411418969, 13.05242714583116 ], [ 80.268556519719837, 13.052424600796641 ], [ 80.268553860434366, 13.053328794667028 ], [ 80.268556508437101, 13.053328802152787 ], [ 80.268553858668952, 13.054229695448219 ], [ 80.268556506861046, 13.05422970293499 ] ] ] } },
{ "type": "Feature", "properties": { "hotspot_id": "HOT_0087", "cluster_area_m2": 10000.0, "cluster_perimeter_m": 400.0, "cluster_size_pixels": 1, "mean_lst": 36.71, "peak_lst": 36.71 }, "geometry": { "type": "Polygon", "coordinates": [ [ [ 80.23612412923039, 13.064136257280722 ], [ 80.237046441656489, 13.064138980674915 ], [ 80.237043665240392, 13.065043167203317 ], [ 80.23612134945877, 13.065040443614194 ], [ 80.23612412923039, 13.064136257280722 ] ] ] } },
{ "type": "Feature", "properties": { "hotspot_id": "HOT_0088", "cluster_area_m2": 489903.26, "cluster_perimeter_m": 4164.91, "cluster_size_pixels": 50, "mean_lst": 42.7, "peak_lst": 45.62 }, "geometry": { "type": "Polygon", "coordinates": [ [ [ 80.281166489389904, 13.056031520759287 ], [ 80.281169092257286, 13.05603152799195 ], [ 80.28116648762574, 13.05693242154199 ], [ 80.281169090679228, 13.056932428775632 ], [ 80.281166485861462, 13.057833322324695 ], [ 80.281169089101056, 13.057833329559319 ], [ 80.281166484097042, 13.058734223107399 ], [ 80.281169087522727, 13.058734230343001 ], [ 80.281166482332509, 13.0596351238901 ], [ 80.282069977904015, 13.059637633528849 ], [ 80.282067383015885, 13.06053602636884 ], [ 80.282069983548084, 13.060536033588269 ], [ 80.282067381251224, 13.061436927151645 ], [ 80.282069981969286, 13.06143693437205 ], [ 80.282067379486421, 13.062337827934451 ], [ 80.282069980390347, 13.062337835155835 ], [ 80.282067377721503, 13.06323872871725 ], [ 80.282970870784879, 13.063241235844021 ], [ 80.28296827840505, 13.064139631196415 ], [ 80.28389060064211, 13.064142187488939 ], [ 80.283890607833314, 13.064139692241973 ], [ 80.284772667605139, 13.06414213386541 ], [ 80.2847700815378, 13.065040535371924 ], [ 80.285692407483353, 13.065043085409625 ], [ 80.285692414639385, 13.065040596281966 ], [ 80.286593310114313, 13.065043083891824 ], [ 80.286593317252311, 13.065040597903753 ], [ 80.287494212745187, 13.065043082373913 ], [ 80.287494219865167, 13.065040599525421 ], [ 80.288395115375934, 13.065043080855888 ], [ 80.288397704932649, 13.064138883835652 ], [ 80.288395123256166, 13.064138876729928 ], [ 80.288397703168286, 13.063237982817363 ], [ 80.287494226175795, 13.063235494700686 ], [ 80.287496802051336, 13.062337083494656 ], [ 80.287494217477658, 13.062337076372859 ], [ 80.28749680028713, 13.061436182476262 ], [ 80.286593320413843, 13.061433691522534 ], [ 80.286595899169967, 13.060535283153344 ], [ 80.286593311700003, 13.060535276015466 ], [ 80.286595897405888, 13.059634382134842 ], [ 80.28659331012085, 13.059634374997932 ], [ 80.286595895641938, 13.058733481116343 ], [ 80.286593308541839, 13.058733473980404 ], [ 80.286595893878115, 13.05783258009785 ], [ 80.28569241149313, 13.057830086628543 ], [ 80.285694992760739, 13.056931680774504 ], [ 80.284772696913663, 13.056929132300157 ], [ 80.284772689747655, 13.056931623290208 ], [ 80.283871797741995, 13.056929130783459 ], [ 80.283869195534308, 13.057832518736951 ], [ 80.282970896992538, 13.057830030112649 ], [ 80.282970889789411, 13.057832527538732 ], [ 80.282088801090154, 13.057830080785644 ], [ 80.282091395344935, 13.056931687556222 ], [ 80.282088792290921, 13.056931680331861 ], [ 80.282091393580771, 13.056030786537184 ], [ 80.282088790712862, 13.056030779313804 ], [ 80.282091391816749, 13.055129885518149 ], [ 80.282088789134917, 13.05512987829575 ], [ 80.282091390052841, 13.054228984499117 ], [ 80.281169104960028, 13.054226423697362 ], [ 80.281166491153925, 13.055130619976579 ], [ 80.281169093835231, 13.055130627208257 ], [ 80.281166489389904, 13.056031520759287 ] ] ] } },
{ "type": "Feature", "properties": { "hotspot_id": "HOT_0089", "cluster_area_m2": 10000.0, "cluster_perimeter_m": 400.0, "cluster_size_pixels": 1, "mean_lst": 37.03, "peak_lst": 37.03 }, "geometry": { "type": "Polygon", "coordinates": [ [ [ 80.25324121967715, 13.060532682651493 ], [ 80.25416352238237, 13.060535344265009 ], [ 80.254160809027454, 13.061439534623393 ], [ 80.253238502967648, 13.061436872819318 ], [ 80.25324121967715, 13.060532682651493 ] ] ] } },
{ "type": "Feature", "properties": { "hotspot_id": "HOT_0090", "cluster_area_m2": 39464.51, "cluster_perimeter_m": 795.78, "cluster_size_pixels": 4, "mean_lst": 41.36, "peak_lst": 41.98 }, "geometry": { "type": "Polygon", "coordinates": [ [ [ 80.2622716130589, 13.058733526930599 ], [ 80.261349315337682, 13.058730894588924 ], [ 80.261349307692512, 13.058733467496534 ], [ 80.26044841616924, 13.058730893074937 ], [ 80.260445726062301, 13.05963508485277 ], [ 80.260448404779851, 13.059635092512746 ], [ 80.260445724294968, 13.060535985632969 ], [ 80.261368028524885, 13.060538621554223 ], [ 80.261368036171447, 13.060536048481875 ], [ 80.262268931158374, 13.060538620040012 ], [ 80.262271614826005, 13.059634427952034 ], [ 80.262268939373385, 13.059634420320256 ], [ 80.2622716130589, 13.058733526930599 ] ] ] } },
{ "type": "Feature", "properties": { "hotspot_id": "HOT_0091", "cluster_area_m2": 39464.44, "cluster_perimeter_m": 795.75, "cluster_size_pixels": 4, "mean_lst": 40.38, "peak_lst": 40.58 }, "geometry": { "type": "Polygon", "coordinates": [ [ [ 80.277586900337454, 13.057832597055473 ], [ 80.276664602795861, 13.057830019498926 ], [ 80.276664595465448, 13.057832538892294 ], [ 80.275763703625358, 13.057830017983129 ], [ 80.27576106941271, 13.058734212930119 ], [ 80.275763692429734, 13.058734220274996 ], [ 80.275761067647466, 13.059635113712167 ], [ 80.276683371701225, 13.059637694840479 ], [ 80.27668337903296, 13.05963517528579 ], [ 80.277584274332639, 13.059637693324463 ], [ 80.277586902102442, 13.058733498075055 ], [ 80.277584282350105, 13.058733490757788 ], [ 80.277586900337454, 13.057832597055473 ] ] ] } },
{ "type": "Feature", "properties": { "hotspot_id": "HOT_0092", "cluster_area_m2": 19963.8, "cluster_perimeter_m": 599.92, "cluster_size_pixels": 2, "mean_lst": 41.04, "peak_lst": 41.65 }, "geometry": { "type": "Polygon", "coordinates": [ [ [ 80.181190663400699, 13.055130076110233 ], [ 80.180268396894178, 13.055127155448339 ], [ 80.180265416004048, 13.056031330154367 ], [ 80.180268384505183, 13.056031339561017 ], [ 80.180265414226838, 13.05693223092489 ], [ 80.181187687427823, 13.056935151993811 ], [ 80.181190665177795, 13.05603097714145 ], [ 80.181187696675977, 13.056030967745377 ], [ 80.181190663400699, 13.055130076110233 ] ] ] } },
{ "type": "Feature", "properties": { "hotspot_id": "HOT_0093", "cluster_area_m2": 10000.0, "cluster_perimeter_m": 400.0, "cluster_size_pixels": 1, "mean_lst": 40.03, "peak_lst": 40.03 }, "geometry": { "type": "Polygon", "coordinates": [ [ [ 80.258646622556952, 13.056028187518779 ], [ 80.25956890968736, 13.056030828960846 ], [ 80.259566216957836, 13.056935020746712 ], [ 80.258643926474093, 13.056932379115469 ], [ 80.258646622556952, 13.056028187518779 ] ] ] } },
{ "type": "Feature", "properties": { "hotspot_id": "HOT_0094", "cluster_area_m2": 10000.0, "cluster_perimeter_m": 400.0, "cluster_size_pixels": 1, "mean_lst": 40.33, "peak_lst": 40.33 }, "geometry": { "type": "Polygon", "coordinates": [ [ [ 80.276664605949918, 13.056028217808898 ], [ 80.277586896807847, 13.05603079501631 ], [ 80.277584269600979, 13.056934990454286 ], [ 80.276661975389672, 13.056932413062293 ], [ 80.276664605949918, 13.056028217808898 ] ] ] } },
{ "type": "Feature", "properties": { "hotspot_id": "HOT_0095", "cluster_area_m2": 68930.4, "cluster_perimeter_m": 1190.44, "cluster_size_pixels": 7, "mean_lst": 39.0, "peak_lst": 39.52 }, "geometry": { "type": "Polygon", "coordinates": [ [ [ 80.250538547346054, 13.046118264642642 ], [ 80.250535825995527, 13.047021766025901 ], [ 80.249637646605265, 13.04701916397326 ], [ 80.249634919710275, 13.047923354336163 ], [ 80.249637635088305, 13.047923362207928 ], [ 80.249634917943169, 13.048824255115075 ], [ 80.250557176462536, 13.048826927235982 ], [ 80.250557184320741, 13.048824318675583 ], [ 80.251458079095869, 13.048826925724541 ], [ 80.251458086935173, 13.048824320300147 ], [ 80.252358981729103, 13.048826924212987 ], [ 80.252361698919913, 13.047922733347669 ], [ 80.252358990066242, 13.047922725523332 ], [ 80.252361697153177, 13.047021832325056 ], [ 80.251458093709388, 13.047019220923703 ], [ 80.251460796027104, 13.046120933000557 ], [ 80.250538547346054, 13.046118264642642 ] ] ] } },
{ "type": "Feature", "properties": { "hotspot_id": "HOT_0096", "cluster_area_m2": 59465.69, "cluster_perimeter_m": 1585.63, "cluster_size_pixels": 6, "mean_lst": 37.9, "peak_lst": 38.9 }, "geometry": { "type": "Polygon", "coordinates": [ [ [ 80.267676966839957, 13.037111892244335 ], [ 80.266754748138567, 13.037109283424121 ], [ 80.266752087751712, 13.038012727074014 ], [ 80.265853847393672, 13.03801018275573 ], [ 80.265853839865017, 13.038012736200983 ], [ 80.264952948221975, 13.038010181243683 ], [ 80.264952940674817, 13.038012737822713 ], [ 80.264052049050392, 13.038010179731749 ], [ 80.264049376447403, 13.038914373691114 ], [ 80.264052037721129, 13.038914381252956 ], [ 80.264049374683424, 13.03981527447179 ], [ 80.264052036147646, 13.039815282034661 ], [ 80.264049372919331, 13.040716175252456 ], [ 80.264971604418776, 13.04071879441482 ], [ 80.26497427405522, 13.039814600393219 ], [ 80.264971612590443, 13.039814592839825 ], [ 80.264974270094527, 13.038914443471732 ], [ 80.265872503902941, 13.038916990986175 ], [ 80.265872511431965, 13.038914437541091 ], [ 80.266773406533034, 13.038916989474018 ], [ 80.266776067033533, 13.038013545882746 ], [ 80.267674307589829, 13.038016087003763 ], [ 80.267676966839957, 13.037111892244335 ] ] ] } },
{ "type": "Feature", "properties": { "hotspot_id": "HOT_0097", "cluster_area_m2": 10000.0, "cluster_perimeter_m": 400.0, "cluster_size_pixels": 1, "mean_lst": 40.35, "peak_lst": 40.35 }, "geometry": { "type": "Polygon", "coordinates": [ [ [ 80.169457642910189, 13.034406418278117 ], [ 80.170379830114314, 13.034409372866703 ], [ 80.170376818222849, 13.035313546756997 ], [ 80.169454627671712, 13.035310591956483 ], [ 80.169457642910189, 13.034406418278117 ] ] ] } },
{ "type": "Feature", "properties": { "hotspot_id": "HOT_0098", "cluster_area_m2": 108595.3, "cluster_perimeter_m": 1985.76, "cluster_size_pixels": 11, "mean_lst": 41.18, "peak_lst": 42.08 }, "geometry": { "type": "Polygon", "coordinates": [ [ [ 80.173959161117068, 13.024499791252094 ], [ 80.173962144986433, 13.024499800758814 ], [ 80.173959159343454, 13.025400692021922 ], [ 80.173962143426621, 13.02540070152993 ], [ 80.173959157569712, 13.026301592791732 ], [ 80.174881315830049, 13.026304529565014 ], [ 80.174881325323256, 13.026301662183139 ], [ 80.175763930740004, 13.026304469920753 ], [ 80.175760960656007, 13.027202496972157 ], [ 80.175763938652423, 13.027202506441292 ], [ 80.17576095888225, 13.028103397742189 ], [ 80.175763937092, 13.028103407212608 ], [ 80.175760957108366, 13.029004298512222 ], [ 80.176683125789467, 13.029007229473375 ], [ 80.176683135245113, 13.029004367801907 ], [ 80.177584028429578, 13.02900722797358 ], [ 80.177587012662471, 13.028103051994359 ], [ 80.177584037709465, 13.028103042555221 ], [ 80.177587010888828, 13.027202150962758 ], [ 80.177584036148943, 13.027202141524905 ], [ 80.1775870091153, 13.026301249931159 ], [ 80.176664850236804, 13.02629832278271 ], [ 80.176664840784184, 13.026301184086543 ], [ 80.175782238804487, 13.026298379428226 ], [ 80.175785208598469, 13.025400352309488 ], [ 80.175782227771336, 13.025400342832818 ], [ 80.175785206824969, 13.024499451277679 ], [ 80.174881333074154, 13.024496576288845 ], [ 80.174884305679456, 13.023598551950784 ], [ 80.173962157429074, 13.023595615787061 ], [ 80.173959161117068, 13.024499791252094 ] ] ] } },
{ "type": "Feature", "properties": { "hotspot_id": "HOT_0099", "cluster_area_m2": 1173628.39, "cluster_perimeter_m": 8107.75, "cluster_size_pixels": 120, "mean_lst": 40.23, "peak_lst": 42.08 }, "geometry": { "type": "Polygon", "coordinates": [ [ [ 80.198283544456402, 13.015490829520889 ], [ 80.198286438325766, 13.015490838463572 ], [ 80.198283542687193, 13.016391730293664 ], [ 80.19828643676405, 13.016391739237564 ], [ 80.198283540917856, 13.017292631066432 ], [ 80.19828643520222, 13.017292640011553 ], [ 80.198283539148392, 13.018193531839206 ], [ 80.198286433640263, 13.018193540785541 ], [ 80.198283537378813, 13.019094432611977 ], [ 80.199187322323027, 13.019097224652908 ], [ 80.199184438041286, 13.019995335086202 ], [ 80.200088219956598, 13.01999812415753 ], [ 80.200085338704, 13.020896237560532 ], [ 80.200088227307319, 13.020896246470317 ], [ 80.200085336934265, 13.021797138333511 ], [ 80.200989116025895, 13.021799924614671 ], [ 80.200986237597178, 13.022698040808056 ], [ 80.200989123358596, 13.022698049700193 ], [ 80.20098623747306, 13.023598428134704 ], [ 80.200088233174569, 13.023595659301408 ], [ 80.200085331624322, 13.024499840652449 ], [ 80.200088221055807, 13.02449984956708 ], [ 80.200085329854076, 13.025400741425424 ], [ 80.200088219492613, 13.025400750341268 ], [ 80.200085328083716, 13.026301642198398 ], [ 80.201007492343734, 13.026304486041008 ], [ 80.201007501245229, 13.026301709459764 ], [ 80.201890007400422, 13.026304427929382 ], [ 80.201887131180058, 13.027202546375472 ], [ 80.202809299180103, 13.027205384001697 ], [ 80.202812189810771, 13.02630172158335 ], [ 80.203710200253454, 13.026304481533112 ], [ 80.203710209094822, 13.026301714344978 ], [ 80.2046111028898, 13.02630448003025 ], [ 80.204611111711174, 13.026301715973156 ], [ 80.205512005526018, 13.026304478527281 ], [ 80.205512014327425, 13.026301717601216 ], [ 80.20641290816215, 13.026304477024196 ], [ 80.206415785477972, 13.025400827226534 ], [ 80.207313809234563, 13.025403574555703 ], [ 80.207313817994887, 13.025400820068784 ], [ 80.20821471187034, 13.025403573052508 ], [ 80.208217582426499, 13.024499929652563 ], [ 80.209115612942313, 13.024502670584113 ], [ 80.209115621661667, 13.02449992253552 ], [ 80.210016515577735, 13.024502669080793 ], [ 80.210019381107259, 13.023598485542157 ], [ 80.210016524444384, 13.023598476838618 ], [ 80.210019379338448, 13.022697584514477 ], [ 80.210016522880281, 13.022697575812124 ], [ 80.210019377569751, 13.021796683486803 ], [ 80.210016521316291, 13.021796674785632 ], [ 80.210019375801181, 13.020895782459132 ], [ 80.209097229523522, 13.020892971818059 ], [ 80.209094362990839, 13.021796611638905 ], [ 80.208196328793605, 13.021793871151838 ], [ 80.208196320057183, 13.021796621977471 ], [ 80.207295429627095, 13.021793869648967 ], [ 80.207295420870778, 13.021796623604823 ], [ 80.206412919596659, 13.021793924422409 ], [ 80.206415778328065, 13.020895789261118 ], [ 80.206412909257239, 13.020895780481592 ], [ 80.206415776559155, 13.019994888233015 ], [ 80.206412907693974, 13.019994879454684 ], [ 80.20641577308939, 13.019094521701303 ], [ 80.207313798293015, 13.019097267798575 ], [ 80.207316670680328, 13.018193622519075 ], [ 80.208214699365271, 13.018196365330924 ], [ 80.208214708096179, 13.018193615389924 ], [ 80.209115602, 13.01819636382848 ], [ 80.209118467631697, 13.017292724943392 ], [ 80.210016503071799, 13.017295461360932 ], [ 80.210019366960239, 13.016391277320793 ], [ 80.210016511935009, 13.016391268626721 ], [ 80.210019363454762, 13.01549092497077 ], [ 80.210917402580677, 13.015493657928605 ], [ 80.210920262793564, 13.014589473566012 ], [ 80.209998139630841, 13.014586667463016 ], [ 80.209995277814073, 13.015490302946407 ], [ 80.209097238900739, 13.015487566797539 ], [ 80.209097230192484, 13.0154903132561 ], [ 80.208196339733306, 13.015487565295313 ], [ 80.208196331005183, 13.015490314882692 ], [ 80.207313811250557, 13.015487619923832 ], [ 80.207316665317634, 13.01458948036451 ], [ 80.206412907083461, 13.014586717625527 ], [ 80.206415764180349, 13.01368858103632 ], [ 80.205493645355475, 13.013685759116703 ], [ 80.205490765680665, 13.014589942351424 ], [ 80.206394523723816, 13.014592708302988 ], [ 80.206391666345056, 13.015490844825086 ], [ 80.206394530927312, 13.015490853587732 ], [ 80.206391664576884, 13.016391745598845 ], [ 80.206394529364545, 13.016391754362681 ], [ 80.206391664510917, 13.017292111398643 ], [ 80.20549363910736, 13.01728936246195 ], [ 80.205493630317179, 13.01729212179079 ], [ 80.204611106567498, 13.017289417276796 ], [ 80.204613970746379, 13.016391287521186 ], [ 80.203710202399989, 13.016388514978843 ], [ 80.203713069608369, 13.015490388193223 ], [ 80.203710192008998, 13.015490379361013 ], [ 80.203713067839871, 13.014589487164796 ], [ 80.20279094629268, 13.014586655448364 ], [ 80.202788058284639, 13.015490315802204 ], [ 80.20189004556444, 13.015487554782913 ], [ 80.201890036696724, 13.01549032627203 ], [ 80.200989146397916, 13.015487553281591 ], [ 80.200989137510177, 13.015490327899533 ], [ 80.200106590420944, 13.015487608336647 ], [ 80.200109470360275, 13.014589493966881 ], [ 80.199187349626357, 13.014586649443741 ], [ 80.199187340699694, 13.014589430140413 ], [ 80.19828645046006, 13.014586647942869 ], [ 80.198283544456402, 13.015490829520889 ] ] ] } },
{ "type": "Feature", "properties": { "hotspot_id": "HOT_0100", "cluster_area_m2": 39696.51, "cluster_perimeter_m": 994.51, "cluster_size_pixels": 4, "mean_lst": 36.71, "peak_lst": 37.11 }, "geometry": { "type": "Polygon", "coordinates": [ [ [ 80.255043080900634, 13.024496651983537 ], [ 80.255040380611007, 13.025400133814609 ], [ 80.254142180158865, 13.025397551316685 ], [ 80.254139474281885, 13.026301744119746 ], [ 80.255043060159466, 13.026304342269464 ], [ 80.255040374958639, 13.027202646594622 ], [ 80.255962554542492, 13.027205295140314 ], [ 80.255965253999747, 13.026301102023794 ], [ 80.255962562823868, 13.026301094299905 ], [ 80.255965252236507, 13.025400201001661 ], [ 80.25596256125344, 13.02540019327882 ], [ 80.25596525047338, 13.024499299979531 ], [ 80.255043080900634, 13.024496651983537 ] ] ] } },
{ "type": "Feature", "properties": { "hotspot_id": "HOT_0101", "cluster_area_m2": 19963.77, "cluster_perimeter_m": 599.91, "cluster_size_pixels": 2, "mean_lst": 39.89, "peak_lst": 40.1 }, "geometry": { "type": "Polygon", "coordinates": [ [ [ 80.185695098137415, 13.023598531499196 ], [ 80.184772947381063, 13.023595633781488 ], [ 80.184769990280756, 13.024499811705056 ], [ 80.184772935072232, 13.024499820964461 ], [ 80.184769988508535, 13.025400712476182 ], [ 80.185692145941772, 13.02540361059868 ], [ 80.185695099909509, 13.024499432529808 ], [ 80.185692155117337, 13.024499423280876 ], [ 80.185695098137415, 13.023598531499196 ] ] ] } },
{ "type": "Feature", "properties": { "hotspot_id": "HOT_0102", "cluster_area_m2": 402208.23, "cluster_perimeter_m": 4354.59, "cluster_size_pixels": 41, "mean_lst": 37.38, "peak_lst": 39.69 }, "geometry": { "type": "Polygon", "coordinates": [ [ [ 80.241529605870937, 13.017289422634008 ], [ 80.241526856012371, 13.018193613372347 ], [ 80.241529594273857, 13.018193621379238 ], [ 80.241526854248391, 13.019094514150337 ], [ 80.241529592706172, 13.019094522158323 ], [ 80.241526854501316, 13.019994751816194 ], [ 80.240628701998503, 13.019992123649198 ], [ 80.240628693965377, 13.019994761448215 ], [ 80.239727802827645, 13.019992122142479 ], [ 80.239725045844693, 13.020896312313603 ], [ 80.240628682354469, 13.020898959838059 ], [ 80.240625948526116, 13.021796555438335 ], [ 80.239727799693185, 13.021793923823401 ], [ 80.239725042315371, 13.022698113869135 ], [ 80.239727788070255, 13.022698121919603 ], [ 80.239725040550525, 13.023599014646901 ], [ 80.240628677646995, 13.023601662683877 ], [ 80.240625941223627, 13.02449991712151 ], [ 80.241548107745544, 13.024502616393629 ], [ 80.241550858906322, 13.023598426089851 ], [ 80.241548116210254, 13.02359841806712 ], [ 80.241550857141576, 13.022697525065976 ], [ 80.241548114642057, 13.022697517044339 ], [ 80.241550855376971, 13.021796624042114 ], [ 80.241548113073989, 13.021796616021565 ], [ 80.24155085159606, 13.020896385899345 ], [ 80.242449004105993, 13.02089901104201 ], [ 80.242449012101417, 13.020896379502721 ], [ 80.243349906736725, 13.020899009534954 ], [ 80.243349914713136, 13.020896381125443 ], [ 80.244232279160229, 13.020898954027414 ], [ 80.244229556269872, 13.021797221572847 ], [ 80.245151713565704, 13.021799907481242 ], [ 80.245154449020859, 13.020896392313997 ], [ 80.246052614628212, 13.020899005013112 ], [ 80.246055346612508, 13.019995493124158 ], [ 80.246953515690478, 13.019998102545081 ], [ 80.246956246267374, 13.019093910795752 ], [ 80.246052629383286, 13.019091285716987 ], [ 80.246055343084237, 13.018193691537615 ], [ 80.246953512554867, 13.018196300624028 ], [ 80.24695624274068, 13.017292108749341 ], [ 80.246953520947599, 13.01729210084806 ], [ 80.246956240977525, 13.016391207726135 ], [ 80.246953519379588, 13.016391199825929 ], [ 80.246956239214498, 13.015490306702935 ], [ 80.246052623107104, 13.015487682301817 ], [ 80.246055338087388, 13.014589407374704 ], [ 80.245133207259101, 13.014586726137839 ], [ 80.245133199327483, 13.0145893472761 ], [ 80.244232308086978, 13.014586724631213 ], [ 80.244229570657964, 13.015490241961217 ], [ 80.24333140734808, 13.015487623965582 ], [ 80.243328664414591, 13.016391815207534 ], [ 80.24333139577486, 13.016391823174247 ], [ 80.243328664685038, 13.017292045582103 ], [ 80.242430505042378, 13.017289424140623 ], [ 80.242430497050577, 13.017292055172348 ], [ 80.241529605870937, 13.017289422634008 ] ] ] } },
{ "type": "Feature", "properties": { "hotspot_id": "HOT_0103", "cluster_area_m2": 10000.0, "cluster_perimeter_m": 400.0, "cluster_size_pixels": 1, "mean_lst": 37.88, "peak_lst": 37.88 }, "geometry": { "type": "Polygon", "coordinates": [ [ [ 80.263151175025357, 13.023595764726879 ], [ 80.264073342962234, 13.023598383708013 ], [ 80.264070673493933, 13.024502578675355 ], [ 80.263148502212772, 13.024499959506214 ], [ 80.263151175025357, 13.023595764726879 ] ] ] } },
{ "type": "Feature", "properties": { "hotspot_id": "HOT_0104", "cluster_area_m2": 10000.0, "cluster_perimeter_m": 400.0, "cluster_size_pixels": 1, "mean_lst": 41.32, "peak_lst": 41.32 }, "geometry": { "type": "Polygon", "coordinates": [ [ [ 80.173962160546907, 13.021793814122015 ], [ 80.174884302132853, 13.021796749886953 ], [ 80.174881309593374, 13.022700925688154 ], [ 80.173959164663941, 13.022697989712448 ], [ 80.173962160546907, 13.021793814122015 ] ] ] } },
{ "type": "Feature", "properties": { "hotspot_id": "HOT_0105", "cluster_area_m2": 29733.0, "cluster_perimeter_m": 795.23, "cluster_size_pixels": 3, "mean_lst": 37.11, "peak_lst": 37.45 }, "geometry": { "type": "Polygon", "coordinates": [ [ [ 80.268577834481448, 13.02089567217824 ], [ 80.267655675606449, 13.020893069746899 ], [ 80.267653019702934, 13.021797265631335 ], [ 80.267655664334697, 13.021797273099967 ], [ 80.267653017941825, 13.022698166412473 ], [ 80.268575183492544, 13.022700769207431 ], [ 80.268575190947971, 13.022698228104437 ], [ 80.269476086120193, 13.02270076769689 ], [ 80.269478735602831, 13.021796571505803 ], [ 80.268575199065026, 13.02179402463644 ], [ 80.268577834481448, 13.02089567217824 ] ] ] } },
{ "type": "Feature", "properties": { "hotspot_id": "HOT_0106", "cluster_area_m2": 10000.0, "cluster_perimeter_m": 400.0, "cluster_size_pixels": 1, "mean_lst": 34.83, "peak_lst": 34.83 }, "geometry": { "type": "Polygon", "coordinates": [ [ [ 80.254142188005972, 13.020893047105647 ], [ 80.255064344059903, 13.020895697585633 ], [ 80.255061642494908, 13.02179989089251 ], [ 80.254139483097447, 13.021797240222226 ], [ 80.254142188005972, 13.020893047105647 ] ] ] } },
{ "type": "Feature", "properties": { "hotspot_id": "HOT_0107", "cluster_area_m2": 19963.6, "cluster_perimeter_m": 599.85, "cluster_size_pixels": 2, "mean_lst": 38.0, "peak_lst": 38.13 }, "geometry": { "type": "Polygon", "coordinates": [ [ [ 80.259568839107928, 13.019994788092008 ], [ 80.258646685439572, 13.01999215380717 ], [ 80.258643997058542, 13.020896347914682 ], [ 80.258646674055186, 13.020896355567231 ], [ 80.258643995296396, 13.021797248694732 ], [ 80.259566155639945, 13.021799883347668 ], [ 80.25956884086996, 13.02089568911369 ], [ 80.259566163872762, 13.020895681470661 ], [ 80.259568839107928, 13.019994788092008 ] ] ] } },
{ "type": "Feature", "properties": { "hotspot_id": "HOT_0108", "cluster_area_m2": 29927.12, "cluster_perimeter_m": 799.67, "cluster_size_pixels": 3, "mean_lst": 40.74, "peak_lst": 40.83 }, "geometry": { "type": "Polygon", "coordinates": [ [ [ 80.277586821043428, 13.017292051175961 ], [ 80.276664673641562, 13.017289481475505 ], [ 80.276662051159491, 13.018193679427805 ], [ 80.276664662485786, 13.018193686709781 ], [ 80.276662049400059, 13.019094580210039 ], [ 80.276664660913553, 13.019094587493004 ], [ 80.276662047640485, 13.019995480992268 ], [ 80.277584205047518, 13.019998051226466 ], [ 80.277586824562192, 13.019093853214978 ], [ 80.277584213048172, 13.019093845941299 ], [ 80.277586822802746, 13.018192952195472 ], [ 80.277584211475926, 13.018192944922781 ], [ 80.277586821043428, 13.017292051175961 ] ] ] } },
{ "type": "Feature", "properties": { "hotspot_id": "HOT_0109", "cluster_area_m2": 10000.0, "cluster_perimeter_m": 400.0, "cluster_size_pixels": 1, "mean_lst": 37.4, "peak_lst": 37.4 }, "geometry": { "type": "Polygon", "coordinates": [ [ [ 80.270358377842726, 13.018190371745733 ], [ 80.271280527281505, 13.018192964038979 ], [ 80.271277885090242, 13.019097160845135 ], [ 80.270355732308673, 13.019094568365729 ], [ 80.270358377842726, 13.018190371745733 ] ] ] } },
{ "type": "Feature", "properties": { "hotspot_id": "HOT_0110", "cluster_area_m2": 235516.68, "cluster_perimeter_m": 2965.92, "cluster_size_pixels": 24, "mean_lst": 41.44, "peak_lst": 43.87 }, "geometry": { "type": "Polygon", "coordinates": [ [ [ 80.187475663592281, 13.012784828272924 ], [ 80.187472720346051, 13.013688541111341 ], [ 80.186574762867991, 13.013685727607756 ], [ 80.18657181462649, 13.014589906627423 ], [ 80.186574750589116, 13.014589915832151 ], [ 80.186571812855888, 13.015490807398784 ], [ 80.186574749029035, 13.015490816604762 ], [ 80.186571811085173, 13.016391708170145 ], [ 80.187493935615592, 13.016394597920554 ], [ 80.187496879419953, 13.015490884779654 ], [ 80.188394836692964, 13.015493695453319 ], [ 80.188394845862746, 13.015490877213232 ], [ 80.18929573932985, 13.015493693953685 ], [ 80.189295748479296, 13.015490878842233 ], [ 80.190178336604305, 13.015493635314959 ], [ 80.190175420806796, 13.016391714979401 ], [ 80.191079234239027, 13.016394534821821 ], [ 80.191076321467222, 13.017292617453334 ], [ 80.191998450360344, 13.01729549138844 ], [ 80.191998459451355, 13.017292685301852 ], [ 80.192899352997003, 13.017295489888138 ], [ 80.192902277364169, 13.016391795218706 ], [ 80.193800254072968, 13.016394587420775 ], [ 80.193803176536306, 13.015490406904462 ], [ 80.192881053904358, 13.015487539774787 ], [ 80.192881044835289, 13.0154903425522 ], [ 80.191998466980451, 13.015487595307819 ], [ 80.192001376024422, 13.014589509278125 ], [ 80.19199845633068, 13.014589500185483 ], [ 80.192001374254531, 13.013688608248291 ], [ 80.191097561252064, 13.013685792164667 ], [ 80.191100473113309, 13.012787708920046 ], [ 80.190178361088101, 13.012784832771166 ], [ 80.190178351961919, 13.012787644392292 ], [ 80.189295754481009, 13.01278488842312 ], [ 80.18929867260006, 13.011886811293415 ], [ 80.188376564316798, 13.011883928937991 ], [ 80.188373624555922, 13.012787638488344 ], [ 80.187475663592281, 13.012784828272924 ] ] ] } },
{ "type": "Feature", "properties": { "hotspot_id": "HOT_0111", "cluster_area_m2": 342965.36, "cluster_perimeter_m": 3949.61, "cluster_size_pixels": 35, "mean_lst": 38.59, "peak_lst": 40.33 }, "geometry": { "type": "Polygon", "coordinates": [ [ [ 80.225313430191591, 13.011883990502033 ], [ 80.225313421841349, 13.011886679949788 ], [ 80.224412531021613, 13.011883988998212 ], [ 80.224412522651946, 13.011886681573957 ], [ 80.223530051832526, 13.011884042610077 ], [ 80.223532846882335, 13.010985845681311 ], [ 80.222610734245734, 13.010983085152551 ], [ 80.22260791721331, 13.011887272303394 ], [ 80.22261072241686, 13.011887280706873 ], [ 80.222607915447753, 13.012788173079107 ], [ 80.222610720852501, 13.012788181483732 ], [ 80.222607913682069, 13.013689073854822 ], [ 80.222610719288014, 13.013689082260591 ], [ 80.222607911916256, 13.014589974630537 ], [ 80.223530037882384, 13.014592735920607 ], [ 80.223530046274206, 13.01459003987007 ], [ 80.224430940514694, 13.014592734416681 ], [ 80.224430948887047, 13.014590041494534 ], [ 80.225313406912846, 13.014592677865817 ], [ 80.225310617454838, 13.015490880499581 ], [ 80.225313413700874, 13.015490888849252 ], [ 80.225310615689111, 13.016391781275617 ], [ 80.226214302980566, 13.016394478315775 ], [ 80.226211516358575, 13.017292683749426 ], [ 80.227133653105284, 13.017295432793013 ], [ 80.227133661422783, 13.017292748738006 ], [ 80.22803455573748, 13.017295431288309 ], [ 80.228034564035596, 13.017292750362294 ], [ 80.228935458369563, 13.017295429783495 ], [ 80.228938253676176, 13.016391241651204 ], [ 80.228935466991999, 13.016391233368497 ], [ 80.228938250000283, 13.015490958687181 ], [ 80.229836357871136, 13.015493626353367 ], [ 80.229839147592884, 13.014590059500067 ], [ 80.230737258937637, 13.014592723886045 ], [ 80.230737267174362, 13.014590052862617 ], [ 80.231638161569023, 13.01459272238122 ], [ 80.231640944544168, 13.01368916191686 ], [ 80.232539062635055, 13.013691819913998 ], [ 80.232541844081325, 13.012787630762837 ], [ 80.231619722819545, 13.012784901871372 ], [ 80.231619714603596, 13.012787569594916 ], [ 80.2307188236489, 13.012784900366656 ], [ 80.230718815413681, 13.012787571218386 ], [ 80.229817924478368, 13.012784898862057 ], [ 80.229817916223851, 13.012787572841965 ], [ 80.228917025307936, 13.012784897357564 ], [ 80.228917017034092, 13.012787574465655 ], [ 80.228016126137632, 13.012784895853185 ], [ 80.228013330194486, 13.013688468811743 ], [ 80.227115225402926, 13.013685795187836 ], [ 80.227115217089221, 13.013688478724987 ], [ 80.226214326232949, 13.013685793683576 ], [ 80.22621431789986, 13.013688480349115 ], [ 80.225331860166307, 13.01368584721334 ], [ 80.225334647267616, 13.012788249894509 ], [ 80.22623274265024, 13.012790929482405 ], [ 80.226235546749706, 13.011886741615326 ], [ 80.225313430191591, 13.011883990502033 ] ] ] } },
{ "type": "Feature", "properties": { "hotspot_id": "HOT_0112", "cluster_area_m2": 59203.43, "cluster_perimeter_m": 1190.64, "cluster_size_pixels": 6, "mean_lst": 40.2, "peak_lst": 40.78 }, "geometry": { "type": "Polygon", "coordinates": [ [ [ 80.155043293722684, 13.012784774373175 ], [ 80.155040232599191, 13.013688599084277 ], [ 80.154142393006723, 13.013685673708151 ], [ 80.154139328388013, 13.01458950171407 ], [ 80.153241492290988, 13.014586573043028 ], [ 80.153238423022415, 13.015490744332189 ], [ 80.154160536406778, 13.015493752355862 ], [ 80.154160546366569, 13.015490815226553 ], [ 80.155061439048012, 13.015493750860511 ], [ 80.155061448986586, 13.015490816859893 ], [ 80.155962341689118, 13.015493749365053 ], [ 80.155965401085709, 13.014589577437951 ], [ 80.155962351234677, 13.014589567516301 ], [ 80.155965399311143, 13.013688676403762 ], [ 80.155962349678802, 13.013688666483462 ], [ 80.155965397536733, 13.012787775369576 ], [ 80.155043293722684, 13.012784774373175 ] ] ] } },
{ "type": "Feature", "properties": { "hotspot_id": "HOT_0113", "cluster_area_m2": 10000.0, "cluster_perimeter_m": 400.0, "cluster_size_pixels": 1, "mean_lst": 38.33, "peak_lst": 38.33 }, "geometry": { "type": "Polygon", "coordinates": [ [ [ 80.179367569552682, 13.013685715617429 ], [ 80.18028968241812, 13.013688630379143 ], [ 80.180286711397329, 13.014592807976367 ], [ 80.17936459519062, 13.014589893005274 ], [ 80.179367569552682, 13.013685715617429 ] ] ] } },
{ "type": "Feature", "properties": { "hotspot_id": "HOT_0114", "cluster_area_m2": 10000.0, "cluster_perimeter_m": 400.0, "cluster_size_pixels": 1, "mean_lst": 41.71, "peak_lst": 41.71 }, "geometry": { "type": "Polygon", "coordinates": [ [ [ 80.173962176128597, 13.01278480579693 ], [ 80.174884284407383, 13.012787739567875 ], [ 80.174881294010419, 13.013691915995818 ], [ 80.173959182390647, 13.013688982014113 ], [ 80.173962176128597, 13.01278480579693 ] ] ] } },
{ "type": "Feature", "properties": { "hotspot_id": "HOT_0115", "cluster_area_m2": 10000.0, "cluster_perimeter_m": 400.0, "cluster_size_pixels": 1, "mean_lst": 38.85, "peak_lst": 38.85 }, "geometry": { "type": "Polygon", "coordinates": [ [ [ 80.183872066932778, 13.012784822276842 ], [ 80.184794177509872, 13.01278772083433 ], [ 80.184791223026124, 13.013691899514638 ], [ 80.183869109107988, 13.013689000748919 ], [ 80.183872066932778, 13.012784822276842 ] ] ] } },
{ "type": "Feature", "properties": { "hotspot_id": "HOT_0116", "cluster_area_m2": 245415.03, "cluster_perimeter_m": 2773.84, "cluster_size_pixels": 25, "mean_lst": 42.59, "peak_lst": 45.21 }, "geometry": { "type": "Polygon", "coordinates": [ [ [ 80.175763976064914, 13.005580887929126 ], [ 80.17576100282227, 13.006481353907638 ], [ 80.174863086192644, 13.006478501466361 ], [ 80.174860098613706, 13.007382256532548 ], [ 80.173962185471638, 13.007379400801993 ], [ 80.173959193020622, 13.008283577395037 ], [ 80.173962173041588, 13.008283586878504 ], [ 80.173959191249281, 13.009184478164887 ], [ 80.173962171484035, 13.009184487649648 ], [ 80.173959189477799, 13.010085378934738 ], [ 80.173962169926355, 13.010085388420787 ], [ 80.173959187706203, 13.010986279704587 ], [ 80.174863058071992, 13.010989155122646 ], [ 80.174860088362536, 13.011887182177936 ], [ 80.175782193533465, 13.01189011255982 ], [ 80.175785180237597, 13.010985935800688 ], [ 80.175782202827548, 13.010985926344619 ], [ 80.175785177064455, 13.010085459140113 ], [ 80.176683093056425, 13.01008830912413 ], [ 80.176686074656885, 13.009184559963156 ], [ 80.177583994136626, 13.009187406657688 ], [ 80.177586972249571, 13.008283660785924 ], [ 80.178484895216599, 13.008286504191343 ], [ 80.178487869842527, 13.007382761608422 ], [ 80.179385796296359, 13.007385601725103 ], [ 80.179388768877658, 13.006481423831502 ], [ 80.178484912299936, 13.006478565142777 ], [ 80.178487867733281, 13.005580524502451 ], [ 80.177584008135881, 13.005577662851351 ], [ 80.177586966588663, 13.004679625173294 ], [ 80.176664887635326, 13.004676702794791 ], [ 80.176664878213515, 13.004679559683856 ], [ 80.175763988470578, 13.004676701297935 ], [ 80.17576100318847, 13.005580878490857 ], [ 80.175763976064914, 13.005580887929126 ] ] ] } },
{ "type": "Feature", "properties": { "hotspot_id": "HOT_0117", "cluster_area_m2": 10000.0, "cluster_perimeter_m": 400.0, "cluster_size_pixels": 1, "mean_lst": 40.47, "peak_lst": 40.47 }, "geometry": { "type": "Polygon", "coordinates": [ [ [ 80.192881063264423, 13.010082134766101 ], [ 80.193803165919505, 13.010085000726775 ], [ 80.193800244712151, 13.010989181619014 ], [ 80.192878138716765, 13.01098631545241 ], [ 80.192881063264423, 13.010082134766101 ] ] ] } },
{ "type": "Feature", "properties": { "hotspot_id": "HOT_0118", "cluster_area_m2": 39891.14, "cluster_perimeter_m": 999.69, "cluster_size_pixels": 4, "mean_lst": 41.52, "peak_lst": 42.4 }, "geometry": { "type": "Polygon", "coordinates": [ [ [ 80.203691857948897, 13.007379450261137 ], [ 80.203688973191319, 13.008283633537221 ], [ 80.203691845887207, 13.008283642350072 ], [ 80.20368897142383, 13.009184534310664 ], [ 80.203691844325803, 13.009184543124718 ], [ 80.203688969656199, 13.010085435084102 ], [ 80.203691842764258, 13.010085443899355 ], [ 80.203688967888453, 13.01098633585754 ], [ 80.204611076331915, 13.010989163614354 ], [ 80.204613958369464, 13.010084980323017 ], [ 80.204611085260765, 13.010084971517969 ], [ 80.204613956601833, 13.009184079294714 ], [ 80.20461108369922, 13.009184070490866 ], [ 80.204613954834343, 13.008283178266412 ], [ 80.204611082137816, 13.008283169463759 ], [ 80.204613953066954, 13.007382277238106 ], [ 80.203691857948897, 13.007379450261137 ] ] ] } },
{ "type": "Feature", "properties": { "hotspot_id": "HOT_0119", "cluster_area_m2": 17224323.04, "cluster_perimeter_m": 63133.21, "cluster_size_pixels": 1765, "mean_lst": 39.67, "peak_lst": 43.64 }, "geometry": { "type": "Polygon", "coordinates": [ [ [ 80.182070340167556, 12.971343380942139 ], [ 80.182070330915863, 12.971346212307967 ], [ 80.181169440997806, 12.971343379448637 ], [ 80.181166484644436, 12.972247105681815 ], [ 80.180268540275463, 12.972244278788391 ], [ 80.180268530981706, 12.972247116575462 ], [ 80.179367641106055, 12.972244277295001 ], [ 80.179367631791848, 12.972247118201258 ], [ 80.178466741936759, 12.972244275801721 ], [ 80.178466732602089, 12.972247119827168 ], [ 80.177565842767578, 12.972244274308556 ], [ 80.17756583341243, 12.972247121453194 ], [ 80.176664943598524, 12.972244272815505 ], [ 80.176661969274193, 12.973148452465749 ], [ 80.176664931229197, 12.973148461837281 ], [ 80.17666196750811, 12.974049353235991 ], [ 80.17666492967615, 12.974049362608802 ], [ 80.176661965741914, 12.974950254006227 ], [ 80.177583935045377, 12.974953169836599 ], [ 80.177586905018416, 12.974049430901559 ], [ 80.178484836125634, 12.974052267374303 ], [ 80.178484845462037, 12.974049423165358 ], [ 80.179367617900539, 12.974052208732353 ], [ 80.179364673013069, 12.97495025910202 ], [ 80.179367625663147, 12.974950268414645 ], [ 80.179364671247086, 12.975851159872585 ], [ 80.179367624109503, 12.97585116918648 ], [ 80.179364669480975, 12.976752060643149 ], [ 80.179367622555716, 12.976752069958314 ], [ 80.179364667714751, 12.97765296141371 ], [ 80.179367621001816, 12.97765297073015 ], [ 80.179364665948384, 12.978553862184267 ], [ 80.180268509325572, 12.978556712066831 ], [ 80.180265566606437, 12.979454764653743 ], [ 80.180268517073344, 12.979454773952265 ], [ 80.180265564839942, 12.980355665424408 ], [ 80.180268515518947, 12.980355674724199 ], [ 80.180265564544058, 12.981256117438681 ], [ 80.179367625573391, 12.981253285625534 ], [ 80.179367616246466, 12.981256128366464 ], [ 80.178466726405276, 12.981253284131169 ], [ 80.178463757908489, 12.982157021666623 ], [ 80.177565825683544, 12.982154183469762 ], [ 80.177562853706632, 12.983057924288582 ], [ 80.176664924962054, 12.983055082808256 ], [ 80.176664915571024, 12.983057935280906 ], [ 80.175764025794507, 12.983055081314012 ], [ 80.175761045648272, 12.98395926000862 ], [ 80.175764013405669, 12.98395926941607 ], [ 80.17576104388057, 12.984860160778727 ], [ 80.176683049497868, 12.984863081990159 ], [ 80.176683058890646, 12.984860229333643 ], [ 80.177583952132238, 12.984863080495689 ], [ 80.177586924461323, 12.983959339552216 ], [ 80.17848485321241, 12.983962178032224 ], [ 80.178487822060887, 12.983058440372307 ], [ 80.179385754292355, 12.983061275568856 ], [ 80.179385763621028, 12.983058432644659 ], [ 80.180268501546635, 12.983061216842771 ], [ 80.180265557772714, 12.983959268507054 ], [ 80.180268509300134, 12.983959277811916 ], [ 80.18026555600558, 12.984860169277702 ], [ 80.181169397633766, 12.98486301731031 ], [ 80.181166456663789, 12.985761071747927 ], [ 80.181169405368991, 12.985761081034873 ], [ 80.181166454896541, 12.986661972518689 ], [ 80.181169403813612, 12.986661981806908 ], [ 80.181166453129137, 12.987562873289448 ], [ 80.182088469966843, 12.987565775926997 ], [ 80.182088479240463, 12.987562941452818 ], [ 80.182971191362597, 12.98756571728908 ], [ 80.182968256213613, 12.988463777459659 ], [ 80.183890276790095, 12.988466673904163 ], [ 80.18389028602418, 12.988463845492362 ], [ 80.184772988204372, 12.988466615356959 ], [ 80.18477005929887, 12.989364681629855 ], [ 80.185692083613517, 12.989367571880443 ], [ 80.185692092808097, 12.989364749531832 ], [ 80.186592986247348, 12.989367570384303 ], [ 80.186592995421591, 12.989364751158496 ], [ 80.18749388888105, 12.989367568888049 ], [ 80.187493898034987, 12.989364752785049 ], [ 80.188376583445404, 12.989367510536239 ], [ 80.188373668784692, 12.990265113129915 ], [ 80.187475702535977, 12.990262307420462 ], [ 80.18747569337998, 12.990265123886877 ], [ 80.186574803367989, 12.990262305923991 ], [ 80.186574794191699, 12.990265125513615 ], [ 80.185673904200129, 12.990262304427636 ], [ 80.18567389500349, 12.99026512714047 ], [ 80.184773005032369, 12.990262302931393 ], [ 80.184770055764133, 12.991166483172233 ], [ 80.184772992749231, 12.991166492385121 ], [ 80.184770053996587, 12.992067383943422 ], [ 80.18567388117286, 12.992070217731619 ], [ 80.18567095465589, 12.992968286414483 ], [ 80.185673888814591, 12.992968295609517 ], [ 80.185670952888216, 12.993869187185778 ], [ 80.186574777255572, 12.99387201819645 ], [ 80.186571853547719, 12.994770089657049 ], [ 80.187493898218975, 12.994772974694724 ], [ 80.187493907380414, 12.994770157502066 ], [ 80.188376574095187, 12.994772916261882 ], [ 80.188373656635108, 12.995670993828297 ], [ 80.189295705044458, 12.995673872668126 ], [ 80.189295714166548, 12.995671061542286 ], [ 80.190196607678644, 12.995673871170768 ], [ 80.190196616780455, 12.995671063169144 ], [ 80.191079270133841, 12.995673812881659 ], [ 80.191076362151449, 12.996571899699168 ], [ 80.191998414504127, 12.996574769142947 ], [ 80.19199842356673, 12.996571967209144 ], [ 80.192899317138099, 12.996574767645148 ], [ 80.192899326180481, 12.996571968835754 ], [ 80.193800219771944, 12.996574766147234 ], [ 80.19380313763024, 12.995670584253228 ], [ 80.193800228830781, 12.995670575226931 ], [ 80.193803135863234, 12.994769683223643 ], [ 80.193800227272646, 12.994769674198574 ], [ 80.193803134096356, 12.993868782194061 ], [ 80.193800225714611, 12.993868773170226 ], [ 80.193803132329592, 12.992967881164482 ], [ 80.193800224156732, 12.992967872141872 ], [ 80.193803128964745, 12.992067475549533 ], [ 80.194682873169427, 12.99207020328673 ], [ 80.194679978931944, 12.992968303407091 ], [ 80.195583770810259, 12.992971102795259 ], [ 80.195580879593791, 12.993869205878227 ], [ 80.196502922998988, 12.993872058752766 ], [ 80.196502931957141, 12.993869272979747 ], [ 80.197403825632051, 12.99387205725473 ], [ 80.19740383457011, 12.993869274605506 ], [ 80.198304728264958, 12.993872055756576 ], [ 80.198304737182966, 12.99386927623115 ], [ 80.199187366051532, 12.99387199796722 ], [ 80.199184487542297, 12.994770113445039 ], [ 80.200106535088736, 12.994772953726187 ], [ 80.200106543967905, 12.99477018026956 ], [ 80.200989162892157, 12.994772896028843 ], [ 80.200986290634546, 12.995671017614669 ], [ 80.200989170192358, 12.995671026470569 ], [ 80.200986288868464, 12.996571918387806 ], [ 80.200989168633043, 12.996571927244913 ], [ 80.200986288766856, 12.997472298755516 ], [ 80.200106559186338, 12.997469591358902 ], [ 80.200109435007434, 12.996571473390077 ], [ 80.199187380823034, 12.996568632733265 ], [ 80.19918737192063, 12.996571409851002 ], [ 80.198286481654392, 12.996568631234567 ], [ 80.198286472731951, 12.996571411476905 ], [ 80.197385582485865, 12.996568629735984 ], [ 80.197382677384894, 12.997472812366205 ], [ 80.198286460610717, 12.997475603225569 ], [ 80.198283578047381, 12.998373714837866 ], [ 80.199205638689804, 12.998376559090081 ], [ 80.199205647593857, 12.998373781793548 ], [ 80.200106541323095, 12.998376557591154 ], [ 80.20010655020711, 12.998373783419432 ], [ 80.200989156649811, 12.998376499840507 ], [ 80.200986283569449, 12.999274620707206 ], [ 80.200989163954347, 12.999274629567935 ], [ 80.200986281802855, 13.000175521480331 ], [ 80.201890052727691, 13.000178300299867 ], [ 80.201887182466251, 13.001076423952306 ], [ 80.201890060014279, 13.001076432795463 ], [ 80.201887180699515, 13.001977324725539 ], [ 80.201890058454097, 13.001977333569902 ], [ 80.201887178932665, 13.002878225498771 ], [ 80.202790947243074, 13.002881001711437 ], [ 80.202788079596246, 13.003779127971058 ], [ 80.202790954512821, 13.003779136797862 ], [ 80.202788077829268, 13.004680028744394 ], [ 80.202790952952142, 13.004680037572399 ], [ 80.202788076062163, 13.00558092951773 ], [ 80.203691841756765, 13.005583703122307 ], [ 80.203688976725942, 13.006481831990341 ], [ 80.204611068527626, 13.006484658786016 ], [ 80.204611077322625, 13.006481898638508 ], [ 80.205493638593182, 13.006484601180038 ], [ 80.205490779821318, 13.007382736162196 ], [ 80.206412875355653, 13.007385556750204 ], [ 80.206412884112055, 13.00738280267857 ], [ 80.207313777989199, 13.007385555249291 ], [ 80.207313786725706, 13.007382804304463 ], [ 80.208214680622632, 13.007385553748268 ], [ 80.2082146893393, 13.00738280593024 ], [ 80.209115583255937, 13.007385552247127 ], [ 80.209115591952781, 13.007382807555905 ], [ 80.210016485889128, 13.00738555074588 ], [ 80.210016494566162, 13.007382809181456 ], [ 80.21089903222817, 13.00738549344517 ], [ 80.210896192645521, 13.008283647129065 ], [ 80.211818292716856, 13.008286448707842 ], [ 80.211821148027198, 13.007382263647184 ], [ 80.21181830155291, 13.007382255004487 ], [ 80.211821146260888, 13.006481362619756 ], [ 80.21181829999081, 13.006481353978236 ], [ 80.211821144494692, 13.005580461592331 ], [ 80.210917404462876, 13.005577716368995 ], [ 80.210920243358657, 13.004679562263048 ], [ 80.210917394245698, 13.004679553604126 ], [ 80.210920241592603, 13.003778661235518 ], [ 80.210917392684095, 13.003778652577772 ], [ 80.210920238071765, 13.002878315520551 ], [ 80.211818283348691, 13.002881042919011 ], [ 80.21182113566725, 13.00197741633581 ], [ 80.212719184419925, 13.001980140453258 ], [ 80.212722035035966, 13.001075954757619 ], [ 80.21271919324154, 13.00107594614288 ], [ 80.212722031497051, 13.000175616360861 ], [ 80.213620083929996, 13.000178337023018 ], [ 80.213622930875914, 12.999274151005736 ], [ 80.212719198726745, 12.999271413313876 ], [ 80.212722029740405, 12.9983732516757 ], [ 80.211818294563827, 12.998370511016264 ], [ 80.211821126837592, 12.997472912386572 ], [ 80.212719176616588, 12.997475635629701 ], [ 80.212722024434569, 12.996572013201112 ], [ 80.213620077687622, 12.996574733164586 ], [ 80.213622922031817, 12.995671114015384 ], [ 80.214520978758429, 12.995673830699575 ], [ 80.214520987321606, 12.995671107051146 ], [ 80.215421881389418, 12.995673829199065 ], [ 80.215421889932955, 12.995671108674811 ], [ 80.216322784020292, 12.995673827698438 ], [ 80.216325618354233, 12.994770218037159 ], [ 80.217223685090403, 12.994772925233523 ], [ 80.217226517771564, 12.993868738057238 ], [ 80.217223693851409, 12.993868729550057 ], [ 80.217226516007827, 12.992967837030486 ], [ 80.216322798192408, 12.992965113150984 ], [ 80.216325614873327, 12.992066937699686 ], [ 80.216322788110716, 12.992066929175241 ], [ 80.216325613109731, 12.991166036672835 ], [ 80.216322786550151, 12.99116602814955 ], [ 80.216325611346264, 12.990265135645974 ], [ 80.216322784989714, 12.990265127123854 ], [ 80.216325607768667, 12.989364813295397 ], [ 80.21720535788738, 12.989367464282143 ], [ 80.217202544962475, 12.990265643514256 ], [ 80.218124579919063, 12.990268418912388 ], [ 80.218127406494617, 12.989364816501729 ], [ 80.219025480988762, 12.9893675164481 ], [ 80.21902548944594, 12.989364809642456 ], [ 80.219926383618372, 12.989367514947789 ], [ 80.219929203456871, 12.988463918917041 ], [ 80.22082728468763, 12.988466612483597 ], [ 80.220827293104662, 12.988463912097641 ], [ 80.22172818731687, 12.988466610983165 ], [ 80.221731000419354, 12.987563021331633 ], [ 80.222629088385673, 12.987565708519082 ], [ 80.222631899892605, 12.986661519673838 ], [ 80.221728202852844, 12.986658815878444 ], [ 80.22173099875954, 12.985760620342269 ], [ 80.221728192896506, 12.985760611943014 ], [ 80.221730996997536, 12.984859719316079 ], [ 80.221728191336112, 12.984859710917966 ], [ 80.221730993368695, 12.983959418168309 ], [ 80.222629082145573, 12.983962104664871 ], [ 80.222629090517998, 12.983959411392892 ], [ 80.22352998477399, 12.98396210316476 ], [ 80.22352999312703, 12.983959413014325 ], [ 80.224412560885966, 12.983962047001542 ], [ 80.224409774982931, 12.984860252419354 ], [ 80.225331791590705, 12.984863001127421 ], [ 80.225334590820907, 12.983959424576256 ], [ 80.226232692658598, 12.983962098663746 ], [ 80.226232700953588, 12.983959417877948 ], [ 80.22713359528656, 12.983962097163182 ], [ 80.227133603562237, 12.983959419498927 ], [ 80.228016157703692, 12.983962041212871 ], [ 80.228013384707566, 12.984860259194546 ], [ 80.228016164399079, 12.984860267447722 ], [ 80.2280133829465, 12.985761159970963 ], [ 80.228935403663613, 12.985763896087299 ], [ 80.228935411902995, 12.985761224321394 ], [ 80.229836306291489, 12.98576389458618 ], [ 80.229836314511616, 12.985761225942216 ], [ 80.230737208919251, 12.985763893084943 ], [ 80.230737217120151, 12.985761227562925 ], [ 80.231638111546872, 12.9857638915836 ], [ 80.23164089007399, 12.984859700683751 ], [ 80.230737225704502, 12.984857028649989 ], [ 80.230739988943256, 12.983958801351932 ], [ 80.230737215942739, 12.98395879314821 ], [ 80.230739987182673, 12.983057900326838 ], [ 80.230737214381435, 12.983057892124233 ], [ 80.230739983474336, 12.982157632601975 ], [ 80.231638105303091, 12.982160287733729 ], [ 80.231640881076061, 12.981256733411184 ], [ 80.232539006369379, 12.981259385270336 ], [ 80.232539014526353, 12.981256726850022 ], [ 80.233439908996203, 12.981259383769309 ], [ 80.233439917134035, 12.981256728469928 ], [ 80.234322456826959, 12.981259328230911 ], [ 80.234319707010116, 12.982157568715255 ], [ 80.235223354469753, 12.982160227732557 ], [ 80.235220607682251, 12.983058471184954 ], [ 80.236142619998546, 12.983061181189409 ], [ 80.236142628081296, 12.983058534911285 ], [ 80.237025151317923, 12.983061125785829 ], [ 80.237022410786977, 12.98395937534716 ], [ 80.237944426813343, 12.983962079147618 ], [ 80.237947180132053, 12.983058546200091 ], [ 80.238826949729457, 12.98306112288938 ], [ 80.238824215652045, 12.983959378731621 ], [ 80.239746232066196, 12.983962076143442 ], [ 80.239746240073941, 12.983959442180675 ], [ 80.240647134692452, 12.983962074641187 ], [ 80.240649878216814, 12.983058551000983 ], [ 80.241548035756423, 12.983061172177544 ], [ 80.241548043725174, 12.983058544627378 ], [ 80.242448938382338, 12.983061170675173 ], [ 80.242451677227933, 12.982156977301996 ], [ 80.241548052170543, 12.982154343470626 ], [ 80.241550776100013, 12.981256077969823 ], [ 80.240647148011504, 12.981253441169033 ], [ 80.240649874971851, 12.98035517863754 ], [ 80.239727871659653, 12.980352485164619 ], [ 80.239725123362277, 12.981256678090167 ], [ 80.239727860067006, 12.981256686090358 ], [ 80.239725123628475, 12.982156912637036 ], [ 80.238845344383478, 12.982154339125257 ], [ 80.238848077992017, 12.981256083045011 ], [ 80.237926071746529, 12.981253383001244 ], [ 80.237926063703355, 12.981256022866525 ], [ 80.237025172570981, 12.981253381499547 ], [ 80.237025164508779, 12.981256024485955 ], [ 80.236124273395546, 12.981253379997963 ], [ 80.236124265314288, 12.981256026105498 ], [ 80.235241732436648, 12.981253432480198 ], [ 80.235244478753486, 12.980355188788948 ], [ 80.234340828278008, 12.980352530179982 ], [ 80.234343577623733, 12.979454289456589 ], [ 80.233439924119622, 12.979451627880051 ], [ 80.233442676493752, 12.978553390124116 ], [ 80.232539019961493, 12.978550725580401 ], [ 80.232541775363572, 12.977652490791547 ], [ 80.231619783761843, 12.977649769134244 ], [ 80.231619775589436, 12.977652430160326 ], [ 80.230737213207561, 12.977649821833943 ], [ 80.23073997486209, 12.976751593151176 ], [ 80.229817986971412, 12.976748865294258 ], [ 80.229817978761744, 12.976751532388823 ], [ 80.228935406453843, 12.976748918088227 ], [ 80.228938174359797, 12.975850695510823 ], [ 80.228935396665094, 12.975850687278744 ], [ 80.22893817260011, 12.974949794485516 ], [ 80.228935395105125, 12.974949786254559 ], [ 80.22893817084055, 12.974048893460221 ], [ 80.228034499174726, 12.974046214086414 ], [ 80.228037269709247, 12.973147994127132 ], [ 80.227115295683333, 12.973145257438924 ], [ 80.227115287420474, 12.973147933202689 ], [ 80.226214396508098, 12.973145255939558 ], [ 80.226214388225955, 12.973147934822652 ], [ 80.225331789826143, 12.973145308896203 ], [ 80.225334569833166, 12.972247098178693 ], [ 80.22441259971653, 12.972244352102683 ], [ 80.224412591396913, 12.97224703705103 ], [ 80.22352998307376, 12.972244405153093 ], [ 80.223532769328273, 12.971346200537953 ], [ 80.223529973176227, 12.971346192195766 ], [ 80.223532767568528, 12.970445299512006 ], [ 80.222629077358107, 12.970442602005164 ], [ 80.222631866435862, 12.969544400178505 ], [ 80.221709906865755, 12.969541645091814 ], [ 80.221709898491468, 12.969544338875499 ], [ 80.220827270606549, 12.969541698263454 ], [ 80.220830064060564, 12.96864410312358 ], [ 80.221728153020834, 12.968646789782216 ], [ 80.221728161393244, 12.968644096346756 ], [ 80.222629055647374, 12.968646788284067 ], [ 80.222631861030976, 12.967743205533944 ], [ 80.223529956716106, 12.967745885822312 ], [ 80.223532760530759, 12.966841695408228 ], [ 80.222629071120721, 12.966838998600807 ], [ 80.222631859398149, 12.965940796074301 ], [ 80.222629061211535, 12.965940787719596 ], [ 80.222631857639016, 12.965039895048257 ], [ 80.222629059653769, 12.965039886694692 ], [ 80.222631855880039, 12.964138994022209 ], [ 80.222629058096132, 12.964138985669782 ], [ 80.222631854121175, 12.963238092996168 ], [ 80.221709917767186, 12.963235339224834 ], [ 80.2217099094009, 12.963238031790301 ], [ 80.220809018591339, 12.96323533772734 ], [ 80.220809010205684, 12.963238033409926 ], [ 80.219908119415621, 12.963235336229962 ], [ 80.219905305187766, 12.964138927640917 ], [ 80.219007218683373, 12.964136235570503 ], [ 80.219004400992105, 12.965039830252744 ], [ 80.218106317951367, 12.965037134910943 ], [ 80.218106309505103, 12.965039840294578 ], [ 80.217205418776217, 12.965037133413684 ], [ 80.217202594360359, 12.965940734465727 ], [ 80.216304518044666, 12.965938032754028 ], [ 80.216301688334539, 12.96684222166815 ], [ 80.217205396889511, 12.966844940499881 ], [ 80.217202589002198, 12.967743124136097 ], [ 80.217205403799582, 12.967743132600168 ], [ 80.217202587242141, 12.968644024911244 ], [ 80.218124542513465, 12.968646795773688 ], [ 80.218124550963608, 12.968644089865718 ], [ 80.21900719218327, 12.968646739513055 ], [ 80.219004390338213, 12.969544929072303 ], [ 80.219007199056222, 12.969544937499739 ], [ 80.219004388578128, 12.970445829847664 ], [ 80.219007197498186, 12.97044583827625 ], [ 80.219004388668978, 12.971346137331828 ], [ 80.218124565935838, 12.971343495629434 ], [ 80.218127371329317, 12.970445309669023 ], [ 80.217205409434541, 12.970442538439288 ], [ 80.217205400961873, 12.970445247990655 ], [ 80.216322759183569, 12.970442591888894 ], [ 80.216325570821439, 12.969544412028773 ], [ 80.21540361264303, 12.969541634606417 ], [ 80.215400780684462, 12.970445242726065 ], [ 80.214502711911905, 12.970442533946233 ], [ 80.214502703380603, 12.970445252853811 ], [ 80.21360181273792, 12.970442532448773 ], [ 80.213598972249045, 12.971346720462629 ], [ 80.213601800827192, 12.971346729009507 ], [ 80.213598972289148, 12.972247047953053 ], [ 80.212700910450323, 12.972244332625555 ], [ 80.212698068091072, 12.973147950566958 ], [ 80.211800009719866, 12.97314523196507 ], [ 80.21179716389274, 12.974048853181126 ], [ 80.210899108989651, 12.974046131304473 ], [ 80.210896259694124, 12.974949755795567 ], [ 80.209998208259648, 12.974947030643776 ], [ 80.209995355495238, 12.975850658410282 ], [ 80.209097307529873, 12.975847929982981 ], [ 80.209097298873658, 12.975850668663995 ], [ 80.208196408357267, 12.975847928485543 ], [ 80.208193548859782, 12.97675156262815 ], [ 80.207295507627947, 12.976748827824649 ], [ 80.20729549893106, 12.976751572922803 ], [ 80.206394608455682, 12.976748826327334 ], [ 80.206391742224071, 12.977652466846745 ], [ 80.205493707726816, 12.977649725666339 ], [ 80.205493698989159, 12.977652477182435 ], [ 80.204592808554906, 12.977649724169135 ], [ 80.204589933875567, 12.978553909708559 ], [ 80.204592796526924, 12.978553918462017 ], [ 80.20458993382428, 12.97945427207879 ], [ 80.203691906269754, 12.979451524344038 ], [ 80.203691897490017, 12.979454282456905 ], [ 80.202791007098313, 12.979451522846846 ], [ 80.202790998298696, 12.979454284080482 ], [ 80.201908333200464, 12.979451577271533 ], [ 80.201911198454425, 12.978553449421371 ], [ 80.201908322824181, 12.978553440598576 ], [ 80.201911195003461, 12.977653077376504 ], [ 80.202809213393849, 12.977655830877099 ], [ 80.202809222190297, 12.97765307017832 ], [ 80.203710116023956, 12.977655829380229 ], [ 80.203712991971557, 12.976752179794399 ], [ 80.204611017097477, 12.976754926917499 ], [ 80.204611025853012, 12.976752172636871 ], [ 80.205511919727272, 12.976754925420511 ], [ 80.205514788939894, 12.975851282211565 ], [ 80.206412820800324, 12.975854022957876 ], [ 80.206415686542542, 12.974950383025231 ], [ 80.207313721873149, 12.974953120495345 ], [ 80.207316585886687, 12.974048934106793 ], [ 80.207313730750457, 12.974048925409022 ], [ 80.207316582382617, 12.973148583049236 ], [ 80.208214621389303, 12.973151317067588 ], [ 80.208217479986075, 12.972247683862269 ], [ 80.209115522461701, 12.972250414605369 ], [ 80.209118377589789, 12.971346784675031 ], [ 80.210016423533872, 12.97134951214325 ], [ 80.210016432163712, 12.971346777642143 ], [ 80.21091732616226, 12.971349510646244 ], [ 80.210920174559931, 12.970445887089488 ], [ 80.211818227233962, 12.970448608184222 ], [ 80.211821072164227, 12.96954498790152 ], [ 80.212719128305451, 12.969547705722302 ], [ 80.212721971564051, 12.968643517775567 ], [ 80.212719137111691, 12.968643509203021 ], [ 80.212721968007401, 12.967743187923366 ], [ 80.213620027820298, 12.9677459022958 ], [ 80.213622867417286, 12.966841714027717 ], [ 80.213620036614259, 12.966841705477108 ], [ 80.213622865656873, 12.96594081300058 ], [ 80.213620035057517, 12.965940804451142 ], [ 80.21362286209056, 12.965040487154749 ], [ 80.214520925778885, 12.965043197905025 ], [ 80.214520934302442, 12.965040480227106 ], [ 80.21542182840588, 12.965043196408216 ], [ 80.215424660886072, 12.964139007560597 ], [ 80.215421837175711, 12.964138999052608 ], [ 80.215424659126271, 12.963238106533684 ], [ 80.215421835619125, 12.963238098026856 ], [ 80.215424657366597, 12.962337205506769 ], [ 80.214502725919559, 12.962334426410802 ], [ 80.214502717398759, 12.962337143737599 ], [ 80.213601826744522, 12.962334424914321 ], [ 80.213601818204154, 12.962337145358045 ], [ 80.212700927569585, 12.962334423417955 ], [ 80.212700919009649, 12.962337146978605 ], [ 80.211800028394777, 12.962334421921703 ], [ 80.211800019815229, 12.962337148599278 ], [ 80.210917329583779, 12.962334475572701 ], [ 80.210920158730346, 12.961436312943361 ], [ 80.21001642543068, 12.961433573279539 ], [ 80.210019257594539, 12.960535413608836 ], [ 80.209115521277866, 12.960532670986662 ], [ 80.209118356458518, 12.959634514274207 ], [ 80.208214617125293, 12.95963176869407 ], [ 80.20821745532227, 12.958733614939478 ], [ 80.207295538741064, 12.958730811096592 ], [ 80.207295530067896, 12.958733552649743 ], [ 80.206412810376776, 12.95873086495906 ], [ 80.206415654809177, 12.957832717297689 ], [ 80.206412800129414, 12.957832708601545 ], [ 80.206415653049106, 12.956931816269702 ], [ 80.205511904669123, 12.956929061817995 ], [ 80.205514751912176, 12.956030916934656 ], [ 80.204611000517588, 12.956028159526532 ], [ 80.204613850775033, 12.955130017599508 ], [ 80.204610990234883, 12.955130008867419 ], [ 80.204613849015118, 12.954229116571307 ], [ 80.2036919498115, 12.954226300937011 ], [ 80.203691941065273, 12.954229054064236 ], [ 80.202809192215298, 12.954226354944467 ], [ 80.202812048500107, 12.953328218928903 ], [ 80.202809181895873, 12.953328210159613 ], [ 80.202812046740178, 12.952427317900483 ], [ 80.20189015456809, 12.952424496277406 ], [ 80.201890145784631, 12.952427255277883 ], [ 80.200989255393353, 12.952424494783704 ], [ 80.200986375194461, 12.95332814911394 ], [ 80.200088354666079, 12.953325394125608 ], [ 80.200088345841706, 12.953328159534445 ], [ 80.199187455491696, 12.953325392632024 ], [ 80.199187446647414, 12.953328161155786 ], [ 80.198286556317413, 12.953325391138547 ], [ 80.19828654745325, 12.953328162777243 ], [ 80.197385657143258, 12.953325389645189 ], [ 80.197382763704127, 12.954229056533425 ], [ 80.196502874040661, 12.95422634485384 ], [ 80.196505752853284, 12.953328230782722 ], [ 80.195583858795274, 12.953325386658799 ], [ 80.195583849871227, 12.953328167642303 ], [ 80.19468295962146, 12.953325385165781 ], [ 80.194682950677418, 12.953328169264214 ], [ 80.193800164696498, 12.953325439682649 ], [ 80.193803052956127, 12.952427334835109 ], [ 80.193800154180323, 12.952427325867752 ], [ 80.193803051195175, 12.951526433805602 ], [ 80.192881164377511, 12.951523580510832 ], [ 80.192878255067853, 12.952427262515636 ], [ 80.191980263652312, 12.952424479852878 ], [ 80.191977349265414, 12.953328664338487 ], [ 80.191980251487408, 12.953328673337385 ], [ 80.191977349112548, 12.954229066145743 ], [ 80.191079361375728, 12.954226280029227 ], [ 80.191079352350215, 12.954229076768337 ], [ 80.19017846220261, 12.954226278536662 ], [ 80.190175540896988, 12.955130462493576 ], [ 80.191079340172138, 12.955133269948579 ], [ 80.191076441558067, 12.956031364960225 ], [ 80.191980237822818, 12.956034169461939 ], [ 80.191977342219374, 12.95693226742698 ], [ 80.191980245277463, 12.956932276430804 ], [ 80.191977340457541, 12.9578331681991 ], [ 80.192881133919116, 12.957835969928977 ], [ 80.192878241119047, 12.958734070666065 ], [ 80.192881141355755, 12.958734079652269 ], [ 80.192878239357086, 12.959634971438293 ], [ 80.192881139802594, 12.959634980425724 ], [ 80.192878237594996, 12.960535872210514 ], [ 80.192881138249319, 12.960535881199174 ], [ 80.192878235832779, 12.961436772982736 ], [ 80.192881136695888, 12.961436781972624 ], [ 80.192878234070434, 12.962337673754956 ], [ 80.193782025350274, 12.962340473257084 ], [ 80.193779134732125, 12.963238576222452 ], [ 80.193782032772262, 12.963238585194725 ], [ 80.193779132969652, 12.964139476994779 ], [ 80.193782031218362, 12.964139485968278 ], [ 80.193779132825199, 12.96503987510712 ], [ 80.192881141090425, 12.965037093030382 ], [ 80.192878228628473, 12.965940777724295 ], [ 80.191998381261698, 12.965938048670376 ], [ 80.192001278867821, 12.965039952639652 ], [ 80.191079342746633, 12.9650370900423 ], [ 80.191079333706313, 12.965039888952223 ], [ 80.190178443574936, 12.965037088548424 ], [ 80.190175519746958, 12.965941271756336 ], [ 80.190178431378044, 12.965941280812739 ], [ 80.190175517983647, 12.966842172528223 ], [ 80.190178429824243, 12.966842181585863 ], [ 80.190175516220194, 12.967743073300104 ], [ 80.191079318409479, 12.967745883306486 ], [ 80.191076418470075, 12.968643483973551 ], [ 80.190178437361709, 12.968640691885758 ], [ 80.190175514272283, 12.969544386591629 ], [ 80.189277536637078, 12.969541591225793 ], [ 80.189277527550217, 12.969544397277247 ], [ 80.188376637466177, 12.9695415897316 ], [ 80.188376628359109, 12.969544398901625 ], [ 80.18747573829539, 12.969541588237519 ], [ 80.187475729168085, 12.969544400526118 ], [ 80.186574839124717, 12.969541586743555 ], [ 80.186574829977161, 12.969544402150726 ], [ 80.185692069287015, 12.969541641967202 ], [ 80.185694990278293, 12.968643568634834 ], [ 80.184773042336616, 12.968640682922276 ], [ 80.184773033149725, 12.968643504384314 ], [ 80.183872143166155, 12.968640681428758 ], [ 80.183869197240043, 12.969544397822146 ], [ 80.182971242443159, 12.969541580768817 ], [ 80.182968291535246, 12.970445762039832 ], [ 80.182971230153754, 12.970445771264515 ], [ 80.182968291276211, 12.971346201456656 ], [ 80.182070340167556, 12.971343380942139 ] ], [ [ 80.203712983154247, 12.972247675849264 ], [ 80.20459279867562, 12.972250366429817 ], [ 80.204589946168639, 12.973147964989657 ], [ 80.203710127492869, 12.973145274216659 ], [ 80.203712983154247, 12.972247675849264 ] ], [ [ 80.202791019547846, 12.9722443161598 ], [ 80.202791010757821, 12.972247075967575 ], [ 80.20189012037558, 12.972244314663589 ], [ 80.201890111565675, 12.972247077590525 ], [ 80.200989221203415, 12.972244313167495 ], [ 80.200989212373628, 12.972247079213583 ], [ 80.200088322031377, 12.972244311671512 ], [ 80.200088313181666, 12.972247080836759 ], [ 80.199205612943032, 12.972244366149543 ], [ 80.199208484556465, 12.971346767045398 ], [ 80.200106494614033, 12.97134952860292 ], [ 80.200109383835454, 12.970445343554884 ], [ 80.200106503580827, 12.970445334703093 ], [ 80.200109380396839, 12.969544967071219 ], [ 80.201007394133498, 12.96954772517474 ], [ 80.201010279686272, 12.968643539802192 ], [ 80.201007403088028, 12.96864353097274 ], [ 80.201010276238122, 12.967743167096588 ], [ 80.201908293652878, 12.967745921746873 ], [ 80.201911173842831, 12.966842267910351 ], [ 80.202791009610934, 12.966844963600114 ], [ 80.202788150172267, 12.967743097036124 ], [ 80.203691907258261, 12.967745863109785 ], [ 80.203689050836445, 12.968643999504227 ], [ 80.204592804905332, 12.968646762619173 ], [ 80.20458995150085, 12.969544901972435 ], [ 80.204592812094262, 12.969544910713955 ], [ 80.20458995145718, 12.970445261951452 ], [ 80.203691921831592, 12.970442515984171 ], [ 80.203689045550206, 12.971346701824759 ], [ 80.203691909797897, 12.971346710588492 ], [ 80.203689045496361, 12.972247065579813 ], [ 80.202791019547846, 12.9722443161598 ] ], [ [ 80.191980186206564, 12.992066917785342 ], [ 80.191079296095452, 12.992064115076483 ], [ 80.191076369220156, 12.992968296611396 ], [ 80.191079283888968, 12.992968305684714 ], [ 80.191076367453164, 12.993869197383338 ], [ 80.191079282331316, 12.993869206457893 ], [ 80.191076367255562, 12.994769613381825 ], [ 80.190196625883772, 12.994766872913345 ], [ 80.190199536600971, 12.993868788991065 ], [ 80.190196615225062, 12.993868779886393 ], [ 80.190199534833738, 12.992967887961052 ], [ 80.190196613667624, 12.992967878857616 ], [ 80.190199533066647, 12.992066986931039 ], [ 80.189295718605578, 12.992064168925465 ], [ 80.189298630370985, 12.991166566731723 ], [ 80.190196599894321, 12.991169366333523 ], [ 80.19019660898995, 12.991166559236902 ], [ 80.191097502527811, 12.991169364836601 ], [ 80.191097511603203, 12.991166560863181 ], [ 80.191998405161172, 12.991169363339568 ], [ 80.191998414216371, 12.991166562489344 ], [ 80.192881076328248, 12.991169305222611 ], [ 80.192878177431822, 12.992066907127404 ], [ 80.191980195263767, 12.992064116573729 ], [ 80.191980186206564, 12.992066917785342 ] ], [ [ 80.180265578679055, 12.974048909317407 ], [ 80.179385758857919, 12.974046136109614 ], [ 80.179388701989652, 12.973148533326102 ], [ 80.180268518656177, 12.973151306335565 ], [ 80.180265578679055, 12.974048909317407 ] ], [ [ 80.181166463443375, 12.983057917862642 ], [ 80.180286677012447, 12.983055146017833 ], [ 80.180289620498428, 12.982157094286467 ], [ 80.180286666149016, 12.982157084974146 ], [ 80.180289617260883, 12.981256642011671 ], [ 80.181169403858618, 12.981259413489989 ], [ 80.181166463731572, 12.982157468664866 ], [ 80.181169411589281, 12.982157477946751 ], [ 80.181166463443375, 12.983057917862642 ] ], [ [ 80.185692086547647, 12.984859777990646 ], [ 80.185695018766722, 12.983959354008375 ], [ 80.186574794390339, 12.983962107697169 ], [ 80.186571872985439, 12.984860181171559 ], [ 80.186574802001459, 12.984860190335 ], [ 80.186571872750264, 12.985760611270056 ], [ 80.18569209729354, 12.985757857217207 ], [ 80.185695022056763, 12.984859787184336 ], [ 80.185692086547647, 12.984859777990646 ] ], [ [ 80.189274569453261, 12.99116601253793 ], [ 80.188394814445104, 12.991163266633432 ], [ 80.188397729237636, 12.990265664337986 ], [ 80.189277481087089, 12.990268410046355 ], [ 80.189274569453261, 12.99116601253793 ] ], [ [ 80.196484695779333, 12.989361421556202 ], [ 80.196484686826508, 12.98936420661102 ], [ 80.195602032142006, 12.989361476494174 ], [ 80.195604922246119, 12.988463372620084 ], [ 80.195602021611791, 12.988463363643875 ], [ 80.195604920480363, 12.98756247159073 ], [ 80.195602020054409, 12.987562462615744 ], [ 80.195604918714722, 12.986661570561383 ], [ 80.195602018497155, 12.986661561587619 ], [ 80.195604916949208, 12.985760669532032 ], [ 80.195602016940029, 12.985760660559494 ], [ 80.195604915183822, 12.984859768502687 ], [ 80.195602015383017, 12.98485975953137 ], [ 80.195604913418563, 12.983958867473335 ], [ 80.195602013826132, 12.983958858503248 ], [ 80.195604910030909, 12.983058470878724 ], [ 80.196484687157607, 12.98306119086231 ], [ 80.196481801444492, 12.983959299078201 ], [ 80.197385584800799, 12.983962090371477 ], [ 80.197382702106893, 12.984860201548249 ], [ 80.19738559216843, 12.984860210469641 ], [ 80.197382700341848, 12.985761102320978 ], [ 80.197385590611077, 12.985761111243585 ], [ 80.197382698576689, 12.986662003093697 ], [ 80.1982864793262, 12.986664791786867 ], [ 80.198283599239275, 12.987562905564067 ], [ 80.198286486676977, 12.987562914469073 ], [ 80.198283597473974, 12.988463806336894 ], [ 80.198286485119127, 12.988463815243113 ], [ 80.198283597352855, 12.989364194452916 ], [ 80.197385594948699, 12.989361423053801 ], [ 80.197385586015926, 12.989364204985632 ], [ 80.196484695779333, 12.989361421556202 ] ], [ [ 80.197403796851944, 12.965938057324008 ], [ 80.197406675131234, 12.965039942467049 ], [ 80.196502892698192, 12.965037155033208 ], [ 80.196505773991902, 12.964139043133001 ], [ 80.196502882224223, 12.96413903420982 ], [ 80.196505772229671, 12.963238142103803 ], [ 80.196502880670096, 12.963238133181845 ], [ 80.196505768821154, 12.962337754352351 ], [ 80.197403771183161, 12.962340523423059 ], [ 80.197403780078645, 12.962337747054132 ], [ 80.198304673811975, 12.962340521928718 ], [ 80.198304682687493, 12.962337748676529 ], [ 80.199187420574717, 12.962340464605322 ], [ 80.199184549279522, 12.963238586391769 ], [ 80.199187427876041, 12.963238595244084 ], [ 80.199184547517746, 12.964139487164747 ], [ 80.199187426321444, 12.964139496018273 ], [ 80.199184547426412, 12.965039865489427 ], [ 80.198286536124513, 12.965037101997343 ], [ 80.198283643229843, 12.965940768105515 ], [ 80.197403796851944, 12.965938057324008 ] ], [ [ 80.200986354129569, 12.963238589780646 ], [ 80.201890116632185, 12.963241361231235 ], [ 80.201887256490423, 12.964138959668807 ], [ 80.200989235197497, 12.964136205646714 ], [ 80.200989226378539, 12.964138970084877 ], [ 80.200106501533796, 12.964136259954641 ], [ 80.200109369737703, 12.96323813532473 ], [ 80.200106491140531, 12.963238126482601 ], [ 80.200109366294939, 12.962337760761915 ], [ 80.200989218983622, 12.962340461720693 ], [ 80.200986354129569, 12.963238589780646 ] ], [ [ 80.209998173117199, 12.990265083255498 ], [ 80.209097282601732, 12.990262343369558 ], [ 80.209097273926616, 12.990265084879388 ], [ 80.208196383431002, 12.990262341870384 ], [ 80.208196374736119, 12.990265086503387 ], [ 80.207313767510556, 12.990262396134128 ], [ 80.207316615863917, 12.989364251581536 ], [ 80.206394586648486, 12.989361438036017 ], [ 80.206394577915177, 12.989364188737994 ], [ 80.205511960749988, 12.989361492392758 ], [ 80.205514815354135, 12.988463353947209 ], [ 80.205511950438236, 12.98846334519077 ], [ 80.205514813589645, 12.98756245291905 ], [ 80.205511948879561, 12.987562444163801 ], [ 80.20551481010996, 12.986662091682085 ], [ 80.206412839487811, 12.986664834544145 ], [ 80.2064128482168, 12.986662084551908 ], [ 80.207313742118657, 12.986664833045737 ], [ 80.207313750827822, 12.986662086175672 ], [ 80.20821464474939, 12.986664831547214 ], [ 80.208214653438787, 12.986662087799324 ], [ 80.209115547379994, 12.986664830048584 ], [ 80.209115556049625, 12.986662089422863 ], [ 80.2100164500105, 12.986664828549836 ], [ 80.210016458660377, 12.986662091046284 ], [ 80.210917352640877, 12.986664827050976 ], [ 80.210917361271044, 12.986662092669592 ], [ 80.21181825527114, 12.986664825552003 ], [ 80.211818263881611, 12.986662094292786 ], [ 80.21271915790129, 12.986664824052918 ], [ 80.212719166492107, 12.986662095915865 ], [ 80.213620060531341, 12.98666482255372 ], [ 80.21362006910249, 12.986662097538831 ], [ 80.214520963161263, 12.986664821054406 ], [ 80.214523801986871, 12.985761206928252 ], [ 80.215421864231928, 12.985763918590562 ], [ 80.215421872762676, 12.985761199995384 ], [ 80.216322766861495, 12.985763917091134 ], [ 80.21632277537266, 12.985761201617915 ], [ 80.217205364132951, 12.985763860477158 ], [ 80.217202552014129, 12.986662040413822 ], [ 80.218124573679816, 12.986664815056033 ], [ 80.218124582153038, 12.986662105651952 ], [ 80.21902547630917, 12.986664813556159 ], [ 80.219025484762881, 12.986662107274231 ], [ 80.219926378938425, 12.986664812056169 ], [ 80.219926387372624, 12.986662108896402 ], [ 80.220808959385124, 12.986664755641424 ], [ 80.220806161830282, 12.987562352329466 ], [ 80.21990807733998, 12.987559658854522 ], [ 80.219908068903877, 12.98756236236321 ], [ 80.219007178167544, 12.987559657354316 ], [ 80.219004355189341, 12.988463256546392 ], [ 80.218106277435339, 12.98846055669199 ], [ 80.218106268959048, 12.988463266620574 ], [ 80.21720537826323, 12.988460555191907 ], [ 80.217205369767413, 12.988463268243249 ], [ 80.216304479091249, 12.988460553691931 ], [ 80.216301646109372, 12.989364162367361 ], [ 80.215403578359755, 12.989361453029508 ], [ 80.215403569823593, 12.989364172501757 ], [ 80.214502679188101, 12.989361451529653 ], [ 80.214502670632342, 12.989364174124866 ], [ 80.213601780016589, 12.989361450029907 ], [ 80.213598937029403, 12.990265068189691 ], [ 80.212700879285762, 12.99026234936739 ], [ 80.212700870689531, 12.990265078384521 ], [ 80.211799980114577, 12.990262347867764 ], [ 80.211799971498664, 12.990265080008067 ], [ 80.21089908094352, 12.990262346368247 ], [ 80.210899072307896, 12.990265081631723 ], [ 80.209998181772576, 12.990262344868846 ], [ 80.209998173117199, 12.990265083255498 ] ], [ [ 80.206412866936518, 12.997472894009276 ], [ 80.207295452613579, 12.997475588762583 ], [ 80.207292604070744, 12.99837318853012 ], [ 80.206394571056975, 12.998370446399649 ], [ 80.206394562311743, 12.998373198875347 ], [ 80.205511976356675, 12.998370500886745 ], [ 80.205514831298203, 12.997472901152667 ], [ 80.206412858193247, 12.997475646130072 ], [ 80.206412866936518, 12.997472894009276 ] ], [ [ 80.209097241642596, 13.002880991581181 ], [ 80.209094398350814, 13.003778591393582 ], [ 80.208214693532355, 13.003775910325748 ], [ 80.208217539985853, 13.002878310704677 ], [ 80.209097241642596, 13.002880991581181 ] ], [ [ 80.219028277744926, 12.974048912081884 ], [ 80.219025464772642, 12.974048903639181 ], [ 80.219028275984201, 12.973148011055384 ], [ 80.219025463214209, 12.973148002613838 ], [ 80.219028272373194, 12.972247703084147 ], [ 80.219926353997607, 12.97225039663385 ], [ 80.219926362413432, 12.972247696264443 ], [ 80.220808984356779, 12.972250340426982 ], [ 80.220806188154754, 12.973148535560071 ], [ 80.220808991194716, 12.973148543953231 ], [ 80.220806186394384, 12.974049436335642 ], [ 80.220808989635941, 12.97404944472995 ], [ 80.220806184633901, 12.97495033711121 ], [ 80.221709878882081, 12.974953041834043 ], [ 80.22170708530264, 12.975851239580109 ], [ 80.221709885703547, 12.975851247957294 ], [ 80.221707083542, 12.976752140355782 ], [ 80.221709884144289, 12.976752148734109 ], [ 80.221707081781247, 12.977653041131457 ], [ 80.221709882584904, 12.977653049510931 ], [ 80.221707080020366, 12.978553941907126 ], [ 80.22170988102539, 12.978553950287745 ], [ 80.221707078259357, 12.979454842682797 ], [ 80.221709879465763, 12.979454851064556 ], [ 80.221707076498234, 12.980355743458469 ], [ 80.222610768722987, 12.980358446092552 ], [ 80.222607979044042, 12.981256042047679 ], [ 80.221709886604089, 12.981253355987953 ], [ 80.221709878214924, 12.981256052033689 ], [ 80.220827290887215, 12.981253409325545 ], [ 80.22083008881755, 12.980355215879118 ], [ 80.219926386728901, 12.980352507028268 ], [ 80.219929185830352, 12.979454911010546 ], [ 80.220827269092212, 12.979457602845855 ], [ 80.220830085294935, 12.978553413826534 ], [ 80.219908092934148, 12.978550650474849 ], [ 80.219908084509541, 12.978553352239702 ], [ 80.21902548101049, 12.978550703880519 ], [ 80.219028282942261, 12.977653107827479 ], [ 80.219926363346673, 12.977655802417292 ], [ 80.219929182400392, 12.976751613467615 ], [ 80.219926372065288, 12.976751605040931 ], [ 80.219929180639411, 12.975850712441222 ], [ 80.219025476330273, 12.975848001328274 ], [ 80.219028279505764, 12.974949813108379 ], [ 80.219025466331175, 12.974949804664526 ], [ 80.219028277744926, 12.974048912081884 ] ] ] } },
{ "type": "Feature", "properties": { "hotspot_id": "HOT_0120", "cluster_area_m2": 391469.3, "cluster_perimeter_m": 2970.97, "cluster_size_pixels": 40, "mean_lst": 41.94, "peak_lst": 44.23 }, "geometry": { "type": "Polygon", "coordinates": [ [ [ 80.213598912317551, 13.002877682355235 ], [ 80.212700857440922, 13.002874961087237 ], [ 80.212698006339977, 13.003779146653237 ], [ 80.212700845494638, 13.003779155261869 ], [ 80.212698004574278, 13.004680047427772 ], [ 80.21270084393268, 13.004680056037575 ], [ 80.212698002808452, 13.005580948202311 ], [ 80.212700842370595, 13.005580956813287 ], [ 80.212698001042483, 13.006481848976845 ], [ 80.213601731391833, 13.006484588148817 ], [ 80.213598901708821, 13.007382751449512 ], [ 80.213601738426448, 13.007382760043125 ], [ 80.213598899942738, 13.008283652224154 ], [ 80.214521000615406, 13.00828644420241 ], [ 80.214521009194925, 13.008283718096452 ], [ 80.215421903248028, 13.008286442700372 ], [ 80.215421911807894, 13.008283719721412 ], [ 80.216322805880552, 13.008286441198228 ], [ 80.216322814420749, 13.008283721346256 ], [ 80.217223708512932, 13.008286439695963 ], [ 80.21722654424255, 13.007382253458697 ], [ 80.217223717280305, 13.007382244934119 ], [ 80.217226540666005, 13.006481929915944 ], [ 80.218124608020361, 13.006484636265514 ], [ 80.21812744008048, 13.005580449707677 ], [ 80.218124616775427, 13.005580441205025 ], [ 80.218127436494839, 13.004680129939812 ], [ 80.219025507527704, 13.004682832835373 ], [ 80.21902833591929, 13.003778645957212 ], [ 80.219025516270463, 13.003778637476442 ], [ 80.219028334154416, 13.002877744930657 ], [ 80.218124620582373, 13.002875025403936 ], [ 80.218127433020271, 13.00197684560103 ], [ 80.217205354852041, 13.001974067756993 ], [ 80.217205346338844, 13.001976783432609 ], [ 80.216304455681822, 13.001974066255386 ], [ 80.216304447149, 13.00197678505679 ], [ 80.215421911217035, 13.001974120208409 ], [ 80.215424733146264, 13.001075949665495 ], [ 80.214502658902987, 13.001073162415155 ], [ 80.21449981652367, 13.001976779738564 ], [ 80.213601758171833, 13.001974061751243 ], [ 80.213598912317551, 13.002877682355235 ] ] ] } },
{ "type": "Feature", "properties": { "hotspot_id": "HOT_0121", "cluster_area_m2": 3091456.72, "cluster_perimeter_m": 22520.37, "cluster_size_pixels": 316, "mean_lst": 37.86, "peak_lst": 43.06 }, "geometry": { "type": "Polygon", "coordinates": [ [ [ 80.253241336936938, 12.987563016634606 ], [ 80.253238645799513, 12.988463909688491 ], [ 80.253241335371968, 12.988463917415123 ], [ 80.253238646173571, 12.989364096706286 ], [ 80.252340444495388, 12.989361514620748 ], [ 80.252337739847519, 12.990265709556267 ], [ 80.253259782397464, 12.990268360316703 ], [ 80.253259790130429, 12.990265772008247 ], [ 80.254160685022839, 12.990268358811997 ], [ 80.25416069273713, 12.990265773626454 ], [ 80.255061587648086, 12.990268357307174 ], [ 80.255061595343747, 12.990265775244549 ], [ 80.255962490273205, 12.990268355802238 ], [ 80.255962497950279, 12.990265776862531 ], [ 80.256844921335045, 12.990268301481933 ], [ 80.2568422502668, 12.991166618790746 ], [ 80.257745818974954, 12.991169200977989 ], [ 80.257743150944648, 12.992067521261443 ], [ 80.258646716614592, 12.992070100473773 ], [ 80.258644051622696, 12.992968423732233 ], [ 80.259547614253975, 12.992970999969264 ], [ 80.259544952300971, 12.993869326203129 ], [ 80.259547620293617, 12.993869333805975 ], [ 80.259544952722209, 12.994769491554646 ], [ 80.258646729338636, 12.994766930211288 ], [ 80.258646721711372, 12.994769500776611 ], [ 80.257745830162222, 12.994766928705367 ], [ 80.257745822516398, 12.99476950239481 ], [ 80.25684493098592, 12.994766927199558 ], [ 80.256844923321523, 12.994769504013119 ], [ 80.255944031809719, 12.994766925693858 ], [ 80.255944024126734, 12.994769505631544 ], [ 80.255061613019947, 12.994766977173946 ], [ 80.255064291236494, 12.993868666919393 ], [ 80.25506160375258, 12.993868659214632 ], [ 80.255064289477673, 12.992967765897212 ], [ 80.254142236588407, 12.992965120998543 ], [ 80.254139537683585, 12.993869316056694 ], [ 80.25414222516693, 12.993869323770989 ], [ 80.254139535924622, 12.994770216836253 ], [ 80.254142223600979, 12.994770224551599 ], [ 80.254139534165546, 12.995671117615808 ], [ 80.255061597039543, 12.995673763064866 ], [ 80.255061604741513, 12.995671180003223 ], [ 80.25594401272599, 12.995673708615493 ], [ 80.255941339428901, 12.99657129996864 ], [ 80.25504312950217, 12.996568725872761 ], [ 80.255043121798465, 12.996571309267557 ], [ 80.254142230326451, 12.996568724367071 ], [ 80.254142222604102, 12.996571310886399 ], [ 80.253241331150832, 12.996568722861495 ], [ 80.25324132340981, 12.996571312505351 ], [ 80.252358908366006, 12.996568774529312 ], [ 80.252361594535998, 12.995671182909801 ], [ 80.253259791787528, 12.995673766075702 ], [ 80.253262494263865, 12.994769571324824 ], [ 80.252340435106092, 12.994766919672195 ], [ 80.2523404273485, 12.994769512106389 ], [ 80.251439535930473, 12.994766918167063 ], [ 80.251436828971777, 12.995670406962045 ], [ 80.250538635189855, 12.99566781750374 ], [ 80.250535924768513, 12.996571309570658 ], [ 80.249637734449493, 12.996568716840317 ], [ 80.249635018466677, 12.997472910714293 ], [ 80.250538614357708, 12.997475519217213 ], [ 80.250535919142578, 12.998373813185758 ], [ 80.250538620589452, 12.998373820980119 ], [ 80.250535917382535, 12.999274713964876 ], [ 80.250538619023331, 12.999274721760298 ], [ 80.250535917726424, 13.00017491360321 ], [ 80.249637728187878, 13.000172320206712 ], [ 80.249635011425767, 13.001076513830318 ], [ 80.249637716704768, 13.001076521646628 ], [ 80.24963501176083, 13.001976717220671 ], [ 80.248736825881977, 13.001974120384249 ], [ 80.248734105468131, 13.002878313695199 ], [ 80.249637705749024, 13.002880926354704 ], [ 80.249635008238286, 13.003778519237125 ], [ 80.248736822750161, 13.003775922067254 ], [ 80.24873410194617, 13.004680115252974 ], [ 80.248736811253153, 13.004680123092344 ], [ 80.248734100185004, 13.005581016031861 ], [ 80.248736809686392, 13.005581023872299 ], [ 80.248734098423711, 13.006481916810746 ], [ 80.249637699477546, 13.006484530145659 ], [ 80.249634999099314, 13.007382819283286 ], [ 80.250557104264573, 13.007385483072891 ], [ 80.250559816950798, 13.006481989233732 ], [ 80.251458005325802, 13.00648458060644 ], [ 80.251458013115197, 13.006481983040864 ], [ 80.252358907953507, 13.0064845791 ], [ 80.252358915724159, 13.006481984660963 ], [ 80.253241296294362, 13.006484524337559 ], [ 80.253238608848477, 13.007382826056793 ], [ 80.254142193930051, 13.007385423832563 ], [ 80.254139509525217, 13.008283728529427 ], [ 80.255061618970416, 13.00828637649915 ], [ 80.25506162668708, 13.008283791106823 ], [ 80.255962521597894, 13.008286374992039 ], [ 80.255962529295914, 13.008283792726653 ], [ 80.256863424225259, 13.008286373484813 ], [ 80.256863431904634, 13.008283794346372 ], [ 80.257764326852509, 13.00828637197748 ], [ 80.257767015725634, 13.007382177173723 ], [ 80.256844909051878, 13.007379538994218 ], [ 80.256844901372858, 13.007382118132826 ], [ 80.255944009877325, 13.007379537486996 ], [ 80.255944002179675, 13.007382119752549 ], [ 80.2550431107029, 13.007379535979888 ], [ 80.25504310298659, 13.007382121372384 ], [ 80.25416073237372, 13.007379587686764 ], [ 80.254163416509073, 13.006481282923099 ], [ 80.254160723071337, 13.006481275184953 ], [ 80.254163412618325, 13.005581094844901 ], [ 80.255061614268882, 13.005583673620412 ], [ 80.255064310214408, 13.004680195651726 ], [ 80.255962515328974, 13.004682771154151 ], [ 80.255965209956358, 13.003778576470959 ], [ 80.255962523600417, 13.003778568773296 ], [ 80.255965206050149, 13.002878395664027 ], [ 80.256863414821922, 13.002880967728629 ], [ 80.25686342249503, 13.002878389586572 ], [ 80.257764317448462, 13.002880966221943 ], [ 80.257764325102968, 13.002878391205625 ], [ 80.258646697798426, 13.002880911835616 ], [ 80.25864403051547, 13.003779233093372 ], [ 80.258646703866788, 13.003779240726162 ], [ 80.258644028755697, 13.004680133873453 ], [ 80.259547593865875, 13.004682712276614 ], [ 80.259544929433858, 13.005581036345742 ], [ 80.260448491501904, 13.005583611770531 ], [ 80.260445830112232, 13.006481938818139 ], [ 80.261367934224253, 13.006484564029375 ], [ 80.261367941808743, 13.006482000855737 ], [ 80.262268836850694, 13.006484562521692 ], [ 80.262271509023279, 13.005580366668957 ], [ 80.262268845042158, 13.005580359099138 ], [ 80.262271507263748, 13.004679465647627 ], [ 80.262268843473763, 13.004679458078837 ], [ 80.262271503308838, 13.00377930766078 ], [ 80.263169734773101, 13.003781858138085 ], [ 80.263172400905674, 13.002878408465795 ], [ 80.264070635831104, 13.002880955672003 ], [ 80.26407329850278, 13.001977509270541 ], [ 80.264971536888893, 13.001980053206022 ], [ 80.264971544394442, 13.001977503359793 ], [ 80.265872439514297, 13.001980051698434 ], [ 80.265875097681743, 13.001075854797699 ], [ 80.2658724476576, 13.001075847306739 ], [ 80.265875095923306, 13.00017495377681 ], [ 80.265872446089375, 13.000174946286869 ], [ 80.265875094164997, 12.99927405275592 ], [ 80.265872444521278, 12.999274045266999 ], [ 80.265875092406816, 12.998373151735032 ], [ 80.265872442953281, 12.998373144247134 ], [ 80.265875088421751, 12.997473008493484 ], [ 80.266773334301064, 12.997475545399819 ], [ 80.266773341764775, 12.997473002623959 ], [ 80.267655699274371, 12.997475491632533 ], [ 80.267653065447576, 12.998373845321147 ], [ 80.268556596912106, 12.998376391125593 ], [ 80.268553966128096, 12.999274747792658 ], [ 80.269457494549584, 12.99927729061838 ], [ 80.269454866808871, 13.000175650264268 ], [ 80.269457500391894, 13.000175657671944 ], [ 80.269454865051017, 13.001076551045664 ], [ 80.269457498823073, 13.001076558454349 ], [ 80.269454863293035, 13.001977451827061 ], [ 80.269457497254152, 13.001977459236755 ], [ 80.269454861534925, 13.00287835260845 ], [ 80.270358387476648, 13.002880892947573 ], [ 80.270355762215885, 13.003779255080486 ], [ 80.27127785840176, 13.003781844565792 ], [ 80.271277865781059, 13.003779316272489 ], [ 80.272178761026595, 13.003781843057194 ], [ 80.272181396738929, 13.002877645004208 ], [ 80.272178769089763, 13.002877637639365 ], [ 80.272181394981061, 13.001976743984077 ], [ 80.272178767520487, 13.001976736620232 ], [ 80.272181393223306, 13.001075842963948 ], [ 80.271277870715039, 13.001073309305298 ], [ 80.271280492102846, 13.000174943633912 ], [ 80.271277861769335, 13.000174936253842 ], [ 80.271280490345234, 12.999274042613674 ], [ 80.271277860200541, 12.999274035234608 ], [ 80.271280488587749, 12.99837314159344 ], [ 80.271277858631862, 12.998373134215379 ], [ 80.271280484562212, 12.99747301808609 ], [ 80.272178750046876, 12.997475536354498 ], [ 80.272181384436479, 12.996571337863321 ], [ 80.271259314684897, 12.996568752994463 ], [ 80.27125930731296, 12.996571280147927 ], [ 80.270376960272301, 12.996568803570465 ], [ 80.270379583952504, 12.995670440222408 ], [ 80.269476056108786, 12.995667901261401 ], [ 80.269478682831618, 12.994769540891737 ], [ 80.269476047133608, 12.994769533481193 ], [ 80.269478681074531, 12.993868639871293 ], [ 80.269476045565781, 12.993868632461755 ], [ 80.269478679317572, 12.992967738850851 ], [ 80.269476043998083, 12.992967731442329 ], [ 80.269478677560741, 12.992066837830412 ], [ 80.268575147239773, 12.992064296384443 ], [ 80.26857777643967, 12.991165938499314 ], [ 80.268575138250966, 12.991165931074534 ], [ 80.268577774682967, 12.990265037478764 ], [ 80.267655728943865, 12.990262441057927 ], [ 80.267655721505932, 12.990264979563678 ], [ 80.266754829765716, 12.990262439551424 ], [ 80.266754822309466, 12.990264981180273 ], [ 80.265853930587681, 12.990262438045029 ], [ 80.265851274631387, 12.991166635692609 ], [ 80.266754811047605, 12.991169186463303 ], [ 80.266752177548554, 12.992066775741881 ], [ 80.265853927454643, 12.992064239732105 ], [ 80.26585127334674, 12.992967678347048 ], [ 80.264953026710359, 12.992965139069039 ], [ 80.264950369144671, 12.993868580952496 ], [ 80.264052125966316, 12.993866038405876 ], [ 80.264052118450905, 12.993868590061998 ], [ 80.263169734809807, 12.993866089383268 ], [ 80.263172383766246, 12.992967750680103 ], [ 80.262268830647173, 12.992965187075967 ], [ 80.262271482643527, 12.992066851349133 ], [ 80.262268821529489, 12.992066843794765 ], [ 80.262271480885886, 12.991165950327826 ], [ 80.26136792491738, 12.991163383913662 ], [ 80.261370579762982, 12.990265050996644 ], [ 80.260467020755513, 12.990262481607026 ], [ 80.260469678639836, 12.989364151665358 ], [ 80.260467011604604, 12.989364144077161 ], [ 80.260469674692246, 12.988463990950567 ], [ 80.261367902890484, 12.988466544852534 ], [ 80.26137057449084, 12.987562347932405 ], [ 80.2613679110856, 12.98756234036474 ], [ 80.261370570535519, 12.986662190959635 ], [ 80.26226880238373, 12.986664741429514 ], [ 80.262271470342682, 12.98576054420001 ], [ 80.262268810566511, 12.985760536652847 ], [ 80.262271468585922, 12.984859643178714 ], [ 80.261349444091792, 12.984857025456844 ], [ 80.261346772990862, 12.985761222560447 ], [ 80.26134943276648, 12.985761230117037 ], [ 80.261346773432223, 12.986661379292261 ], [ 80.260448541783603, 12.986658825637521 ], [ 80.260448534202681, 12.986661388466906 ], [ 80.259547642605895, 12.986658824132347 ], [ 80.259544964605212, 12.987563020741604 ], [ 80.259547631256709, 12.987563028337194 ], [ 80.25954496503094, 12.988463184503972 ], [ 80.258646740298147, 12.988460624312609 ], [ 80.258646732678145, 12.988463193718037 ], [ 80.257745841120894, 12.98846062280745 ], [ 80.25774583348236, 12.988463195335585 ], [ 80.256844941943768, 12.9884606213024 ], [ 80.25684493428669, 12.988463196953251 ], [ 80.255962504648437, 12.9884606726422 ], [ 80.255965178293906, 12.987562358073566 ], [ 80.255061600487409, 12.987559770336963 ], [ 80.255064277169424, 12.986661458741983 ], [ 80.255061591229435, 12.98666145104562 ], [ 80.255064273262732, 12.985761278974309 ], [ 80.255962482449831, 12.985763851004641 ], [ 80.255965170864229, 12.984860379778983 ], [ 80.256863383509852, 12.984862948540719 ], [ 80.256863391162071, 12.984860373720625 ], [ 80.257764286134062, 12.984862947036214 ], [ 80.25776696782566, 12.983959482181945 ], [ 80.258665187193614, 12.983962044572392 ], [ 80.258667865427725, 12.983058582985885 ], [ 80.259566088252953, 12.983061142108671 ], [ 80.259568765216713, 12.982156945182609 ], [ 80.258646751251533, 12.982154318414041 ], [ 80.258646743638806, 12.982156886659453 ], [ 80.257745852073469, 12.982154316909643 ], [ 80.257745844442226, 12.98215688827635 ], [ 80.25684495289552, 12.982154315405355 ], [ 80.256844945245732, 12.982156889893369 ], [ 80.255944053717684, 12.98215431390118 ], [ 80.25594136580807, 12.983057784854642 ], [ 80.255043152976029, 12.983055213239334 ], [ 80.25504314528807, 12.983057794136487 ], [ 80.254142253798548, 12.983055211735277 ], [ 80.254139557023734, 12.983959407481441 ], [ 80.254142242384205, 12.983959415184179 ], [ 80.254139557408422, 12.98485959006781 ], [ 80.253241351493415, 12.98485701191532 ], [ 80.253238651073687, 12.985761207350105 ], [ 80.253241340066495, 12.985761215073575 ], [ 80.253238649315762, 12.986662108129568 ], [ 80.25324133850178, 12.986662115854092 ], [ 80.253238647557708, 12.987563008909028 ], [ 80.253241336936938, 12.987563016634606 ] ], [ [ 80.262268838487387, 12.997469691352975 ], [ 80.262271489234053, 12.996572101301705 ], [ 80.263169722234721, 12.99657465046915 ], [ 80.263169729770951, 12.996572095359907 ], [ 80.264070624859642, 12.996574648962438 ], [ 80.264070632377454, 12.996572096977513 ], [ 80.264953003222445, 12.996574595043979 ], [ 80.264950359891557, 12.997472939468977 ], [ 80.264953009154326, 12.99747294696526 ], [ 80.264950360353112, 12.99837308598598 ], [ 80.264052118131474, 12.998370542622537 ], [ 80.26404945614955, 12.99927398859214 ], [ 80.263169744219866, 12.999271494516286 ], [ 80.263172394314793, 12.998373156807345 ], [ 80.263169735112442, 12.99837314926422 ], [ 80.263172392556399, 12.997472255786132 ], [ 80.262268838487387, 12.997469691352975 ] ], [ [ 80.259568796439311, 12.999274798887184 ], [ 80.260448502484394, 12.999277305144282 ], [ 80.260445842428012, 13.000175633356015 ], [ 80.260448508511786, 13.000175640947599 ], [ 80.260445842851965, 13.001075797005207 ], [ 80.259566136973987, 13.001073290417192 ], [ 80.259568800375277, 13.000174965615292 ], [ 80.259566127790777, 13.000174957996146 ], [ 80.259568796439311, 12.999274798887184 ] ] ] } },
{ "type": "Feature", "properties": { "hotspot_id": "HOT_0122", "cluster_area_m2": 10000.0, "cluster_perimeter_m": 400.0, "cluster_size_pixels": 1, "mean_lst": 40.84, "peak_lst": 40.84 }, "geometry": { "type": "Polygon", "coordinates": [ [ [ 80.273061103629345, 13.001974161076816 ], [ 80.273983193705945, 13.001976740603796 ], [ 80.273980564706775, 13.00288093908236 ], [ 80.273058471291876, 13.002878359369914 ], [ 80.273061103629345, 13.001974161076816 ] ] ] } },
{ "type": "Feature", "properties": { "hotspot_id": "HOT_0123", "cluster_area_m2": 29734.93, "cluster_perimeter_m": 795.3, "cluster_size_pixels": 3, "mean_lst": 39.72, "peak_lst": 40.5 }, "geometry": { "type": "Polygon", "coordinates": [ [ [ 80.196505833983224, 12.994769678126739 ], [ 80.195583787265122, 12.99476682506903 ], [ 80.195580877673919, 12.995670506364274 ], [ 80.194682886538899, 12.995667724405953 ], [ 80.194679971865114, 12.996571906496605 ], [ 80.195602025039292, 12.996574763151067 ], [ 80.195602034021206, 12.996571973714886 ], [ 80.196502927672782, 12.996574761652814 ], [ 80.196505835749889, 12.995670579155993 ], [ 80.196502936697428, 12.995670570190102 ], [ 80.196505833983224, 12.994769678126739 ] ] ] } },
{ "type": "Feature", "properties": { "hotspot_id": "HOT_0124", "cluster_area_m2": 29927.23, "cluster_perimeter_m": 799.72, "cluster_size_pixels": 3, "mean_lst": 38.12, "peak_lst": 38.43 }, "geometry": { "type": "Polygon", "coordinates": [ [ [ 80.24335259771108, 12.992967787893519 ], [ 80.242430547308203, 12.992965101440497 ], [ 80.242427806026754, 12.9938692940589 ], [ 80.242430535740127, 12.993869302017467 ], [ 80.242427804266271, 12.994770194837042 ], [ 80.242430534175682, 12.994770202796694 ], [ 80.242427802505688, 12.995671095615187 ], [ 80.243349862893226, 12.995673782627245 ], [ 80.243352601231891, 12.994769589940715 ], [ 80.243349871321897, 12.99476958199075 ], [ 80.243352599471407, 12.993868688917113 ], [ 80.243349869757452, 12.993868680968234 ], [ 80.24335259771108, 12.992967787893519 ] ] ] } },
{ "type": "Feature", "properties": { "hotspot_id": "HOT_0125", "cluster_area_m2": 10097968.34, "cluster_perimeter_m": 71911.61, "cluster_size_pixels": 1032, "mean_lst": 38.96, "peak_lst": 44.92 }, "geometry": { "type": "Polygon", "coordinates": [ [ [ 80.234322561984854, 12.926301067681351 ], [ 80.233439832166184, 12.926298477602725 ], [ 80.233442572899904, 12.925400229665851 ], [ 80.23252077322563, 12.925397521949197 ], [ 80.232518013026478, 12.926301062824985 ], [ 80.231619872490455, 12.926298421294158 ], [ 80.231617106850763, 12.927202616245733 ], [ 80.231619860836531, 12.927202624350786 ], [ 80.231617105098209, 12.928103517022693 ], [ 80.232520750384182, 12.928106175089006 ], [ 80.232518005770231, 12.929004419485977 ], [ 80.232520756921758, 12.929004427574245 ], [ 80.232518006014246, 12.929904666864838 ], [ 80.231619866277086, 12.929902024651104 ], [ 80.231619858163683, 12.929904676569047 ], [ 80.230737130616873, 12.929902076684495 ], [ 80.230739881777993, 12.929003838823819 ], [ 80.229818069467626, 12.929001120822782 ], [ 80.229815298717043, 12.929904671652578 ], [ 80.228917168733105, 12.929902020167335 ], [ 80.228914392565784, 12.930806214293275 ], [ 80.228917157042929, 12.930806222459946 ], [ 80.228914390812378, 12.931707115069905 ], [ 80.229818046528067, 12.931709783214979 ], [ 80.229815291483661, 12.932608017533626 ], [ 80.229818053127062, 12.93260802568345 ], [ 80.229815289730141, 12.933508918310359 ], [ 80.23073711858612, 12.933511637251751 ], [ 80.230739888790865, 12.932607442923837 ], [ 80.230737127146881, 12.932607434783767 ], [ 80.230739887037458, 12.931706541898834 ], [ 80.230737125592668, 12.931706533759879 ], [ 80.230739883303542, 12.930806287474029 ], [ 80.231638016545588, 12.930808932868899 ], [ 80.231638024659375, 12.930806280951131 ], [ 80.23252074571829, 12.930808877938704 ], [ 80.232518000511803, 12.931707121817171 ], [ 80.233421643374498, 12.93170977744629 ], [ 80.23341890118401, 12.93260802428088 ], [ 80.233421649896897, 12.932608032354587 ], [ 80.233418901433055, 12.933508269308597 ], [ 80.232520759242803, 12.933505629503344 ], [ 80.232520751143994, 12.933508278998493 ], [ 80.231619860061727, 12.933505628008088 ], [ 80.23161709282688, 12.934409822461379 ], [ 80.232538925381817, 12.934412535224062 ], [ 80.232538933481024, 12.934409885729082 ], [ 80.233439828002545, 12.934412533728695 ], [ 80.233439836082752, 12.934409887344168 ], [ 80.234322537918274, 12.934412478852977 ], [ 80.234319798350157, 12.935310728299246 ], [ 80.234322544424515, 12.935310736357287 ], [ 80.234319796596822, 12.936211629076519 ], [ 80.235223434016959, 12.936214279309379 ], [ 80.235220697269455, 12.937112531540754 ], [ 80.23522344050609, 12.93711253958204 ], [ 80.235220695515991, 12.938013432318137 ], [ 80.235223438950428, 12.938013440360523 ], [ 80.23522069577642, 12.938913672174831 ], [ 80.234322548276424, 12.938911037531694 ], [ 80.234319791588078, 12.939814574781058 ], [ 80.233439855503079, 12.939811990383697 ], [ 80.233442599195754, 12.938913745036048 ], [ 80.232520749915324, 12.938911034539544 ], [ 80.23252074180985, 12.938913685064909 ], [ 80.231638048764395, 12.938911086645344 ], [ 80.231640798690023, 12.938012847386279 ], [ 80.230718953109346, 12.938010130708692 ], [ 80.230716181632033, 12.938914324658475 ], [ 80.230718941435555, 12.938914332797028 ], [ 80.230716179877732, 12.939815225435307 ], [ 80.231619830946599, 12.939817888880501 ], [ 80.231617080549384, 12.940716127899988 ], [ 80.231619837516135, 12.94071613602171 ], [ 80.231617078794955, 12.941617028676921 ], [ 80.232520727043521, 12.941619689337122 ], [ 80.23251797946682, 12.942517931141809 ], [ 80.232520733595862, 12.942517939246708 ], [ 80.232517977712249, 12.943418831918857 ], [ 80.232520732039816, 12.943418840024863 ], [ 80.232517975957549, 12.944319732695899 ], [ 80.232520730483643, 12.944319740803014 ], [ 80.232517974202736, 12.945220633472937 ], [ 80.233421620024657, 12.945223291692725 ], [ 80.233418874874801, 12.946121535938252 ], [ 80.233421626561793, 12.94612154402855 ], [ 80.233418873119845, 12.947022436715393 ], [ 80.233421625005121, 12.9470224448068 ], [ 80.233418871364762, 12.947923337492538 ], [ 80.233421623448322, 12.947923345585052 ], [ 80.233418869609551, 12.948824238269678 ], [ 80.234322513002979, 12.948826894047407 ], [ 80.234319770281814, 12.949725140735421 ], [ 80.234322519524895, 12.949725148811126 ], [ 80.234319768526476, 12.95062604151267 ], [ 80.234322517967612, 12.950626049589479 ], [ 80.234319768769467, 12.951526287908155 ], [ 80.233421627312623, 12.951523647788557 ], [ 80.23341886258747, 12.952427841378226 ], [ 80.233421615662493, 12.952427849476274 ], [ 80.233418860831634, 12.95332874215536 ], [ 80.234322505210415, 12.953331398795443 ], [ 80.234319761503841, 12.954229644621636 ], [ 80.235223402860612, 12.954232298300173 ], [ 80.235220662176275, 12.955130547088014 ], [ 80.235223409369283, 12.955130555151332 ], [ 80.235220660420282, 12.956031447865362 ], [ 80.236142573212305, 12.956034152330544 ], [ 80.236142581262015, 12.956031511176443 ], [ 80.237025198160225, 12.956034097308782 ], [ 80.237022465539837, 12.95693168917232 ], [ 80.236124315504611, 12.956929057320956 ], [ 80.23612156134665, 12.957832591779976 ], [ 80.235223414768257, 12.957829956662174 ], [ 80.235220655151579, 12.95873415019739 ], [ 80.235223403135947, 12.958734158265115 ], [ 80.235220655396148, 12.959634395397591 ], [ 80.234322512474151, 12.959631756842935 ], [ 80.234322504381282, 12.959634405083966 ], [ 80.233421613296244, 12.959631755344299 ], [ 80.233418848765481, 12.960535299604583 ], [ 80.232520712560571, 12.96053265468521 ], [ 80.232517942594441, 12.961436847459352 ], [ 80.232520700892579, 12.961436855587557 ], [ 80.232517940837241, 12.962337748236358 ], [ 80.233439876246678, 12.96234046356137 ], [ 80.233439884361218, 12.962337811861353 ], [ 80.23434077887093, 12.962340462062516 ], [ 80.234340786966399, 12.962337813479202 ], [ 80.235223388823997, 12.962340406845478 ], [ 80.235220646367893, 12.963238654084067 ], [ 80.236124286471778, 12.96324130634903 ], [ 80.236121547040469, 12.964139556551517 ], [ 80.236124292971098, 12.964139564606842 ], [ 80.236121545283339, 12.965040457328952 ], [ 80.236124291411599, 12.965040465385377 ], [ 80.236121543526082, 12.965941358106393 ], [ 80.237043492978614, 12.965944061412753 ], [ 80.237046245590065, 12.96504052875251 ], [ 80.237944394043652, 12.965043158951254 ], [ 80.237944402066375, 12.965040522323477 ], [ 80.238845296667677, 12.965043157451509 ], [ 80.238848042560804, 12.964139631157247 ], [ 80.239746197732259, 12.96414225499011 ], [ 80.239746205716003, 12.964139624766943 ], [ 80.240647100355943, 12.964142253490248 ], [ 80.240647108320758, 12.964139626384176 ], [ 80.241548002979513, 12.96414225199028 ], [ 80.241548010925442, 12.964139628001297 ], [ 80.242430579369412, 12.964142197173896 ], [ 80.242427862295173, 12.965040469157399 ], [ 80.243331477016568, 12.965043096675776 ], [ 80.243328762969568, 12.965941371625037 ], [ 80.24333148336548, 12.965941379531168 ], [ 80.243328761213121, 12.966842272403339 ], [ 80.243331481804788, 12.96684228031055 ], [ 80.243328759456546, 12.967743173181642 ], [ 80.244232371539553, 12.967745798074343 ], [ 80.244229660131154, 12.968644075649598 ], [ 80.245151621274019, 12.968646750793663 ], [ 80.245154345134679, 12.967743245516813 ], [ 80.246052522336939, 12.967745848331809 ], [ 80.246055244827815, 12.966841653141664 ], [ 80.245151635980889, 12.966839034756225 ], [ 80.245154343701003, 12.965940753807653 ], [ 80.245151626545749, 12.965940745929965 ], [ 80.245154341944797, 12.965039852784326 ], [ 80.245151624985056, 12.965039844907713 ], [ 80.245154340188719, 12.964138951761001 ], [ 80.244250728702667, 12.964136330748866 ], [ 80.244253439061694, 12.963238052426668 ], [ 80.244250719252449, 12.963238044533407 ], [ 80.244253437305744, 12.962337151403238 ], [ 80.244250717692253, 12.962337143511052 ], [ 80.244253435549936, 12.96143625037981 ], [ 80.243349821426165, 12.961433626742201 ], [ 80.243352532354123, 12.960536035976434 ], [ 80.244250704611119, 12.96053864364567 ], [ 80.244253429962114, 12.959635136780955 ], [ 80.245133284802606, 12.959637688091432 ], [ 80.245130578366215, 12.960535970332408 ], [ 80.245133291107962, 12.96053597819447 ], [ 80.245130576610748, 12.961436871110939 ], [ 80.246034180889524, 12.961439488541581 ], [ 80.246031477285882, 12.962337773578135 ], [ 80.246935078537291, 12.962340388043025 ], [ 80.246932377961244, 12.963238676045435 ], [ 80.24693508480776, 12.963238683873204 ], [ 80.246932376205635, 12.964139576824181 ], [ 80.246935083246967, 12.964139584653019 ], [ 80.246932374449912, 12.965040477602928 ], [ 80.246935081686061, 12.965040485432832 ], [ 80.246932372694062, 12.96594137838167 ], [ 80.246935080125027, 12.965941386212647 ], [ 80.246932370938083, 12.966842279160407 ], [ 80.247854326022761, 12.966844944368971 ], [ 80.247854333840309, 12.966842341695028 ], [ 80.248755228645777, 12.966844942867768 ], [ 80.248757939073087, 12.965941450321724 ], [ 80.249656129707802, 12.965944040406118 ], [ 80.249658836679771, 12.965040551125691 ], [ 80.250538670688414, 12.965043085098145 ], [ 80.250535982420388, 12.965941385136512 ], [ 80.250538676886435, 12.965941392892686 ], [ 80.250535980664878, 12.966842285915682 ], [ 80.251457936514086, 12.966844938363487 ], [ 80.251457944256885, 12.966842348160291 ], [ 80.252340465981632, 12.966844884098116 ], [ 80.252337783773584, 12.967743190072035 ], [ 80.252340472143999, 12.967743197793057 ], [ 80.25233778201806, 12.968644090851429 ], [ 80.253241362064557, 12.968646684545206 ], [ 80.253238684838962, 12.969544274533074 ], [ 80.252340478884449, 12.969541696099496 ], [ 80.252337778506615, 12.970445892410201 ], [ 80.252340467457302, 12.970445900134386 ], [ 80.252337776750707, 12.971346793189582 ], [ 80.25324135737398, 12.971349387387757 ], [ 80.253238677427589, 12.972247695657934 ], [ 80.254142255018991, 12.97225028688664 ], [ 80.254139580253778, 12.97314787696663 ], [ 80.253241371814937, 12.973145300969549 ], [ 80.253238673915362, 12.974049497216916 ], [ 80.253241360396459, 12.974049504926697 ], [ 80.253238672159071, 12.9749503979964 ], [ 80.253241358833364, 12.974950405707235 ], [ 80.253238670402652, 12.975851298775883 ], [ 80.254160660002754, 12.975853943455991 ], [ 80.254160667700219, 12.975851360938179 ], [ 80.255043147970582, 12.97585388922716 ], [ 80.255040473513446, 12.976752202934051 ], [ 80.255043154086096, 12.976752210609801 ], [ 80.255040471757013, 12.977653103713751 ], [ 80.25504315252239, 12.97765311139055 ], [ 80.255040470000438, 12.978554004493445 ], [ 80.255043150958571, 12.978554012171291 ], [ 80.255040468243749, 12.979454905273142 ], [ 80.255043149394609, 12.979454912952036 ], [ 80.255040466486932, 12.980355806052835 ], [ 80.255962473065907, 12.980358445247447 ], [ 80.255962480731455, 12.9803558681373 ], [ 80.256863375689619, 12.980358443743595 ], [ 80.256866059678629, 12.979454976611684 ], [ 80.257764276749455, 12.979457541280309 ], [ 80.25776428437689, 12.9794549705775 ], [ 80.258646738544087, 12.979457487217527 ], [ 80.258644076224854, 12.980355812810602 ], [ 80.258646744588646, 12.98035582041639 ], [ 80.258644074468393, 12.981256713590726 ], [ 80.259566085124277, 12.981259340190473 ], [ 80.259566092716796, 12.981256775397592 ], [ 80.260448533829276, 12.981259286211015 ], [ 80.260445877581901, 12.9821576177495 ], [ 80.260448539838478, 12.982157625320415 ], [ 80.260445875825411, 12.983058518529839 ], [ 80.260448538273337, 12.983058526101784 ], [ 80.260445874068793, 12.98395941931018 ], [ 80.261367895064836, 12.983962040058183 ], [ 80.261370565706443, 12.983057842825383 ], [ 80.261367903257977, 12.983057835262874 ], [ 80.261370561749231, 12.982157686985683 ], [ 80.262250330679848, 12.982160184256855 ], [ 80.262247680696234, 12.983058521908251 ], [ 80.263169698746779, 12.983061136089482 ], [ 80.263172360468019, 12.982157690181435 ], [ 80.264070599804967, 12.982160233625853 ], [ 80.264070607306394, 12.982157684272922 ], [ 80.264953028305484, 12.982160179904902 ], [ 80.264950390231519, 12.983057768872094 ], [ 80.26405214475723, 12.98305522828611 ], [ 80.264049483811363, 12.983959426066994 ], [ 80.264052133467118, 12.983959433566321 ], [ 80.264049482055071, 12.984860326847768 ], [ 80.264971507123576, 12.984862934996096 ], [ 80.264971514609712, 12.984860388271317 ], [ 80.265872409746748, 12.984862933490573 ], [ 80.265872417214538, 12.984860389887489 ], [ 80.266754822021738, 12.984862879841243 ], [ 80.26675218760748, 12.985761232695626 ], [ 80.266754827905061, 12.985761240141981 ], [ 80.266752185851303, 12.986662133476722 ], [ 80.267655718095241, 12.986664680281804 ], [ 80.267653086531737, 12.987563035946836 ], [ 80.267655723961923, 12.987563043376927 ], [ 80.267653084775404, 12.988463936728037 ], [ 80.268556614167892, 12.98846648072187 ], [ 80.268553985456052, 12.989364839198368 ], [ 80.269476028069846, 12.989367432256808 ], [ 80.269476035469538, 12.989364900324007 ], [ 80.270376930693018, 12.989367430750178 ], [ 80.270379569899262, 12.988463232059766 ], [ 80.269476043560644, 12.988460694412217 ], [ 80.269478668778461, 12.987562332728233 ], [ 80.269476034594533, 12.987562325325765 ], [ 80.269478667022383, 12.986661431707809 ], [ 80.269476033027701, 12.98666142430635 ], [ 80.269478665266419, 12.985760530687376 ], [ 80.269476031460997, 12.985760523286929 ], [ 80.269478663510611, 12.984859629666953 ], [ 80.268556637520362, 12.984857037501422 ], [ 80.268556630106801, 12.984859571903089 ], [ 80.267655738341389, 12.984857035995454 ], [ 80.267655730909553, 12.984859573519017 ], [ 80.266773329510187, 12.984857086633268 ], [ 80.26677596365866, 12.983958733712267 ], [ 80.266773320494124, 12.983958726259001 ], [ 80.266775961902738, 12.983057832691523 ], [ 80.26587242378298, 12.983055283470502 ], [ 80.26587506078107, 12.982156933359361 ], [ 80.265872414751001, 12.982156925889811 ], [ 80.265875059025277, 12.981256032338507 ], [ 80.264971518056655, 12.981253480308219 ], [ 80.264974155673755, 12.980355891786525 ], [ 80.265872401920646, 12.980358428698892 ], [ 80.265875055514087, 12.979454230296803 ], [ 80.265872410054556, 12.979454222830313 ], [ 80.265875051521121, 12.978554091793423 ], [ 80.266773301413323, 12.97855662527733 ], [ 80.266775951369851, 12.977652426567065 ], [ 80.266773309534912, 12.977652419120915 ], [ 80.266775949614811, 12.976751525546321 ], [ 80.266773307969814, 12.976751518101187 ], [ 80.266775947859884, 12.975850624525592 ], [ 80.266773306404829, 12.97585061708147 ], [ 80.266775946105099, 12.974949723504851 ], [ 80.26585395719836, 12.974947123705261 ], [ 80.265853949741086, 12.974949665667289 ], [ 80.264971507094543, 12.974947174318958 ], [ 80.264974145616478, 12.97404882585945 ], [ 80.264070602936897, 12.974046272013378 ], [ 80.264073244494426, 12.973147926526226 ], [ 80.26315126278655, 12.973145317505972 ], [ 80.263151255276313, 12.973147868497566 ], [ 80.262268796187286, 12.973145368258363 ], [ 80.26227144400454, 12.972247028880734 ], [ 80.262268787094982, 12.972247021349004 ], [ 80.262271442249656, 12.971346127859468 ], [ 80.262268785531205, 12.971346120328763 ], [ 80.262271438280564, 12.970445978250199 ], [ 80.263169676849998, 12.97044852266799 ], [ 80.263172338108291, 12.969544324129414 ], [ 80.262268789928328, 12.969541764837198 ], [ 80.26227143477044, 12.968644176660447 ], [ 80.26316967372388, 12.968646720750591 ], [ 80.263172334599659, 12.967742522087098 ], [ 80.263169681887248, 12.967742514578875 ], [ 80.263172332845542, 12.966841621065942 ], [ 80.263169680323983, 12.966841613558746 ], [ 80.263172328867697, 12.965941475872029 ], [ 80.264070571656575, 12.965944016371468 ], [ 80.264073226474821, 12.965040576673092 ], [ 80.264971472714663, 12.965043113909854 ], [ 80.264974126320908, 12.964138914629109 ], [ 80.264070585725705, 12.96413636260319 ], [ 80.26407322519897, 12.963238015294706 ], [ 80.263151279979425, 12.963235408231309 ], [ 80.263151272480457, 12.963237957410557 ], [ 80.262268778979973, 12.963235458850317 ], [ 80.262271422488993, 12.962337871096326 ], [ 80.263169662786382, 12.962340414039632 ], [ 80.263169670283645, 12.962337865190101 ], [ 80.264070565406854, 12.962340412537058 ], [ 80.264073221692357, 12.961436213252632 ], [ 80.264070573555955, 12.961436205769912 ], [ 80.264073219939235, 12.960535312231597 ], [ 80.263151284665767, 12.960532705701903 ], [ 80.263151277169882, 12.960535254386826 ], [ 80.26226877428968, 12.960532756284573 ], [ 80.262271419447828, 12.959634414583087 ], [ 80.261367870135913, 12.959631853981131 ], [ 80.261370518325236, 12.958733515248158 ], [ 80.261367861042629, 12.958733507713479 ], [ 80.261370514357651, 12.957833365526474 ], [ 80.262268752357627, 12.957835910747946 ], [ 80.262271414188902, 12.956931711519347 ], [ 80.261367865447468, 12.956929151415721 ], [ 80.261370510850824, 12.956031563936907 ], [ 80.262268749235233, 12.956034108830263 ], [ 80.262268756743651, 12.956031558018978 ], [ 80.263169651855009, 12.956034107328561 ], [ 80.26317231005342, 12.95512990779109 ], [ 80.263169660012863, 12.955129900297214 ], [ 80.263172308301037, 12.954229006769959 ], [ 80.262268763350036, 12.954226450297979 ], [ 80.262271407178744, 12.953328107434389 ], [ 80.262268754281905, 12.953328099924233 ], [ 80.262271405426517, 12.95242720641315 ], [ 80.261349500353163, 12.952424595111184 ], [ 80.261349492829837, 12.952427148542281 ], [ 80.260466955046113, 12.952424645692771 ], [ 80.260469604933476, 12.951526308762926 ], [ 80.259566050894534, 12.951523743390595 ], [ 80.259568703810515, 12.950625409427039 ], [ 80.259566041775102, 12.950625401864869 ], [ 80.259568702058317, 12.949724508405479 ], [ 80.259566040214679, 12.949724500844345 ], [ 80.259568700306232, 12.948823607383925 ], [ 80.25956603865437, 12.948823599823823 ], [ 80.259568698554304, 12.947922706362371 ], [ 80.259566037094189, 12.947922698803303 ], [ 80.259568696802489, 12.947021805340823 ], [ 80.258646812165765, 12.947019185552733 ], [ 80.258646804593496, 12.947021747332874 ], [ 80.257764237909186, 12.947019236222962 ], [ 80.257766896307757, 12.946120907689645 ], [ 80.256845015359787, 12.946118281710199 ], [ 80.256845007751693, 12.946120849551001 ], [ 80.255944116177261, 12.946118280210376 ], [ 80.255944108550722, 12.946120851164432 ], [ 80.255043216994864, 12.946118278710671 ], [ 80.255040533576732, 12.947021746145495 ], [ 80.254142316253734, 12.947019178053079 ], [ 80.254139629386799, 12.947922648748532 ], [ 80.253241415512832, 12.947920077395388 ], [ 80.253241407828668, 12.947922658023252 ], [ 80.252358823931203, 12.947920128399874 ], [ 80.252361501828531, 12.947021818825892 ], [ 80.252358814669549, 12.947021811120038 ], [ 80.252361500075907, 12.946120917803473 ], [ 80.252358813110547, 12.946120910098671 ], [ 80.25236149832341, 12.945220016781052 ], [ 80.251439621824701, 12.945217371871287 ], [ 80.251439614106573, 12.945219958224142 ], [ 80.250557014071347, 12.94521742294617 ], [ 80.250559697825693, 12.94431911913037 ], [ 80.249656109921901, 12.944316520646812 ], [ 80.249658796700245, 12.943418219793662 ], [ 80.249656100609542, 12.943418212036249 ], [ 80.249658792816902, 12.942518031285463 ], [ 80.250556991788656, 12.942520613938006 ], [ 80.250559690429995, 12.941617132086915 ], [ 80.251457892850411, 12.941619711479222 ], [ 80.251460588043329, 12.940716232888093 ], [ 80.252340511255525, 12.940718756615126 ], [ 80.252337834629159, 12.941617067469011 ], [ 80.25324140890865, 12.941619656117565 ], [ 80.253238735306354, 12.942517969933832 ], [ 80.253241415026352, 12.942517977606823 ], [ 80.253238733554468, 12.943418870713375 ], [ 80.254160603824161, 12.943421508902773 ], [ 80.254160611483883, 12.943418932389763 ], [ 80.255061506443312, 12.943421507403613 ], [ 80.255061514084531, 12.943418934003038 ], [ 80.255962409062349, 12.943421505904338 ], [ 80.255962416685094, 12.943418935616201 ], [ 80.256845002639452, 12.943421452229996 ], [ 80.256842343707973, 12.944319039932713 ], [ 80.255944119295009, 12.944316478525938 ], [ 80.255941437339274, 12.945220677328896 ], [ 80.256863314798778, 12.945223306323999 ], [ 80.256865991245277, 12.944319845632716 ], [ 80.257764215858899, 12.944322403864868 ], [ 80.25776422344579, 12.944319839635572 ], [ 80.258665118477708, 12.944322402365142 ], [ 80.258667790424653, 12.943418202939434 ], [ 80.258665126687944, 12.943418195367146 ], [ 80.258667788673364, 12.942517301917777 ], [ 80.25776423010673, 12.942514731949496 ], [ 80.257766887550019, 12.941616402580827 ], [ 80.256845023153801, 12.941613777498565 ], [ 80.256845015550908, 12.941616344508184 ], [ 80.25596242336897, 12.941613828203197 ], [ 80.255965087053966, 12.940715504928589 ], [ 80.255962414189099, 12.940715497304129 ], [ 80.255965083120088, 12.939815340066851 ], [ 80.25686330544778, 12.939817900566821 ], [ 80.256865980734091, 12.938914440866755 ], [ 80.257764206507943, 12.93891699810832 ], [ 80.25776421408861, 12.938914434875302 ], [ 80.258665109126042, 12.938916996609255 ], [ 80.25866511668832, 12.938914436487661 ], [ 80.259566011744042, 12.938916995110072 ], [ 80.259568679291235, 12.938012795125385 ], [ 80.25956601994038, 12.938012787577687 ], [ 80.259568677540798, 12.937111894103852 ], [ 80.259566018381676, 12.937111886557181 ], [ 80.259568675790504, 12.936210993082318 ], [ 80.259566016823115, 12.936210985536684 ], [ 80.25956867404031, 12.935310092060787 ], [ 80.258665120217159, 12.935307526557446 ], [ 80.258667772917278, 12.934409192722978 ], [ 80.257764216070157, 12.934406624257525 ], [ 80.257766871794033, 12.93350829338506 ], [ 80.257764206936216, 12.933508285805781 ], [ 80.257766870043994, 12.932607392363318 ], [ 80.256845038732507, 12.932604769075484 ], [ 80.256845031140017, 12.932607334422528 ], [ 80.25594413954822, 12.932604767577294 ], [ 80.255941460102704, 12.933508967190477 ], [ 80.255944128192795, 12.933508974797585 ], [ 80.255941458352439, 12.934409867970365 ], [ 80.255944126634958, 12.934409875578515 ], [ 80.255941456602017, 12.935310768750256 ], [ 80.255944125076979, 12.935310776359445 ], [ 80.255941457036243, 12.936210932458962 ], [ 80.255043234135002, 12.936208369447556 ], [ 80.255040552849266, 12.937111835060742 ], [ 80.254160610394521, 12.937109321040502 ], [ 80.25416327955233, 12.936211003187614 ], [ 80.253241435767947, 12.936208366450876 ], [ 80.253238747977946, 12.93711183824934 ], [ 80.252340535027372, 12.937109265794458 ], [ 80.252340527337282, 12.937111847528989 ], [ 80.251439635844235, 12.937109264296296 ], [ 80.251436939207053, 12.938013462666303 ], [ 80.25143962442931, 12.938013470371111 ], [ 80.251436939603067, 12.938913643454438 ], [ 80.250538733546875, 12.938911064481337 ], [ 80.250538725817563, 12.938913652773667 ], [ 80.249656100567734, 12.938911115523887 ], [ 80.249658786187325, 12.938012813657236 ], [ 80.249656091262494, 12.938012805906192 ], [ 80.249658782301552, 12.937112626523838 ], [ 80.25055698244482, 12.937115208176216 ], [ 80.250559682057911, 12.936211009926726 ], [ 80.250556990755214, 12.936211002196398 ], [ 80.250559680306552, 12.935310108904103 ], [ 80.250556989197946, 12.935310101174833 ], [ 80.250559678555348, 12.934409207881485 ], [ 80.250556987640792, 12.934409200153272 ], [ 80.250559676804244, 12.933508306858871 ], [ 80.249637843705045, 12.933505657934566 ], [ 80.249637835963512, 12.9335082483313 ], [ 80.24875518862946, 12.933505708956915 ], [ 80.248757876304438, 12.932607409205611 ], [ 80.248755179312823, 12.932607401442326 ], [ 80.248757874553377, 12.931706508182778 ], [ 80.24875517775628, 12.931706500420558 ], [ 80.248757870671881, 12.930806319374552 ], [ 80.249656068931259, 12.930808902951089 ], [ 80.249658770426407, 12.929904704452719 ], [ 80.249656077250307, 12.929904696711223 ], [ 80.249658768675843, 12.929003803430001 ], [ 80.24873695230184, 12.929001152230601 ], [ 80.248734249814632, 12.92990463815573 ], [ 80.247836051562473, 12.929902051575064 ], [ 80.247833345629147, 12.930805540758332 ], [ 80.246935150823333, 12.930802950919425 ], [ 80.246935143029106, 12.930805550141997 ], [ 80.246034251640069, 12.930802949422693 ], [ 80.246031536901015, 12.931707147103458 ], [ 80.246034240162288, 12.931707154912495 ], [ 80.246031535149712, 12.932608047882152 ], [ 80.246034238605972, 12.932608055692262 ], [ 80.246031533398281, 12.93350894866084 ], [ 80.246935128446879, 12.933511557697805 ], [ 80.24693243407394, 12.934409851124716 ], [ 80.246935134687135, 12.934409858918299 ], [ 80.246932432322367, 12.935310751903511 ], [ 80.246935133130322, 12.935310759698162 ], [ 80.246932430570666, 12.936211652682312 ], [ 80.246935131573409, 12.936211660478026 ], [ 80.246932428818852, 12.937112553461105 ], [ 80.24693513001634, 12.937112561257891 ], [ 80.246932427066895, 12.938013454239901 ], [ 80.246935128459171, 12.938013462037754 ], [ 80.246932425314824, 12.93891435501869 ], [ 80.247836018310892, 12.938916961943377 ], [ 80.247833328108641, 12.939814550842611 ], [ 80.246935135260003, 12.939811959330486 ], [ 80.2469324218103, 12.940716156576269 ], [ 80.246935123786912, 12.940716164377326 ], [ 80.24693242005786, 12.941617057355057 ], [ 80.246935122229232, 12.941617065157178 ], [ 80.246932418305263, 12.942517958133843 ], [ 80.246935120671438, 12.942517965937032 ], [ 80.246932416552568, 12.943418858912626 ], [ 80.247854285486895, 12.943421519393754 ], [ 80.247854293276689, 12.943418921093622 ], [ 80.248736909728478, 12.943421465239449 ], [ 80.248734221779685, 12.944319054289128 ], [ 80.247836026655307, 12.94431646503458 ], [ 80.247833315475518, 12.945220662156565 ], [ 80.24783601519016, 12.945220669944284 ], [ 80.247833315836772, 12.94612085790159 ], [ 80.246935124358288, 12.946118265218368 ], [ 80.246935116545899, 12.946120867304938 ], [ 80.246052502679646, 12.946118316572889 ], [ 80.246055202713521, 12.945220028584853 ], [ 80.246052493290691, 12.94522002075062 ], [ 80.246055200960328, 12.944319127561672 ], [ 80.246052491732755, 12.94431911972851 ], [ 80.246055199207262, 12.943418226538492 ], [ 80.245133330668068, 12.943415559698582 ], [ 80.245133322821488, 12.943418167505104 ], [ 80.24423243148668, 12.943415558200554 ], [ 80.244232423621355, 12.943418169119729 ], [ 80.243331532305405, 12.943415556702634 ], [ 80.243328805086435, 12.944319752945219 ], [ 80.243331520784722, 12.944319760825458 ], [ 80.24332880541094, 12.945219964873065 ], [ 80.242448890758155, 12.945217409939641 ], [ 80.24245160346598, 12.944319134308731 ], [ 80.242448881295815, 12.944319126400528 ], [ 80.24245160171246, 12.94341823328512 ], [ 80.242448879738475, 12.943418225377998 ], [ 80.24245159995904, 12.942517332261506 ], [ 80.241547983492381, 12.942514705935986 ], [ 80.241550698831546, 12.941616432924615 ], [ 80.241547974014992, 12.941616425000849 ], [ 80.241550695012577, 12.940716215339448 ], [ 80.242448865095085, 12.940718825497809 ], [ 80.242451592625883, 12.939815316142356 ], [ 80.243349766158943, 12.93981792303927 ], [ 80.243349774038023, 12.939815309853953 ], [ 80.244250668778989, 12.939817921541897 ], [ 80.244250676639325, 12.939815311468228 ], [ 80.245151571398935, 12.939817920044412 ], [ 80.245154291069724, 12.938913723108573 ], [ 80.244250685030678, 12.938911106856601 ], [ 80.244253389942955, 12.93801282377124 ], [ 80.244250675614083, 12.938012815908142 ], [ 80.244253388190543, 12.937111922747858 ], [ 80.243349779325371, 12.937109303706089 ], [ 80.243352487063561, 12.936211023410317 ], [ 80.243349769892561, 12.936211015530624 ], [ 80.243352485311291, 12.935310122386825 ], [ 80.243349768336202, 12.93531011450821 ], [ 80.243352483559136, 12.934409221363342 ], [ 80.242448872063747, 12.93440659970304 ], [ 80.24245158243194, 12.933508322025483 ], [ 80.242448862615888, 12.933508314130259 ], [ 80.242451580679926, 12.932607421001888 ], [ 80.242448861060041, 12.932607413107746 ], [ 80.242451578928041, 12.931706519978293 ], [ 80.242448859504307, 12.931706512085233 ], [ 80.242451577176269, 12.930805618954704 ], [ 80.242448857948702, 12.930805611062723 ], [ 80.242451575424639, 12.92990471793112 ], [ 80.242448856393239, 12.929904710040221 ], [ 80.242451573673122, 12.92900381690753 ], [ 80.242448854837875, 12.929003809017713 ], [ 80.24245157192172, 12.928102915883946 ], [ 80.241547958578309, 12.928100292289052 ], [ 80.241550670794382, 12.927202016545342 ], [ 80.241547949120232, 12.927202008638913 ], [ 80.241550669043136, 12.926301115521651 ], [ 80.24154794756538, 12.926301107616306 ], [ 80.241550667291989, 12.925400214497962 ], [ 80.240628865869994, 12.92539753540273 ], [ 80.240628857951194, 12.925400155374673 ], [ 80.239727966686814, 12.925397533907436 ], [ 80.239727958749214, 12.925400156988017 ], [ 80.238827067503763, 12.925397532412264 ], [ 80.238827059547333, 12.925400158601473 ], [ 80.237926168320826, 12.925397530917202 ], [ 80.237926160345552, 12.925400160215043 ], [ 80.237025269138016, 12.925397529422254 ], [ 80.237022525187925, 12.926301054849059 ], [ 80.23612436840169, 12.926298428767192 ], [ 80.236124360387549, 12.926301064453229 ], [ 80.235223469219221, 12.926298427272359 ], [ 80.235223461186152, 12.926301066067234 ], [ 80.234322570036852, 12.92629842577764 ], [ 80.234322561984854, 12.926301067681351 ] ], [ [ 80.246935107214668, 12.956028174470989 ], [ 80.246935099390527, 12.956030778410335 ], [ 80.246034208034686, 12.956028172971212 ], [ 80.246031489909853, 12.956931673196692 ], [ 80.245133307295802, 12.956929072312498 ], [ 80.24513058571695, 12.957832575802534 ], [ 80.244232406557131, 12.957829971653668 ], [ 80.244229681523791, 12.958733478408648 ], [ 80.243331505818702, 12.958730870994742 ], [ 80.243331497916259, 12.958733487903663 ], [ 80.24243060663953, 12.958730869495094 ], [ 80.242430598718258, 12.958733489520091 ], [ 80.241529707460472, 12.958730867995552 ], [ 80.241529699520342, 12.958733491136636 ], [ 80.240647108966201, 12.958730919844015 ], [ 80.240649831039647, 12.957832653040594 ], [ 80.239727910661259, 12.95782996415651 ], [ 80.23972790268445, 12.957832593359743 ], [ 80.238845302220696, 12.957830016099388 ], [ 80.238848030538918, 12.956931755394436 ], [ 80.237944398068166, 12.956929113801023 ], [ 80.237947129410344, 12.956030856059282 ], [ 80.237944388496288, 12.956030848042531 ], [ 80.237947125627883, 12.95513062163435 ], [ 80.238845279523247, 12.955133246873242 ], [ 80.238848023237182, 12.954229722439418 ], [ 80.239746180587915, 12.954232344413017 ], [ 80.23974618855965, 12.954229716060119 ], [ 80.240647083210291, 12.954232342914352 ], [ 80.240647091163154, 12.954229717676336 ], [ 80.24152969732684, 12.954232288183642 ], [ 80.241526979178317, 12.95513055890887 ], [ 80.242448890013051, 12.955133240877922 ], [ 80.242451620698162, 12.95422972882853 ], [ 80.243349791076795, 12.954232338417684 ], [ 80.243349798973128, 12.954229722524291 ], [ 80.244250693698717, 12.954232336918565 ], [ 80.244250701576263, 12.954229724140053 ], [ 80.245133294166749, 12.954232282400811 ], [ 80.245130588896288, 12.955130565661175 ], [ 80.246052500501008, 12.955133234880803 ], [ 80.246052508342103, 12.955130628163399 ], [ 80.246953403122717, 12.955133233381238 ], [ 80.246953410945096, 12.955130629778907 ], [ 80.247854305744298, 12.955133231881563 ], [ 80.247857018996257, 12.954229035441488 ], [ 80.247854314097239, 12.95422902763398 ], [ 80.24785701724204, 12.953328134418506 ], [ 80.247854312537825, 12.953328126612066 ], [ 80.247857013377541, 12.952427936822591 ], [ 80.248755203688773, 12.952430527500336 ], [ 80.248757910987862, 12.951527037625397 ], [ 80.249656104750912, 12.951529625040386 ], [ 80.24965611251298, 12.951527031454566 ], [ 80.250557007371697, 12.951529623540809 ], [ 80.250557015115135, 12.951527033069251 ], [ 80.251457909992354, 12.951529622041118 ], [ 80.25145791771719, 12.951527034683817 ], [ 80.252358812612925, 12.951529620541312 ], [ 80.252358820319159, 12.951527036298272 ], [ 80.253259715233355, 12.951529619041395 ], [ 80.25326240605699, 12.950626144811205 ], [ 80.254160616294342, 12.950628716581532 ], [ 80.254160623962449, 12.950626138733833 ], [ 80.255043191729541, 12.950628662701087 ], [ 80.255040522642645, 12.951526981101795 ], [ 80.255962423093976, 12.95152961454097 ], [ 80.2559624307261, 12.951527042754956 ], [ 80.256844988591652, 12.951529560755183 ], [ 80.256842325751222, 12.952427885253904 ], [ 80.25684499464505, 12.952427892864431 ], [ 80.256842323998427, 12.953328786033863 ], [ 80.256844993084485, 12.953328793645433 ], [ 80.25684232442697, 12.954228951015452 ], [ 80.255944102141243, 12.954226387790476 ], [ 80.255944094505296, 12.954228960242324 ], [ 80.255043202959882, 12.954226386289792 ], [ 80.255040517796957, 12.95512985521481 ], [ 80.254142302218696, 12.955127285631242 ], [ 80.254142294544664, 12.955129864480021 ], [ 80.253241403037691, 12.955127284130672 ], [ 80.253238711166702, 12.956030759414896 ], [ 80.252340502296946, 12.956028183472025 ], [ 80.252337806974282, 12.956931662019196 ], [ 80.251439601556442, 12.95692908281328 ], [ 80.251439593824585, 12.956931671342678 ], [ 80.250538702375991, 12.956929081312829 ], [ 80.250535998214332, 12.957833278123855 ], [ 80.251439582394738, 12.95783587606855 ], [ 80.251436898890901, 12.9587341805906 ], [ 80.251439588566541, 12.958734188319685 ], [ 80.251436897136514, 12.959635081369901 ], [ 80.251439587005791, 12.95963508910004 ], [ 80.251436897516825, 12.96053526764795 ], [ 80.250538696135834, 12.960532684679244 ], [ 80.250538688381127, 12.960535276994731 ], [ 80.249656138011332, 12.960532736016487 ], [ 80.249658828266249, 12.959634438203286 ], [ 80.248755233857835, 12.959631833715621 ], [ 80.248757927140417, 12.958733538868405 ], [ 80.248755224506766, 12.958733531074261 ], [ 80.248757925385704, 12.957832637845526 ], [ 80.248755222946599, 12.957832630052447 ], [ 80.248757923631089, 12.95693173682265 ], [ 80.248755221386574, 12.956931729030638 ], [ 80.248757921876617, 12.956030835799774 ], [ 80.247836006394763, 12.956028175970884 ], [ 80.247835998589338, 12.956030776794755 ], [ 80.246935107214668, 12.956028174470989 ] ], [ [ 80.246935118125975, 12.949721868582925 ], [ 80.246935110309337, 12.949724471343268 ], [ 80.246034218945184, 12.949721867083911 ], [ 80.24603421110983, 12.949724472958319 ], [ 80.245151606326402, 12.949721918541208 ], [ 80.245154310354707, 12.94882363436473 ], [ 80.244232422141849, 12.948820963245403 ], [ 80.244232414270058, 12.948823575178894 ], [ 80.24333152296127, 12.948820961746835 ], [ 80.243331515070707, 12.948823576794192 ], [ 80.24243062378082, 12.94882096024838 ], [ 80.242430615871442, 12.948823578409602 ], [ 80.241529724600468, 12.948820958750034 ], [ 80.241526989706657, 12.949725154240195 ], [ 80.241529713053367, 12.949725162164521 ], [ 80.241526987952255, 12.950626055018313 ], [ 80.241529711495147, 12.950626062943723 ], [ 80.241526988256894, 12.951526275129048 ], [ 80.240647096488146, 12.951523713020563 ], [ 80.240649816997959, 12.950625444849795 ], [ 80.239746192337265, 12.950622810722532 ], [ 80.23974891586991, 12.949724545513877 ], [ 80.238845288186624, 12.949721908424779 ], [ 80.238848012703443, 12.948824317684256 ], [ 80.239746171242786, 12.948826938643572 ], [ 80.239746179207998, 12.948824311310959 ], [ 80.24064707386448, 12.948826937145558 ], [ 80.2406498117344, 12.947922741778271 ], [ 80.239727927797304, 12.947920054913412 ], [ 80.239727919832475, 12.947922682246196 ], [ 80.23882702861718, 12.947920053415517 ], [ 80.238827020633479, 12.947922683861972 ], [ 80.237926129437184, 12.947920051917738 ], [ 80.237926121434555, 12.947922685477858 ], [ 80.237043479886125, 12.947920103830132 ], [ 80.237046212484415, 12.947021847505498 ], [ 80.237043470307626, 12.947021839480765 ], [ 80.237046210729815, 12.946120946481225 ], [ 80.237043468750599, 12.946120938457589 ], [ 80.237046208975343, 12.945220045456955 ], [ 80.237043467193715, 12.945220037434419 ], [ 80.237046207220985, 12.944319144432688 ], [ 80.236142571062643, 12.944316498976002 ], [ 80.23614530609207, 12.943418245096032 ], [ 80.235241666913765, 12.943415596679687 ], [ 80.235244404962955, 12.942517345759269 ], [ 80.235241657303675, 12.942517337702109 ], [ 80.235244401196454, 12.941617104958528 ], [ 80.23614254830548, 12.941619736938275 ], [ 80.236142556337597, 12.941617098517957 ], [ 80.237043450926691, 12.941619735441588 ], [ 80.23704619817677, 12.940716207359133 ], [ 80.237944351991928, 12.940718832982968 ], [ 80.237947095789949, 12.939815308162945 ], [ 80.238845253056937, 12.939817930524447 ], [ 80.238845261030121, 12.939815301780865 ], [ 80.239727923845635, 12.939817875889645 ], [ 80.239725202389252, 12.940716143085586 ], [ 80.239727930243532, 12.940716151036735 ], [ 80.239725200635874, 12.941617043863499 ], [ 80.23972792868679, 12.941617051815738 ], [ 80.239725200932043, 12.942517268230921 ], [ 80.238827037957066, 12.942514648374605 ], [ 80.238824294701274, 12.943418843732161 ], [ 80.238827026380889, 12.943418851705449 ], [ 80.238824294988419, 12.944319071845925 ], [ 80.237926135663798, 12.944316448557553 ], [ 80.237923388765807, 12.945220643600273 ], [ 80.23884526239388, 12.945223336294692 ], [ 80.238845270373602, 12.94522070652946 ], [ 80.239727914497564, 12.945223281584102 ], [ 80.239725191867066, 12.946121547753055 ], [ 80.239727920901231, 12.946121555710738 ], [ 80.239725190112921, 12.947022448530964 ], [ 80.2406470707502, 12.94702513522261 ], [ 80.240647078694366, 12.947022511343381 ], [ 80.241529709801753, 12.947025080592864 ], [ 80.241526993215103, 12.947923352683953 ], [ 80.242448877550075, 12.947926033187942 ], [ 80.242451606657994, 12.947022522485433 ], [ 80.243331508223349, 12.947025077703151 ], [ 80.243328798072, 12.947923356058594 ], [ 80.244250682792412, 12.947926030191351 ], [ 80.244253405389841, 12.947022525677994 ], [ 80.245151583855758, 12.947025127731948 ], [ 80.245151591705934, 12.947022519419033 ], [ 80.246052486476515, 12.947025126233481 ], [ 80.246052494307975, 12.947022521033821 ], [ 80.246953389097158, 12.947025124734896 ], [ 80.246953396909916, 12.947022522648496 ], [ 80.247836004278966, 12.947025070477318 ], [ 80.247833310216237, 12.947923364493219 ], [ 80.247836010514561, 12.947923372284135 ], [ 80.247833308462901, 12.948824265272101 ], [ 80.247836008955773, 12.948824273064083 ], [ 80.247833308821512, 12.949724461935286 ], [ 80.246935118125975, 12.949721868582925 ] ], [ [ 80.239748891316495, 12.937111931178732 ], [ 80.238845266375904, 12.937109296487185 ], [ 80.238847988142396, 12.936211706588923 ], [ 80.239746149454959, 12.936214325181197 ], [ 80.239748887810876, 12.935310129130881 ], [ 80.238845263262078, 12.935307494781879 ], [ 80.238847986682757, 12.93440922979314 ], [ 80.238845253738205, 12.934409221821547 ], [ 80.238847984930146, 12.933508328769111 ], [ 80.23794435755903, 12.93350569163346 ], [ 80.237947083801814, 12.932607429431163 ], [ 80.237944348018829, 12.932607421442881 ], [ 80.237947080008126, 12.931707201031065 ], [ 80.23882703864696, 12.931709768790601 ], [ 80.238824315737972, 12.932608034398401 ], [ 80.239746143234356, 12.932610721334719 ], [ 80.239746151179972, 12.932608097063531 ], [ 80.240628835515167, 12.932610666853693 ], [ 80.240626118838094, 12.93350893854805 ], [ 80.241529733170722, 12.933511566359426 ], [ 80.241527019512361, 12.934409841011947 ], [ 80.241529739524012, 12.934409848917859 ], [ 80.241527017760092, 12.935310741790092 ], [ 80.241529737967909, 12.935310749697086 ], [ 80.241527018076198, 12.936210957975089 ], [ 80.24062884721134, 12.936208345486717 ], [ 80.240626111828306, 12.937112541660197 ], [ 80.240628835662235, 12.937112549588166 ], [ 80.240626112135473, 12.93801276158892 ], [ 80.23974617052319, 12.938010198783539 ], [ 80.239748891316495, 12.937111931178732 ] ], [ [ 80.23614254304438, 12.928100283633416 ], [ 80.236145272506548, 12.927202693879041 ], [ 80.237025248001771, 12.927205266929072 ], [ 80.237022521683244, 12.92810285686808 ], [ 80.23614254304438, 12.928100283633416 ] ], [ [ 80.236145281270993, 12.931707197840284 ], [ 80.237025240222422, 12.931709771676188 ], [ 80.237022512919339, 12.932607361915645 ], [ 80.236142550823189, 12.93260478789511 ], [ 80.236145281270993, 12.931707197840284 ] ], [ [ 80.243349783286533, 12.949727833611993 ], [ 80.243349791177494, 12.949725218564804 ], [ 80.244250685907886, 12.949727832113425 ], [ 80.244250693780046, 12.949725220180099 ], [ 80.245133301966789, 12.949727777658513 ], [ 80.245130599757388, 12.950625367733 ], [ 80.244232419025906, 12.950622764927038 ], [ 80.244232411151955, 12.950625377198618 ], [ 80.243331519845555, 12.950622763428251 ], [ 80.243331511952832, 12.950625378814097 ], [ 80.242448900112066, 12.950622815058162 ], [ 80.242451611922107, 12.949725224864089 ], [ 80.243349783286533, 12.949727833611993 ] ], [ [ 80.25596514667231, 12.971346139676719 ], [ 80.2559624672555, 12.971346132016739 ], [ 80.255965142751819, 12.970445967071027 ], [ 80.256844955774199, 12.970448480645958 ], [ 80.256842288915848, 12.971346801632752 ], [ 80.256844961846852, 12.971346809265148 ], [ 80.256842289331502, 12.972246971165811 ], [ 80.255962476475105, 12.972244457258189 ], [ 80.25596514667231, 12.971346139676719 ] ], [ [ 80.255944077163392, 12.968640801266687 ], [ 80.255944069510733, 12.968643376380761 ], [ 80.25506156762745, 12.968640852391172 ], [ 80.255064240281698, 12.967742537276795 ], [ 80.255061558394104, 12.967742529602454 ], [ 80.255064238526529, 12.966841636254662 ], [ 80.25506155683189, 12.966841628581369 ], [ 80.255064236771489, 12.965940735232531 ], [ 80.255061555269791, 12.965940727560286 ], [ 80.255064235016562, 12.965039834210401 ], [ 80.255061553707833, 12.965039826539204 ], [ 80.255064231100334, 12.964139659914558 ], [ 80.255962444940991, 12.964142227975351 ], [ 80.255962452587738, 12.964139653859705 ], [ 80.256844966719456, 12.964142174015903 ], [ 80.256842301200493, 12.965040496173215 ], [ 80.257745864366271, 12.96504307351484 ], [ 80.257743201878583, 12.965941398640803 ], [ 80.257745870414823, 12.965941406248461 ], [ 80.257743200124011, 12.966842299420849 ], [ 80.257745868852268, 12.966842307029546 ], [ 80.257743198369297, 12.967743200200893 ], [ 80.257745867289586, 12.96774320781063 ], [ 80.25774319661447, 12.96864410098093 ], [ 80.258665160615692, 12.968646728265586 ], [ 80.258665168212161, 12.968644162672295 ], [ 80.259547656531126, 12.968646674405599 ], [ 80.259544999726145, 12.969545005136794 ], [ 80.260466967421948, 12.969547626218954 ], [ 80.260466974982563, 12.969545066696449 ], [ 80.261349453386572, 12.96954757245444 ], [ 80.261346802838617, 12.970445909292646 ], [ 80.261349459365434, 12.970445916831729 ], [ 80.261346803290806, 12.971346062172195 ], [ 80.260448568373846, 12.971343511309017 ], [ 80.260448560810474, 12.971346071327757 ], [ 80.259547669194149, 12.971343509805696 ], [ 80.259544996653588, 12.972246966373604 ], [ 80.258646768451669, 12.972244409145105 ], [ 80.258646760850354, 12.972246975567371 ], [ 80.257764281660499, 12.972244460156281 ], [ 80.257766945409273, 12.971346136299797 ], [ 80.257764272477715, 12.971346128676871 ], [ 80.257766943653934, 12.970445235277987 ], [ 80.257764270914649, 12.970445227656096 ], [ 80.257766941898737, 12.969544334256176 ], [ 80.256863374375868, 12.969541756143039 ], [ 80.256866040774895, 12.96864343492244 ], [ 80.255944077163392, 12.968640801266687 ] ], [ [ 80.255941411464775, 12.959634358656897 ], [ 80.255043193597629, 12.959631791342645 ], [ 80.255043185936913, 12.959634367909173 ], [ 80.254160649407837, 12.959631842398711 ], [ 80.254163323365262, 12.958733528742751 ], [ 80.253259745254496, 12.958730940097023 ], [ 80.253262422240596, 12.957832629407742 ], [ 80.253259735997162, 12.957832621707821 ], [ 80.253262420486578, 12.956931728385412 ], [ 80.253259734436554, 12.956931720686539 ], [ 80.253262416580867, 12.95603154957502 ], [ 80.254160625652204, 12.956034122340503 ], [ 80.254160633326592, 12.956031543491893 ], [ 80.255061528273004, 12.956034120839814 ], [ 80.255061535928846, 12.956031545106466 ], [ 80.255962430893675, 12.956034119339014 ], [ 80.255962438531029, 12.956031546720929 ], [ 80.256863333514247, 12.956034117838103 ], [ 80.256863341133112, 12.956031548335277 ], [ 80.25776423613469, 12.956034116337078 ], [ 80.257764243735096, 12.956031549949513 ], [ 80.258665138755021, 12.956034114835944 ], [ 80.25866514633698, 12.956031551563635 ], [ 80.259547678416837, 12.95603406114917 ], [ 80.259545024280811, 12.956932394213029 ], [ 80.259547684419161, 12.956932401773445 ], [ 80.259545024728311, 12.957832550257654 ], [ 80.25864679344312, 12.957829995663523 ], [ 80.258646785858403, 12.957832559433388 ], [ 80.257745894261873, 12.957829994162058 ], [ 80.25774321809665, 12.958733454456912 ], [ 80.256844993519962, 12.958730893503073 ], [ 80.256844985897288, 12.958733463670869 ], [ 80.255944094339085, 12.958730892001729 ], [ 80.255941411464775, 12.959634358656897 ] ], [ [ 80.248757935915947, 12.963238043982821 ], [ 80.248755232309406, 12.963238036183352 ], [ 80.248757932048761, 12.962337847147635 ], [ 80.249656123465584, 12.962340436564741 ], [ 80.249658829656425, 12.961436947951244 ], [ 80.25055702452741, 12.961439534103613 ], [ 80.250557032282501, 12.961436941788293 ], [ 80.251439576147291, 12.961439479859576 ], [ 80.251436891872601, 12.962337783707781 ], [ 80.251439582322803, 12.962337791441087 ], [ 80.251436890117702, 12.96323868448707 ], [ 80.251439580761556, 12.963238692221434 ], [ 80.251436890495384, 12.964138871680182 ], [ 80.250538689893688, 12.96413628804569 ], [ 80.250538682134732, 12.964138881031566 ], [ 80.249637790714317, 12.96413628654448 ], [ 80.249637782936688, 12.96413888264764 ], [ 80.24875524166643, 12.964136337984721 ], [ 80.248757935915947, 12.963238043982821 ] ], [ [ 80.263148618700981, 12.965940652937075 ], [ 80.262268783671374, 12.965938161416098 ], [ 80.262271427751713, 12.965040573480948 ], [ 80.263151259628629, 12.965043064823647 ], [ 80.263148618700981, 12.965940652937075 ] ] ] } },
{ "type": "Feature", "properties": { "hotspot_id": "HOT_0126", "cluster_area_m2": 10000.0, "cluster_perimeter_m": 400.0, "cluster_size_pixels": 1, "mean_lst": 40.37, "peak_lst": 40.37 }, "geometry": { "type": "Polygon", "coordinates": [ [ [ 80.267655741472907, 12.983055234307979 ], [ 80.268577760633917, 12.983057829314463 ], [ 80.26857511604976, 12.983962028015327 ], [ 80.267653093555751, 12.983959432822013 ], [ 80.267655741472907, 12.983055234307979 ] ] ] } },
{ "type": "Feature", "properties": { "hotspot_id": "HOT_0127", "cluster_area_m2": 117919.03, "cluster_perimeter_m": 1780.66, "cluster_size_pixels": 12, "mean_lst": 41.18, "peak_lst": 42.04 }, "geometry": { "type": "Polygon", "coordinates": [ [ [ 80.241526939063291, 12.976751503382424 ], [ 80.240628777081639, 12.976748883304714 ], [ 80.24062603486486, 12.977652405991147 ], [ 80.239727876343963, 12.977649782643566 ], [ 80.239725128638696, 12.978553975756631 ], [ 80.240647125321971, 12.97855666887286 ], [ 80.240647133304208, 12.978554039050174 ], [ 80.241529655165138, 12.978556613800519 ], [ 80.24152693174463, 12.979454879917178 ], [ 80.242448932134423, 12.979457566830495 ], [ 80.242448940079896, 12.979454943079077 ], [ 80.243349834759741, 12.979457565328445 ], [ 80.243352569562731, 12.978553371516204 ], [ 80.243349843181079, 12.97855336358573 ], [ 80.243352565746392, 12.977653151043125 ], [ 80.244250734261271, 12.977655761904366 ], [ 80.244253465415923, 12.976751567778333 ], [ 80.243349847980681, 12.976748941247996 ], [ 80.243352564288529, 12.975850668445506 ], [ 80.242430576996355, 12.975847985467368 ], [ 80.242430569054505, 12.975850608710861 ], [ 80.241529677819528, 12.975847983965757 ], [ 80.241526939063291, 12.976751503382424 ] ] ] } },
{ "type": "Feature", "properties": { "hotspot_id": "HOT_0128", "cluster_area_m2": 862320.38, "cluster_perimeter_m": 8486.55, "cluster_size_pixels": 88, "mean_lst": 40.19, "peak_lst": 42.04 }, "geometry": { "type": "Polygon", "coordinates": [ [ [ 80.228016194040578, 12.967743152674045 ], [ 80.228013418318341, 12.968643418292308 ], [ 80.227115303476694, 12.968640753244896 ], [ 80.227115295219463, 12.96864342814462 ], [ 80.226214404300876, 12.968640751746078 ], [ 80.226214396024389, 12.96864342976412 ], [ 80.225313505125158, 12.968640750247369 ], [ 80.225310707338821, 12.969544940919471 ], [ 80.225313493361426, 12.969544949211302 ], [ 80.225310705579545, 12.970445841695593 ], [ 80.226214382711163, 12.970448529852257 ], [ 80.226211606249493, 12.971346744163935 ], [ 80.227133573453713, 12.971349483680774 ], [ 80.227133581713602, 12.971346808435598 ], [ 80.22801617956317, 12.971349427910782 ], [ 80.228013409349344, 12.972247648324483 ], [ 80.228917077208749, 12.972250327414807 ], [ 80.22891431001996, 12.973148550793033 ], [ 80.229836284450201, 12.973151281108409 ], [ 80.229836292654653, 12.973148614874987 ], [ 80.230718874060273, 12.973151225472126 ], [ 80.230716113121105, 12.974049454953668 ], [ 80.231619771705311, 12.974052124975406 ], [ 80.231617013792388, 12.97495035742242 ], [ 80.231619778312435, 12.97495036558643 ], [ 80.231617012033169, 12.975851258199297 ], [ 80.232538997007481, 12.975853979496094 ], [ 80.232539005157761, 12.975851322105257 ], [ 80.233421566994593, 12.9758539239811 ], [ 80.233418815135664, 12.976752162360233 ], [ 80.234340803819833, 12.976754877457397 ], [ 80.234340811933009, 12.976752226134822 ], [ 80.235241706445834, 12.976754875956692 ], [ 80.235241714539924, 12.976752227754035 ], [ 80.23614260907172, 12.976754874455867 ], [ 80.236142617146754, 12.976752229373131 ], [ 80.237043511697507, 12.976754872954931 ], [ 80.237046268698336, 12.975850680283052 ], [ 80.237043520198, 12.975850672223158 ], [ 80.237046264932943, 12.974950437468401 ], [ 80.23794441120188, 12.974953069530429 ], [ 80.237947162536827, 12.974049538275624 ], [ 80.238845312266619, 12.974052167067867 ], [ 80.2388453202813, 12.974049531855426 ], [ 80.239746214891696, 12.974052165566922 ], [ 80.239748961534616, 12.973147972137156 ], [ 80.239746223356505, 12.973147964137532 ], [ 80.239748959776705, 12.972247071113165 ], [ 80.238826986532246, 12.972244376100697 ], [ 80.238826978519029, 12.972247011143123 ], [ 80.237944424600457, 12.972244428296747 ], [ 80.237947159277354, 12.971346173470575 ], [ 80.237043520444132, 12.971343525996975 ], [ 80.237046258148396, 12.970445274137132 ], [ 80.237043510833828, 12.970445266083834 ], [ 80.237046256390514, 12.969544373112816 ], [ 80.237043509273576, 12.969544365060621 ], [ 80.237046254632759, 12.968643472088505 ], [ 80.236124295241211, 12.968640768239302 ], [ 80.236124287175386, 12.968643411955881 ], [ 80.235241710571259, 12.968640820545859 ], [ 80.235244454131944, 12.967742574445396 ], [ 80.235241700926821, 12.967742566357339 ], [ 80.235244452374204, 12.96684167342087 ], [ 80.234322500005746, 12.966838963560178 ], [ 80.234319735151033, 12.967743156280035 ], [ 80.234322488355559, 12.967743164377845 ], [ 80.234319735380851, 12.968643407093804 ], [ 80.233439905382099, 12.968640817652956 ], [ 80.233442655388302, 12.967742577827053 ], [ 80.232520700093033, 12.967739861400732 ], [ 80.232517928533213, 12.968644053675368 ], [ 80.233421579485224, 12.96864671638428 ], [ 80.233418831184409, 12.969544309703172 ], [ 80.232520696974902, 12.969541663079637 ], [ 80.232517925016651, 12.970445855229356 ], [ 80.233421576363298, 12.970448518283511 ], [ 80.233418825688432, 12.971346757697669 ], [ 80.233421582927974, 12.971346765818989 ], [ 80.23341882590762, 12.972247012732746 ], [ 80.232520692296788, 12.97224436559801 ], [ 80.232520684150231, 12.972247022474244 ], [ 80.231638106435483, 12.972244418168609 ], [ 80.231640863678251, 12.971346185309026 ], [ 80.2307372022793, 12.971343515870128 ], [ 80.230739960592288, 12.970445922309539 ], [ 80.231638085024514, 12.970448575221377 ], [ 80.231640860160965, 12.969544383259088 ], [ 80.231638093590917, 12.969544375092411 ], [ 80.231640858402514, 12.968643482234121 ], [ 80.231638092031503, 12.968643474068561 ], [ 80.231640856644191, 12.967742581209157 ], [ 80.230737196037325, 12.967739912462326 ], [ 80.230739955513641, 12.966841681875303 ], [ 80.22983629188235, 12.96683901016452 ], [ 80.229839054382865, 12.965940782541351 ], [ 80.2289171065039, 12.965938053725832 ], [ 80.228914324273731, 12.96684161467163 ], [ 80.228016205769336, 12.966838953066016 ], [ 80.228013418144002, 12.967743144442244 ], [ 80.228016194040578, 12.967743152674045 ] ], [ [ 80.228935382248082, 12.968644109303362 ], [ 80.22981798265748, 12.9686467221686 ], [ 80.229815221433753, 12.969544316102493 ], [ 80.228917100270024, 12.969541657081892 ], [ 80.228917092050125, 12.969544325917393 ], [ 80.228034491372398, 12.969541709828039 ], [ 80.228037258980407, 12.968644115926503 ], [ 80.22893537403003, 12.968646777793861 ], [ 80.228935382248082, 12.968644109303362 ] ], [ [ 80.229836298123374, 12.970442613571926 ], [ 80.229839059468731, 12.96954501991795 ], [ 80.230718880303726, 12.969547621672557 ], [ 80.230716122112128, 12.970445215512656 ], [ 80.229836298123374, 12.970442613571926 ] ] ] } },
{ "type": "Feature", "properties": { "hotspot_id": "HOT_0129", "cluster_area_m2": 255166.97, "cluster_perimeter_m": 2774.36, "cluster_size_pixels": 26, "mean_lst": 40.63, "peak_lst": 41.9 }, "geometry": { "type": "Polygon", "coordinates": [ [ [ 80.24603418307349, 12.970442586428344 ], [ 80.246034175213467, 12.970445196180771 ], [ 80.245133283895498, 12.970442584926943 ], [ 80.245130557292427, 12.971346779674684 ], [ 80.245133272377601, 12.971346787549646 ], [ 80.245130555535468, 12.972247680453201 ], [ 80.245133270815941, 12.972247688329231 ], [ 80.245130553778367, 12.973148581231705 ], [ 80.245133269254126, 12.973148589108815 ], [ 80.245130552021138, 12.974049482010219 ], [ 80.246034159017285, 12.974052101817657 ], [ 80.246031452696144, 12.974950384478916 ], [ 80.246034165318946, 12.974950392339371 ], [ 80.246031450938787, 12.975851285257527 ], [ 80.246935055098263, 12.975853902265865 ], [ 80.246932351614007, 12.976752187726435 ], [ 80.247854343197915, 12.976754854934928 ], [ 80.247857061135193, 12.975850659993482 ], [ 80.247854351560576, 12.975850652160336 ], [ 80.247857057280996, 12.9749504566584 ], [ 80.248755242698095, 12.974953051511685 ], [ 80.248757954885207, 12.974049557463445 ], [ 80.249656143760049, 12.974052149049076 ], [ 80.249658852489702, 12.973148658268217 ], [ 80.25055704482179, 12.973151246586562 ], [ 80.250559752215025, 12.972247050832852 ], [ 80.249637776663249, 12.972244394118153 ], [ 80.24963776887607, 12.972246991731332 ], [ 80.248755255729733, 12.972244445669363 ], [ 80.248757951719838, 12.971346153188879 ], [ 80.248755246361995, 12.971346145379815 ], [ 80.248757949963348, 12.970445252165977 ], [ 80.247854350010314, 12.970442642513618 ], [ 80.247857048837176, 12.969544352832386 ], [ 80.246935083812716, 12.96954168708867 ], [ 80.246932366005254, 12.970445186727266 ], [ 80.24603418307349, 12.970442586428344 ] ] ] } },
{ "type": "Feature", "properties": { "hotspot_id": "HOT_0130", "cluster_area_m2": 137363.32, "cluster_perimeter_m": 1586.56, "cluster_size_pixels": 14, "mean_lst": 41.72, "peak_lst": 44.65 }, "geometry": { "type": "Polygon", "coordinates": [ [ [ 80.211797197352055, 12.956931733952764 ], [ 80.210899138550104, 12.956929015404659 ], [ 80.210896291371995, 12.957833203765048 ], [ 80.210899126615999, 12.957833212353183 ], [ 80.210896289612478, 12.958734104539452 ], [ 80.210899125060635, 12.958734113128761 ], [ 80.210896287852847, 12.959635005313855 ], [ 80.211818208564935, 12.959637796605273 ], [ 80.21181821714022, 12.959635070632929 ], [ 80.212719111191575, 12.959637795109453 ], [ 80.212719119747263, 12.959635072253233 ], [ 80.213620013818101, 12.959637793613521 ], [ 80.213620022354206, 12.959635073873418 ], [ 80.214520916444499, 12.959637792117473 ], [ 80.214523750953717, 12.958733603091289 ], [ 80.214520925223184, 12.958733594570742 ], [ 80.214523749194555, 12.957832702064275 ], [ 80.214520923667465, 12.957832693544891 ], [ 80.214523747435535, 12.956931801037262 ], [ 80.213620028030277, 12.956929074802991 ], [ 80.213622846300694, 12.95603090170219 ], [ 80.212700938455825, 12.956028117558724 ], [ 80.212700929904059, 12.956030839886903 ], [ 80.211800039280192, 12.95602811606323 ], [ 80.211797197352055, 12.956931733952764 ] ] ] } },
{ "type": "Feature", "properties": { "hotspot_id": "HOT_0131", "cluster_area_m2": 966533.46, "cluster_perimeter_m": 4932.32, "cluster_size_pixels": 99, "mean_lst": 43.98, "peak_lst": 47.14 }, "geometry": { "type": "Polygon", "coordinates": [ [ [ 80.221709929645044, 12.951526318632032 ], [ 80.220809038819098, 12.951523626833236 ], [ 80.220806230488265, 12.952427212895893 ], [ 80.219908138086751, 12.952424526175156 ], [ 80.219905324424602, 12.953328716806357 ], [ 80.219908126267867, 12.953328725193698 ], [ 80.219905324537493, 12.954229016517587 ], [ 80.219007235799353, 12.954226326354759 ], [ 80.219004418482612, 12.955130516666308 ], [ 80.219007223967935, 12.955130525075342 ], [ 80.21900441672453, 12.956031417441695 ], [ 80.219908113204397, 12.956034124753058 ], [ 80.219905317393014, 12.956932319908347 ], [ 80.219908120043456, 12.956932328300276 ], [ 80.219905315634804, 12.957833220683842 ], [ 80.220809009296516, 12.957835925211439 ], [ 80.220806216303487, 12.958734123150698 ], [ 80.221728135895418, 12.958736879181306 ], [ 80.221728144255266, 12.958734187660301 ], [ 80.222629038520694, 12.958736877684352 ], [ 80.222629046861172, 12.958734189279257 ], [ 80.223529941145827, 12.95873687618729 ], [ 80.223529949467007, 12.958734190898099 ], [ 80.224430843770861, 12.958736874690111 ], [ 80.224430852072729, 12.958734192516825 ], [ 80.225331746395781, 12.958736873192816 ], [ 80.225331754678365, 12.95873419413544 ], [ 80.226232649020588, 12.958736871695416 ], [ 80.226235439143949, 12.95783330323107 ], [ 80.227133550088453, 12.957835969234818 ], [ 80.227133558331431, 12.957833296582097 ], [ 80.228034452712905, 12.957835967737301 ], [ 80.228034460936684, 12.957833298200274 ], [ 80.228935355337271, 12.957835966239665 ], [ 80.228935363541837, 12.95783329981834 ], [ 80.229836257961495, 12.957835964741918 ], [ 80.229839034850485, 12.956932408835117 ], [ 80.23073715902845, 12.956935062281415 ], [ 80.230737167193624, 12.956932402263526 ], [ 80.231638061652347, 12.956935060783549 ], [ 80.231640831825018, 12.956031511240417 ], [ 80.232538962718849, 12.95603415832314 ], [ 80.232538970844686, 12.956031504707886 ], [ 80.23343986534239, 12.95603415682516 ], [ 80.233442630788176, 12.955129963480777 ], [ 80.23343987387922, 12.955129955370099 ], [ 80.233442629031984, 12.954229062456056 ], [ 80.232538977833727, 12.954226402572989 ], [ 80.232541727902046, 12.953328163120595 ], [ 80.231619825841619, 12.953325446472189 ], [ 80.231619817699311, 12.953328102859206 ], [ 80.230737171089331, 12.953325498831791 ], [ 80.230739927397678, 12.952427265474393 ], [ 80.229818029041496, 12.952424542638148 ], [ 80.229818020862055, 12.952427205082689 ], [ 80.228935364345119, 12.952424595091335 ], [ 80.228938126892487, 12.95152636782821 ], [ 80.228016232241217, 12.951523638804998 ], [ 80.2280162240246, 12.951526307306256 ], [ 80.227133557601135, 12.951523691351612 ], [ 80.227136326386514, 12.950625470182045 ], [ 80.226214435440824, 12.950622734972736 ], [ 80.226214427186918, 12.950625409529907 ], [ 80.22531353626276, 12.950622733476203 ], [ 80.225310744418351, 12.951526303890276 ], [ 80.224412635529248, 12.951523632818214 ], [ 80.224412627235722, 12.951526313777443 ], [ 80.223511736351554, 12.951523631321798 ], [ 80.223511728038744, 12.951526315395526 ], [ 80.222610837173946, 12.951523629825497 ], [ 80.222610828841852, 12.951526317013718 ], [ 80.221709937996479, 12.951523628329308 ], [ 80.221709929645044, 12.951526318632032 ] ] ] } },
{ "type": "Feature", "properties": { "hotspot_id": "HOT_0132", "cluster_area_m2": 128499.42, "cluster_perimeter_m": 2189.49, "cluster_size_pixels": 13, "mean_lst": 41.08, "peak_lst": 41.68 }, "geometry": { "type": "Polygon", "coordinates": [ [ [ 80.209094504111278, 12.948824192638005 ], [ 80.209097343787732, 12.948824201253633 ], [ 80.209094502352798, 12.949725093412201 ], [ 80.209097342233846, 12.949725102029008 ], [ 80.20909450059419, 12.950625994186405 ], [ 80.209097340679818, 12.950626002804388 ], [ 80.209094498835469, 12.951526894960608 ], [ 80.209097339125677, 12.95152690357977 ], [ 80.209094497076606, 12.952427795734797 ], [ 80.209097337571407, 12.952427804355141 ], [ 80.209094495317615, 12.953328696508997 ], [ 80.209097336017024, 12.953328705130515 ], [ 80.20909449355851, 12.95422959728319 ], [ 80.210016393984944, 12.954232393805666 ], [ 80.210016402592416, 12.954229662661165 ], [ 80.210899124248201, 12.954232337280441 ], [ 80.21089629664975, 12.955130501441827 ], [ 80.21181820079147, 12.955133291780603 ], [ 80.211821044030373, 12.954229103031729 ], [ 80.211818209602257, 12.954229094458316 ], [ 80.211821042271495, 12.953328202004398 ], [ 80.211818208047504, 12.953328193432156 ], [ 80.211821040512746, 12.952427300977069 ], [ 80.210917312464417, 12.952424566224947 ], [ 80.210920139377265, 12.951526401641468 ], [ 80.210016408313962, 12.951523663932882 ], [ 80.210019238241571, 12.950625502305767 ], [ 80.210016398155304, 12.950625493697828 ], [ 80.21001923648295, 12.949724601278225 ], [ 80.21001639660129, 12.949724592671464 ], [ 80.21001923472447, 12.948823700250683 ], [ 80.21001639504739, 12.948823691645098 ], [ 80.210019232966118, 12.947922799223146 ], [ 80.20909735573737, 12.947920004048225 ], [ 80.209094504111278, 12.948824192638005 ] ] ] } },
{ "type": "Feature", "properties": { "hotspot_id": "HOT_0133", "cluster_area_m2": 5239937.18, "cluster_perimeter_m": 28685.78, "cluster_size_pixels": 536, "mean_lst": 40.67, "peak_lst": 45.57 }, "geometry": { "type": "Polygon", "coordinates": [ [ [ 80.19468303397511, 12.910082145096165 ], [ 80.194680139157754, 12.910986333113597 ], [ 80.194683021876074, 12.910986341995018 ], [ 80.194680137402699, 12.911887233886125 ], [ 80.194683020329265, 12.911887242768765 ], [ 80.194680135647516, 12.912788134658651 ], [ 80.194683018782342, 12.912788143542512 ], [ 80.194680133892206, 12.913689035431183 ], [ 80.19558390755563, 12.91369181886985 ], [ 80.195581034554891, 12.914589937892881 ], [ 80.196484805217196, 12.914592718386873 ], [ 80.196481935217776, 12.915490840354691 ], [ 80.196484812520893, 12.915490849202467 ], [ 80.196481933462337, 12.91639174112743 ], [ 80.197385701329509, 12.916394518857308 ], [ 80.197382835813045, 12.917292114981027 ], [ 80.196484819959892, 12.917289354751496 ], [ 80.196481929951048, 12.918193542672901 ], [ 80.196484807877539, 12.918193551524318 ], [ 80.196481928195212, 12.919094443445639 ], [ 80.196484806329522, 12.919094452298268 ], [ 80.196481926439276, 12.919995344218373 ], [ 80.196484804781363, 12.919995353072215 ], [ 80.196481924683184, 12.9208962449911 ], [ 80.197403699853766, 12.920899078954127 ], [ 80.197403708693429, 12.92089631084446 ], [ 80.198304602477194, 12.92089907746479 ], [ 80.198304611297019, 12.920896312462601 ], [ 80.199205505100508, 12.920899075975344 ], [ 80.199205513900509, 12.920896314080627 ], [ 80.200106407723695, 12.920899074485781 ], [ 80.200106416503914, 12.920896315698537 ], [ 80.201007310346768, 12.920899072996111 ], [ 80.201007319107219, 12.920896317316332 ], [ 80.20189018963093, 12.920899016436282 ], [ 80.201887337444262, 12.921797155901102 ], [ 80.201890196822745, 12.921797164638569 ], [ 80.201887335688639, 12.922698056674482 ], [ 80.201890195273506, 12.922698065413147 ], [ 80.201887333932874, 12.923598957447863 ], [ 80.201890193724154, 12.923598966187729 ], [ 80.201887332176995, 12.924499858221239 ], [ 80.201890192174673, 12.9244998669623 ], [ 80.201887330420973, 12.925400758994614 ], [ 80.201890190625079, 12.925400767736878 ], [ 80.201887330388786, 12.926301117122033 ], [ 80.200989300369827, 12.926298370552292 ], [ 80.200989291601402, 12.926301127483825 ], [ 80.200088401191806, 12.926298369061858 ], [ 80.2000883924036, 12.926301129102274 ], [ 80.199187502013913, 12.926298367571537 ], [ 80.199187493205883, 12.926301130720836 ], [ 80.19828660283612, 12.92629836608133 ], [ 80.198286594008266, 12.926301132339511 ], [ 80.197403728518211, 12.926298419998341 ], [ 80.19740659771125, 12.92540029718857 ], [ 80.196484806029346, 12.925397462266263 ], [ 80.196484797162981, 12.925400234562424 ], [ 80.195601921781844, 12.925397516273822 ], [ 80.195604797190029, 12.924499399540183 ], [ 80.194683009222416, 12.924496558452091 ], [ 80.194680111061771, 12.925400745473878 ], [ 80.194682997112309, 12.925400754374808 ], [ 80.194680109304699, 12.926301646246383 ], [ 80.194682995563525, 12.92630165514853 ], [ 80.194680107547512, 12.927202547018885 ], [ 80.194682994014613, 12.927202555922253 ], [ 80.194680105790184, 12.928103447791385 ], [ 80.195601906990888, 12.928106289668294 ], [ 80.195601915880033, 12.928103513903633 ], [ 80.196502809615467, 12.928106288178311 ], [ 80.196502818484717, 12.928103515522741 ], [ 80.197385681181387, 12.928106231254844 ], [ 80.197382811292997, 12.929004353636307 ], [ 80.198286578839088, 12.929007130769913 ], [ 80.198283711956194, 12.929905256099824 ], [ 80.19920552058683, 12.929908085640758 ], [ 80.19920552939891, 12.929905321954079 ], [ 80.200088375705036, 12.929908028845855 ], [ 80.200085516744068, 12.930805625385313 ], [ 80.199187494267989, 12.930802871748137 ], [ 80.199184610862375, 12.93170705933648 ], [ 80.1991874822087, 12.931707068146514 ], [ 80.199184609105004, 12.932607960109518 ], [ 80.200088371050697, 12.932610731705836 ], [ 80.200085509768627, 12.933508862573452 ], [ 80.201007332034393, 12.933511686524573 ], [ 80.201007340811671, 12.933508928341775 ], [ 80.201890167915394, 12.93351162978046 ], [ 80.201887312853941, 12.934409766728283 ], [ 80.20189017512223, 12.934409775482521 ], [ 80.201887311096542, 12.935310667501639 ], [ 80.201890173571272, 12.935310676257082 ], [ 80.201887309339028, 12.936211568274997 ], [ 80.202809141934736, 12.936214386440078 ], [ 80.20281201159969, 12.935310741900393 ], [ 80.203710043008812, 12.935313483982245 ], [ 80.203710051729175, 12.935310734774001 ], [ 80.204610945633306, 12.935313482490375 ], [ 80.204613810328411, 12.934409293951251 ], [ 80.203710060632361, 12.934406537708995 ], [ 80.203712907455468, 12.933508941921561 ], [ 80.204610942532142, 12.933511680558649 ], [ 80.20461380681445, 12.932607491894926 ], [ 80.204610951423703, 12.932607483192653 ], [ 80.204613803312171, 12.931707141942281 ], [ 80.205511842055401, 12.931709877135365 ], [ 80.205511850731597, 12.931707134859543 ], [ 80.206394667062824, 12.931709820676859 ], [ 80.206391828476242, 12.932607973632734 ], [ 80.206394674168379, 12.932607982286026 ], [ 80.206391828480818, 12.933508317231135 ], [ 80.205493783860092, 12.933505584694835 ], [ 80.20549092254096, 12.934409773490311 ], [ 80.205493771876732, 12.934409782165647 ], [ 80.20549092078403, 12.935310674264102 ], [ 80.206394660852624, 12.935313424487447 ], [ 80.206391821449245, 12.936211576728342 ], [ 80.206394667962414, 12.936211585386378 ], [ 80.206391819692172, 12.937112477502243 ], [ 80.206394666410617, 12.937112486161462 ], [ 80.206391819692968, 12.938012822293999 ], [ 80.205511872029831, 12.938010143985297 ], [ 80.205514714979799, 12.937111995344987 ], [ 80.204592878479147, 12.93710918654693 ], [ 80.204592869775368, 12.937111933178514 ], [ 80.203691979302093, 12.937109185054736 ], [ 80.203691970578561, 12.93711193479762 ], [ 80.202791080125138, 12.937109183562658 ], [ 80.202788208245636, 12.938013371512817 ], [ 80.202791068105597, 12.938013380252082 ], [ 80.202788206487867, 12.938914272286274 ], [ 80.202791066554013, 12.938914281026738 ], [ 80.202788204729956, 12.939815173059735 ], [ 80.202791065002302, 12.939815181801393 ], [ 80.202788202971917, 12.94071607383319 ], [ 80.203710052314577, 12.940718889778028 ], [ 80.203710061042116, 12.940716139500887 ], [ 80.204610954939781, 12.940718888285506 ], [ 80.204610963647582, 12.940716141120268 ], [ 80.205511857564858, 12.940718886792876 ], [ 80.205511866252962, 12.940716142739534 ], [ 80.206394651533572, 12.94071883020321 ], [ 80.206391810904961, 12.941616981371709 ], [ 80.206394658649742, 12.941616990036856 ], [ 80.206391810901991, 12.942517327356851 ], [ 80.205493768346969, 12.942514593055899 ], [ 80.205490904965984, 12.94341878122817 ], [ 80.205493756356773, 12.943418789915389 ], [ 80.205490903207789, 12.944319682001945 ], [ 80.205493754804095, 12.944319690690351 ], [ 80.20549090144948, 12.945220582775722 ], [ 80.206412767949828, 12.945223390128248 ], [ 80.206415628421198, 12.94431920187801 ], [ 80.206412776824266, 12.944319193199686 ], [ 80.206415624908843, 12.943418855400108 ], [ 80.207313667470672, 12.943421586703822 ], [ 80.207313676122936, 12.943418848342285 ], [ 80.208214570095791, 12.943421585210524 ], [ 80.208214578728402, 12.943418849961487 ], [ 80.209115472720768, 12.943421583717111 ], [ 80.209115481333725, 12.943418851580581 ], [ 80.210016375345631, 12.943421582223589 ], [ 80.210019220630372, 12.942517961008434 ], [ 80.210917276417788, 12.942520679764872 ], [ 80.210917284990387, 12.942517954029855 ], [ 80.211818179042311, 12.942520678271233 ], [ 80.211818187595341, 12.94251795564851 ], [ 80.212719081666734, 12.94252067677748 ], [ 80.212721916981849, 12.941617065015771 ], [ 80.213619982738209, 12.941619774318857 ], [ 80.213619991251022, 12.941617058096641 ], [ 80.214520885362276, 12.941619772824989 ], [ 80.214520893855578, 12.941617059714861 ], [ 80.215421787986216, 12.941619771331004 ], [ 80.21542461333334, 12.940716169021746 ], [ 80.216304542825512, 12.940718814350769 ], [ 80.216301737565274, 12.941616999966381 ], [ 80.217223593233768, 12.941619768342701 ], [ 80.217226412072279, 12.940716172218542 ], [ 80.218124494304107, 12.940718865884168 ], [ 80.218124502718496, 12.940716165397305 ], [ 80.219025396927478, 12.940718864389845 ], [ 80.219025405322498, 12.940716167014862 ], [ 80.21992629955075, 12.940718862895405 ], [ 80.2199291084235, 12.93981527622242 ], [ 80.220827200620391, 12.939817960436967 ], [ 80.22083000792513, 12.938913768671446 ], [ 80.220827209309789, 12.938913760312333 ], [ 80.220830006169564, 12.938012867645229 ], [ 80.220827207755988, 12.938012859287262 ], [ 80.220830004414111, 12.937111966619021 ], [ 80.220827206202316, 12.937111958262191 ], [ 80.220830002658801, 12.936211065592808 ], [ 80.219926310407956, 12.936208365341338 ], [ 80.219929101525807, 12.935310166255245 ], [ 80.219926300484204, 12.935310157881379 ], [ 80.219929097886933, 12.934409871478641 ], [ 80.220827191302007, 12.934412554653578 ], [ 80.220829997393594, 12.933508362514184 ], [ 80.220827199988861, 12.93350835416193 ], [ 80.22082999563878, 12.932607461487976 ], [ 80.220827198435813, 12.932607453136868 ], [ 80.220829993884095, 12.931706560461773 ], [ 80.220827196882865, 12.931706552111809 ], [ 80.220829992129538, 12.930805659435572 ], [ 80.220827195330074, 12.930805651086752 ], [ 80.220829990375094, 12.929904758409373 ], [ 80.219926299529391, 12.929902059386899 ], [ 80.219929089242157, 12.929003859071061 ], [ 80.21992628961452, 12.929003850705216 ], [ 80.21992908748787, 12.928102958044754 ], [ 80.21902539383133, 12.928100256244969 ], [ 80.219028186354706, 12.927202058706232 ], [ 80.219025383899776, 12.927202050323357 ], [ 80.219028184600546, 12.926301157679823 ], [ 80.219025382347837, 12.926301149298094 ], [ 80.219028182846515, 12.925400256653413 ], [ 80.219025380795998, 12.925400248272837 ], [ 80.219028181092597, 12.924499355627006 ], [ 80.219025379244314, 12.924499347247576 ], [ 80.219028177455996, 12.923599060394764 ], [ 80.219926270057755, 12.923601744579029 ], [ 80.219929076964704, 12.922697551886962 ], [ 80.219926278750918, 12.922697543529139 ], [ 80.219929075211283, 12.921796650860665 ], [ 80.219926277199477, 12.921796642503988 ], [ 80.21992907345799, 12.92089574983437 ], [ 80.219025381409054, 12.920893049440982 ], [ 80.219028172324911, 12.919994850494994 ], [ 80.219025371487675, 12.919994842121307 ], [ 80.219028170571761, 12.919093949468596 ], [ 80.21902536993673, 12.919093941096051 ], [ 80.219028168818724, 12.918193048442202 ], [ 80.219025368385886, 12.918193040070808 ], [ 80.219028167065815, 12.917292147415807 ], [ 80.218124472611166, 12.917289444599634 ], [ 80.218127265932566, 12.916391248076003 ], [ 80.217223568469834, 12.916388542309985 ], [ 80.217226364799075, 12.915490348736091 ], [ 80.216322664328771, 12.915487640020622 ], [ 80.21632546366537, 12.914589449396079 ], [ 80.215421760187965, 12.914586737731542 ], [ 80.215424562531439, 12.913688550055964 ], [ 80.215421750198601, 12.913688541612938 ], [ 80.2154245607787, 12.912787649029141 ], [ 80.214520854496755, 12.91278493459278 ], [ 80.21452365964457, 12.911886749688813 ], [ 80.213619950356701, 12.911884032304368 ], [ 80.213622758510198, 12.91098585034838 ], [ 80.212719046216918, 12.910983130016236 ], [ 80.212721857375612, 12.910084951007844 ], [ 80.212719036174818, 12.910084942511226 ], [ 80.21272185562303, 12.909184049980704 ], [ 80.211800119952287, 12.909181272546814 ], [ 80.211800111441761, 12.909183988820374 ], [ 80.210899220770656, 12.909181271057097 ], [ 80.210896386264395, 12.910084882922966 ], [ 80.20999832004118, 12.910082170404065 ], [ 80.209995480273179, 12.910986361806982 ], [ 80.209998308131304, 12.910986370353672 ], [ 80.209995478520085, 12.911887262581361 ], [ 80.210899197241972, 12.911889992528323 ], [ 80.210896379186707, 12.912788165042793 ], [ 80.211800094903666, 12.912790892042421 ], [ 80.211797279853556, 12.913689067504333 ], [ 80.211800101869045, 12.913689076015567 ], [ 80.211797278100335, 12.914589968278925 ], [ 80.21180010031965, 12.91458997679133 ], [ 80.211797276346985, 12.915490869053516 ], [ 80.212700989463627, 12.915493593460376 ], [ 80.212698177014047, 12.916391771515372 ], [ 80.212700996412551, 12.916391780010645 ], [ 80.21269817526057, 12.917292672290067 ], [ 80.212700994862686, 12.91729268078651 ], [ 80.212698173506965, 12.918193573064762 ], [ 80.212700993312666, 12.91819358156237 ], [ 80.212698171753232, 12.919094473839458 ], [ 80.212700991762546, 12.919094482338229 ], [ 80.212698169999371, 12.919995374614146 ], [ 80.212700990212298, 12.919995383114083 ], [ 80.212698168245382, 12.920896275388838 ], [ 80.212700988661908, 12.920896283889942 ], [ 80.212698168318539, 12.92179659288653 ], [ 80.211800098265982, 12.921793884262136 ], [ 80.211797262315699, 12.922698075250185 ], [ 80.21180008636955, 12.922698083773097 ], [ 80.211797260561241, 12.923598976024763 ], [ 80.212719049086289, 12.923601756514829 ], [ 80.21271905759528, 12.923599040703522 ], [ 80.213619951708125, 12.923601755023247 ], [ 80.213619960197647, 12.923599042319996 ], [ 80.214520854329848, 12.923601753531553 ], [ 80.214520862799915, 12.923599043936363 ], [ 80.215421756951443, 12.923601752039749 ], [ 80.215421765402098, 12.923599045552619 ], [ 80.216304572344256, 12.923601696270284 ], [ 80.216301770915592, 12.924499885239438 ], [ 80.216304579224357, 12.924499893667488 ], [ 80.216301771018905, 12.925400190545696 ], [ 80.215403688784576, 12.925397493577302 ], [ 80.215403680330866, 12.925400200591318 ], [ 80.214502789604623, 12.925397492085175 ], [ 80.214502781131486, 12.925400202207848 ], [ 80.213601890424769, 12.925397490593156 ], [ 80.213599060140751, 12.926301681725292 ], [ 80.213601878547934, 12.92630169021392 ], [ 80.213599058386009, 12.927202582500081 ], [ 80.213601876996563, 12.927202590989872 ], [ 80.213599056631125, 12.928103483274869 ], [ 80.214502766159768, 12.92810620390884 ], [ 80.2144999572985, 12.929004385738217 ], [ 80.215421766256654, 12.929007157827225 ], [ 80.215421774714244, 12.929004450286707 ], [ 80.216304563027407, 12.929007101980076 ], [ 80.216301760388816, 12.929905289890119 ], [ 80.21720546068444, 12.929908001491174 ], [ 80.217202661056888, 12.930806192353677 ], [ 80.218106358341231, 12.93080890100199 ], [ 80.218103561725158, 12.93170709481733 ], [ 80.218106365190593, 12.931707103215849 ], [ 80.218103559970245, 12.932607995592651 ], [ 80.218106363637901, 12.932608003992323 ], [ 80.218103558215191, 12.933508896367972 ], [ 80.218106362085067, 12.933508904768791 ], [ 80.218103558327655, 12.934409197465984 ], [ 80.217205471627693, 12.934406504936902 ], [ 80.21720265228106, 12.935310696229724 ], [ 80.217205459788744, 12.935310704652231 ], [ 80.217202652383847, 12.936211001086704 ], [ 80.216322700039271, 12.936208359575639 ], [ 80.21632550401344, 12.935310173010961 ], [ 80.216322690038439, 12.935310164559564 ], [ 80.216325502257789, 12.93440927198421 ], [ 80.216322688485718, 12.934409263533967 ], [ 80.216325500502265, 12.933508370957458 ], [ 80.215403674821815, 12.933505601112834 ], [ 80.215403666357673, 12.933508309706816 ], [ 80.214502775642899, 12.933505599619725 ], [ 80.214502767159303, 12.933508311324182 ], [ 80.213619987601177, 12.933505652702369 ], [ 80.213622800610352, 12.932607474997692 ], [ 80.213619977546188, 12.932607466491405 ], [ 80.213622798854729, 12.931706573970621 ], [ 80.213619975994192, 12.931706565465495 ], [ 80.213622795269927, 12.930806257134599 ], [ 80.214520866736834, 12.930808961249042 ], [ 80.214523694723169, 12.929904770227697 ], [ 80.213601882670091, 12.929901994778451 ], [ 80.213601874171673, 12.929904708889593 ], [ 80.212719078796894, 12.92990204786226 ], [ 80.212721894209082, 12.929003872578189 ], [ 80.212719068727694, 12.929003864057073 ], [ 80.212721892453857, 12.928102971551015 ], [ 80.211818173099914, 12.928100244722566 ], [ 80.211820991318845, 12.927202072212518 ], [ 80.211818163013902, 12.927202063674233 ], [ 80.211820989563762, 12.926301171185235 ], [ 80.211818161462887, 12.926301162648119 ], [ 80.211820987808792, 12.925400270157958 ], [ 80.210899192885918, 12.925397486117784 ], [ 80.210899184334835, 12.925400208675118 ], [ 80.210016363260252, 12.925397539294192 ], [ 80.210019187293128, 12.92449937250772 ], [ 80.209097396077212, 12.924496582298257 ], [ 80.209097387488228, 12.924499310895946 ], [ 80.208196496897926, 12.924496580807025 ], [ 80.20819648828936, 12.92449931251319 ], [ 80.207295597718769, 12.924496579315907 ], [ 80.207295589090577, 12.924499314130539 ], [ 80.206412751341659, 12.924496632687809 ], [ 80.206415588014679, 12.923598478235215 ], [ 80.206412741144092, 12.92359846958418 ], [ 80.206415586259382, 12.922697577207289 ], [ 80.205511845647791, 12.922694829550698 ], [ 80.205514685122836, 12.921796677868171 ], [ 80.205511835433327, 12.921796669199859 ], [ 80.205514683367682, 12.920895776840137 ], [ 80.205511833883875, 12.920895768173018 ], [ 80.205514681612641, 12.919994875812105 ], [ 80.205511832334551, 12.919994867146173 ], [ 80.205514679857743, 12.919093974784076 ], [ 80.204592909475664, 12.919091169827496 ], [ 80.204590049968402, 12.919994805237545 ], [ 80.203692008747737, 12.919992069173322 ], [ 80.203692000046885, 12.919994815530872 ], [ 80.202809133221152, 12.919992122688544 ], [ 80.202811981711832, 12.919093979850201 ], [ 80.20190822907945, 12.919091220401727 ], [ 80.201911080574391, 12.918193080510672 ], [ 80.201007324938004, 12.918190318115197 ], [ 80.201010179436722, 12.917292181171035 ], [ 80.200106420796828, 12.917289415828948 ], [ 80.200109278298839, 12.916391281831293 ], [ 80.200106410472713, 12.916391273051875 ], [ 80.200109276543728, 12.915490380802618 ], [ 80.199205515106812, 12.915487612694628 ], [ 80.199208375405618, 12.914589481462668 ], [ 80.199205504765686, 12.914589472665879 ], [ 80.199208373650663, 12.913688580433888 ], [ 80.198304609417647, 12.913685809560798 ], [ 80.19830747251234, 12.912787681093725 ], [ 80.198304599059526, 12.912787672279553 ], [ 80.198307470757527, 12.911886780064842 ], [ 80.198304597512248, 12.911886771251877 ], [ 80.198307469002813, 12.910985879035954 ], [ 80.198304595965084, 12.910985870224197 ], [ 80.198307467248242, 12.910084978007069 ], [ 80.197385731513791, 12.910082149559896 ], [ 80.197385722687883, 12.910084915693833 ], [ 80.196484832334107, 12.91008214807187 ], [ 80.19648482348839, 12.910084917311067 ], [ 80.195583933154552, 12.910082146583962 ], [ 80.195583924288968, 12.910084918928417 ], [ 80.19468303397511, 12.910082145096165 ] ], [ [ 80.21540365294257, 12.935313410082305 ], [ 80.215400847520385, 12.936211004282812 ], [ 80.214520894854374, 12.936208356693323 ], [ 80.214523703422131, 12.935310762682668 ], [ 80.21540365294257, 12.935313410082305 ] ], [ [ 80.216301744682525, 12.938913705719457 ], [ 80.215421802109276, 12.938911060684969 ], [ 80.215424608062335, 12.938013466651206 ], [ 80.216304547489344, 12.938016111496056 ], [ 80.216301744682525, 12.938913705719457 ] ] ] } },
{ "type": "Feature", "properties": { "hotspot_id": "HOT_0134", "cluster_area_m2": 19773.46, "cluster_perimeter_m": 596.07, "cluster_size_pixels": 2, "mean_lst": 42.03, "peak_lst": 42.49 }, "geometry": { "type": "Polygon", "coordinates": [ [ [ 80.1992055360856, 12.938917095305927 ], [ 80.199208421078964, 12.93801290821157 ], [ 80.198286582691765, 12.938010076939193 ], [ 80.198286573848179, 12.938012845529235 ], [ 80.19738568351562, 12.938010075447682 ], [ 80.197382791956599, 12.938914262137279 ], [ 80.198304633459955, 12.938917096797555 ], [ 80.198304642303967, 12.938914328207691 ], [ 80.1992055360856, 12.938917095305927 ] ] ] } },
{ "type": "Feature", "properties": { "hotspot_id": "HOT_0135", "cluster_area_m2": 10000.0, "cluster_perimeter_m": 400.0, "cluster_size_pixels": 1, "mean_lst": 40.32, "peak_lst": 40.32 }, "geometry": { "type": "Polygon", "coordinates": [ [ [ 80.197385686615888, 12.936208273777437 ], [ 80.198307518182162, 12.936211107845374 ], [ 80.198304630359431, 12.937115294864324 ], [ 80.197382795473445, 12.937112460591662 ], [ 80.197385686615888, 12.936208273777437 ] ] ] } },
{ "type": "Feature", "properties": { "hotspot_id": "HOT_0136", "cluster_area_m2": 362641.31, "cluster_perimeter_m": 3556.01, "cluster_size_pixels": 37, "mean_lst": 41.7, "peak_lst": 44.28 }, "geometry": { "type": "Polygon", "coordinates": [ [ [ 80.25324145600203, 12.92449665550676 ], [ 80.253238768568295, 12.925400855122156 ], [ 80.253241444618709, 12.925400862775211 ], [ 80.253238766818797, 12.926301755901731 ], [ 80.253241443062336, 12.926301763555836 ], [ 80.25323876506917, 12.927202656681308 ], [ 80.253241441505835, 12.927202664336461 ], [ 80.253238765487552, 12.928102828170458 ], [ 80.252340550593985, 12.928100257376942 ], [ 80.252337861302692, 12.929003730771973 ], [ 80.251439649853708, 12.929001156721494 ], [ 80.251436954964802, 12.929905355652206 ], [ 80.251439638444637, 12.929905363347519 ], [ 80.251436953214437, 12.930806256431559 ], [ 80.252340528400964, 12.930808846189624 ], [ 80.252337853891518, 12.931707158895085 ], [ 80.253259680959403, 12.9317097979221 ], [ 80.253259688623956, 12.931707220468486 ], [ 80.254160583577132, 12.931709796424469 ], [ 80.254160591223226, 12.931707222080679 ], [ 80.255061486194762, 12.931709794926723 ], [ 80.255064166242249, 12.930806330531082 ], [ 80.255962387255451, 12.930808892469193 ], [ 80.255962394863587, 12.93080632451152 ], [ 80.25686328987274, 12.930808890971331 ], [ 80.256863297462459, 12.930806326123273 ], [ 80.257764192489901, 12.930808889473351 ], [ 80.257766862592291, 12.929905434516666 ], [ 80.258665093549894, 12.92990798701592 ], [ 80.258667762418895, 12.929003786593185 ], [ 80.257764206718051, 12.929001219129731 ], [ 80.257766861295693, 12.928102887254624 ], [ 80.256863302572739, 12.928100316830688 ], [ 80.256865960172291, 12.927201987915963 ], [ 80.256863293428665, 12.927201980325558 ], [ 80.25686595842302, 12.926301086894123 ], [ 80.256863291871809, 12.926301079304759 ], [ 80.256865956673863, 12.925400185872283 ], [ 80.255944152001277, 12.925397560839871 ], [ 80.255944144398711, 12.925400127965288 ], [ 80.25506149272536, 12.925397611379136 ], [ 80.255064156175536, 12.924499288216277 ], [ 80.254142355187014, 12.924496657003626 ], [ 80.254142347548623, 12.92449923017937 ], [ 80.25324145600203, 12.92449665550676 ] ], [ [ 80.255064159240888, 12.927202727354516 ], [ 80.25594413149004, 12.927205236622759 ], [ 80.255941472791136, 12.928102823390407 ], [ 80.25506149739833, 12.928100313942107 ], [ 80.255064159240888, 12.927202727354516 ] ] ] } },
{ "type": "Feature", "properties": { "hotspot_id": "HOT_0137", "cluster_area_m2": 19963.56, "cluster_perimeter_m": 599.86, "cluster_size_pixels": 2, "mean_lst": 39.27, "peak_lst": 39.29 }, "geometry": { "type": "Polygon", "coordinates": [ [ [ 80.246055158921592, 12.92269750300586 ], [ 80.245133366451142, 12.922694840358284 ], [ 80.245130650231431, 12.923599038411142 ], [ 80.245133354968047, 12.923599046229215 ], [ 80.245130648481137, 12.924499939189742 ], [ 80.246052447572509, 12.924502602212131 ], [ 80.246055160671759, 12.923598404028997 ], [ 80.24605245593456, 12.923598396220472 ], [ 80.246055158921592, 12.92269750300586 ] ] ] } },
{ "type": "Feature", "properties": { "hotspot_id": "HOT_0138", "cluster_area_m2": 157115.72, "cluster_perimeter_m": 1981.41, "cluster_size_pixels": 16, "mean_lst": 41.75, "peak_lst": 43.37 }, "geometry": { "type": "Polygon", "coordinates": [ [ [ 80.208196503792905, 12.915490302377401 ], [ 80.20729561320934, 12.915487570953141 ], [ 80.207292764274044, 12.916391196395118 ], [ 80.20639471248073, 12.916388470299379 ], [ 80.20639185831854, 12.917292660476088 ], [ 80.2063947005215, 12.917292669109246 ], [ 80.20639185656411, 12.918193561250023 ], [ 80.2073136240585, 12.918196359668498 ], [ 80.207313632677653, 12.91819362627318 ], [ 80.208196488754936, 12.918196303509836 ], [ 80.20819365965005, 12.919094465400374 ], [ 80.209115430851014, 12.919097257653249 ], [ 80.209115439432182, 12.919094530294641 ], [ 80.209998285625929, 12.91909720158513 ], [ 80.209995462736771, 12.919995369550708 ], [ 80.210917237643656, 12.919998155637103 ], [ 80.210920076146465, 12.919093964654859 ], [ 80.210917246449043, 12.919093956107597 ], [ 80.210920074392376, 12.918193063627482 ], [ 80.210917244899264, 12.918193055081389 ], [ 80.210920072638416, 12.917292162600107 ], [ 80.210016349299366, 12.917289431648431 ], [ 80.210019171503077, 12.916391263260333 ], [ 80.210016339190105, 12.916391254697068 ], [ 80.210019169749259, 12.915490362232854 ], [ 80.209097411570141, 12.915487573933312 ], [ 80.20909740299291, 12.915490300761089 ], [ 80.208196512389677, 12.915487572443169 ], [ 80.208196503792905, 12.915490302377401 ] ] ] } },
{ "type": "Feature", "properties": { "hotspot_id": "HOT_0139", "cluster_area_m2": 49438.51, "cluster_perimeter_m": 995.19, "cluster_size_pixels": 5, "mean_lst": 41.93, "peak_lst": 43.05 }, "geometry": { "type": "Polygon", "coordinates": [ [ [ 80.238827083036611, 12.916388524011378 ], [ 80.238824345508945, 12.917292721175164 ], [ 80.238827071479619, 12.917292729116843 ], [ 80.238824343758722, 12.918193621953014 ], [ 80.238827069926245, 12.91819362989578 ], [ 80.238824342008371, 12.919094522730866 ], [ 80.239746119924803, 12.919097206910095 ], [ 80.23974612785409, 12.919094585190734 ], [ 80.240647022542618, 12.919097205415676 ], [ 80.240649753910134, 12.918193007992516 ], [ 80.240647030970933, 12.918193000078153 ], [ 80.240649752160024, 12.917292106968732 ], [ 80.239746134738795, 12.917289479171279 ], [ 80.239748851032317, 12.916391207628847 ], [ 80.238827083036611, 12.916388524011378 ] ] ] } },
{ "type": "Feature", "properties": { "hotspot_id": "HOT_0140", "cluster_area_m2": 500754.0, "cluster_perimeter_m": 5935.59, "cluster_size_pixels": 51, "mean_lst": 38.85, "peak_lst": 40.44 }, "geometry": { "type": "Polygon", "coordinates": [ [ [ 80.229818111359549, 12.904676798170073 ], [ 80.229818103239282, 12.904679451481165 ], [ 80.228917212175034, 12.904676796678638 ], [ 80.228914441609774, 12.905580992546991 ], [ 80.229818091578409, 12.905583655658106 ], [ 80.229815342281341, 12.906481895007603 ], [ 80.230718989241353, 12.90648455516903 ], [ 80.230716242953093, 12.907382797468321 ], [ 80.231619886904028, 12.907385454679677 ], [ 80.231617143625101, 12.908283699929148 ], [ 80.232520784566461, 12.908286354190045 ], [ 80.232518046307035, 12.909183943635606 ], [ 80.231619901976771, 12.909181305349177 ], [ 80.231617140125167, 12.910085501483135 ], [ 80.231619890335523, 12.910085509567107 ], [ 80.23161714037596, 12.91098574724947 ], [ 80.230718999691177, 12.910983105535134 ], [ 80.230718991582123, 12.910985756947545 ], [ 80.229818100507387, 12.910983104042826 ], [ 80.229818092379332, 12.910985758560656 ], [ 80.228917201323711, 12.910983102550636 ], [ 80.228914429358028, 12.911887297983684 ], [ 80.228917189647561, 12.91188730612688 ], [ 80.228914427607279, 12.912788198760348 ], [ 80.229818079161177, 12.912790863260355 ], [ 80.229815328278747, 12.91368910122182 ], [ 80.230718976822217, 12.91369176277049 ], [ 80.230716228950456, 12.914590003683394 ], [ 80.230718983382246, 12.914590011791898 ], [ 80.230716227199551, 12.915490904460272 ], [ 80.230718981830279, 12.91549091256989 ], [ 80.230716225448532, 12.916391805237142 ], [ 80.231637991703934, 12.916394517466863 ], [ 80.231637999799943, 12.916391868300181 ], [ 80.232520770590085, 12.916394462739863 ], [ 80.232518028543581, 12.917292709383945 ], [ 80.232520777114871, 12.917292717457817 ], [ 80.232518026792548, 12.918193610161033 ], [ 80.233439800044735, 12.918196316405448 ], [ 80.233439808105018, 12.918193673108496 ], [ 80.234340702663232, 12.918196314911926 ], [ 80.234343456514395, 12.917292118759125 ], [ 80.233439816623829, 12.917289469082602 ], [ 80.233442555385068, 12.916391219419262 ], [ 80.233439807011678, 12.916391211356192 ], [ 80.233442553634276, 12.915490318394609 ], [ 80.233439805459355, 12.915490310332645 ], [ 80.233442549869707, 12.914590078005885 ], [ 80.234340696455391, 12.914592711062646 ], [ 80.234343449511954, 12.913688514660961 ], [ 80.234340704961681, 12.91368850662014 ], [ 80.234343447761646, 12.91278761363643 ], [ 80.233439808857327, 12.912784964822702 ], [ 80.233442546632375, 12.911886714296028 ], [ 80.232538904716847, 12.911884062530422 ], [ 80.232541645502877, 12.910985814955531 ], [ 80.232538895093242, 12.910985806880149 ], [ 80.232541641743623, 12.910085572452385 ], [ 80.233439786080936, 12.910088207743536 ], [ 80.233442541382274, 12.909184011222111 ], [ 80.233439794596578, 12.909184003167885 ], [ 80.233442537614621, 12.908283772462081 ], [ 80.23434068559645, 12.908286404326317 ], [ 80.23434343726251, 12.907382207489247 ], [ 80.234340694099842, 12.907382199456139 ], [ 80.234343433486515, 12.906481972471331 ], [ 80.235241585111893, 12.906484600909412 ], [ 80.235244333143626, 12.905580403756934 ], [ 80.234340699024031, 12.905577759446814 ], [ 80.234343432014654, 12.904679504415682 ], [ 80.233421708098632, 12.904676804136923 ], [ 80.233421700054194, 12.904679445032007 ], [ 80.232538892298805, 12.904676855715598 ], [ 80.232541631505185, 12.903778606757584 ], [ 80.231619911278898, 12.903775900314097 ], [ 80.231617152628345, 12.904679440179038 ], [ 80.230719010544135, 12.904676799661612 ], [ 80.230719002442868, 12.904679449868709 ], [ 80.229818111359549, 12.904676798170073 ] ] ] } },
{ "type": "Feature", "properties": { "hotspot_id": "HOT_0141", "cluster_area_m2": 59212.96, "cluster_perimeter_m": 1190.69, "cluster_size_pixels": 6, "mean_lst": 41.31, "peak_lst": 42.1 }, "geometry": { "type": "Polygon", "coordinates": [ [ [ 80.22351180777396, 12.910082192761639 ], [ 80.223509016579072, 12.910986387097768 ], [ 80.223511796031431, 12.910986395354445 ], [ 80.223509014827741, 12.911887287873776 ], [ 80.223511794480899, 12.91188729613159 ], [ 80.223509013076281, 12.91278818864979 ], [ 80.224430764550164, 12.912790925553338 ], [ 80.224430772794264, 12.912788252229577 ], [ 80.225331667169101, 12.9127909240616 ], [ 80.22533167539406, 12.912788253843457 ], [ 80.226232569787939, 12.912790922569746 ], [ 80.226235351595378, 12.911886727773167 ], [ 80.225331684013099, 12.911884051011121 ], [ 80.225334450464032, 12.910985828432691 ], [ 80.224430779873046, 12.910983148720602 ], [ 80.224433549332446, 12.910084929092111 ], [ 80.22351180777396, 12.910082192761639 ] ] ] } },
{ "type": "Feature", "properties": { "hotspot_id": "HOT_0142", "cluster_area_m2": 39476.3, "cluster_perimeter_m": 795.94, "cluster_size_pixels": 4, "mean_lst": 41.39, "peak_lst": 42.01 }, "geometry": { "type": "Polygon", "coordinates": [ [ [ 80.222631748819808, 12.909184031436586 ], [ 80.221710010957608, 12.909181288941172 ], [ 80.221710002659776, 12.909183971059401 ], [ 80.220809111774727, 12.909181287450217 ], [ 80.220806311067363, 12.910085481265943 ], [ 80.220809099999371, 12.910085489579085 ], [ 80.220806309315819, 12.910986382041628 ], [ 80.221728053593267, 12.910989128100171 ], [ 80.221728061892648, 12.910986445807916 ], [ 80.222628956212304, 12.910989126608985 ], [ 80.222631750571125, 12.910084932462528 ], [ 80.222628964865322, 12.910084924178429 ], [ 80.222631748819808, 12.909184031436586 ] ] ] } },
{ "type": "Feature", "properties": { "hotspot_id": "HOT_0143", "cluster_area_m2": 49251.86, "cluster_perimeter_m": 991.43, "cluster_size_pixels": 5, "mean_lst": 41.21, "peak_lst": 41.94 }, "geometry": { "type": "Polygon", "coordinates": [ [ [ 80.216325435636421, 12.900175032968855 ], [ 80.215403732159857, 12.900172270134664 ], [ 80.215403723738547, 12.900174972231824 ], [ 80.214502832976606, 12.90017226864558 ], [ 80.214500013498906, 12.901075866421978 ], [ 80.213601932246277, 12.901073167993601 ], [ 80.213599107471367, 12.901977360805414 ], [ 80.214520817156625, 12.901980130378176 ], [ 80.214520825598882, 12.901977425002334 ], [ 80.215421719775421, 12.901980128888979 ], [ 80.215421728198308, 12.901977426616359 ], [ 80.216322622394102, 12.901980127399677 ], [ 80.216325437387297, 12.901075933995543 ], [ 80.216322631122594, 12.901075925588064 ], [ 80.216325435636421, 12.900175032968855 ] ] ] } },
{ "type": "Feature", "properties": { "hotspot_id": "HOT_0144", "cluster_area_m2": 10000.0, "cluster_perimeter_m": 400.0, "cluster_size_pixels": 1, "mean_lst": 41.48, "peak_lst": 41.48 }, "geometry": { "type": "Polygon", "coordinates": [ [ [ 80.246935209850392, 12.896568718959548 ], [ 80.247856906980346, 12.896571369974215 ], [ 80.24785420621869, 12.897475570399257 ], [ 80.246932505779895, 12.897472919192538 ], [ 80.246935209850392, 12.896568718959548 ] ] ] } },
{ "type": "Feature", "properties": { "hotspot_id": "HOT_0145", "cluster_area_m2": 39477.55, "cluster_perimeter_m": 795.92, "cluster_size_pixels": 4, "mean_lst": 42.37, "peak_lst": 43.35 }, "geometry": { "type": "Polygon", "coordinates": [ [ [ 80.242451498477095, 12.890265072894888 ], [ 80.241529825574702, 12.890262404123275 ], [ 80.241529817716838, 12.890265014365623 ], [ 80.240628926386847, 12.890262402632121 ], [ 80.240626201052308, 12.891166601978362 ], [ 80.240628914871451, 12.891166609851071 ], [ 80.240626199305964, 12.892067502756479 ], [ 80.241547878618192, 12.892070175076821 ], [ 80.241547886477534, 12.892067564664824 ], [ 80.24244878123227, 12.892070173585441 ], [ 80.242451500223197, 12.891165973918408 ], [ 80.242448789625357, 12.891165966073919 ], [ 80.242451498477095, 12.890265072894888 ] ] ] } },
{ "type": "Feature", "properties": { "hotspot_id": "HOT_0146", "cluster_area_m2": 29927.03, "cluster_perimeter_m": 799.7, "cluster_size_pixels": 3, "mean_lst": 41.31, "peak_lst": 41.85 }, "geometry": { "type": "Polygon", "coordinates": [ [ [ 80.252361388169803, 12.888463252371983 ], [ 80.25143971974974, 12.888460618850369 ], [ 80.25143703360061, 12.889364820579678 ], [ 80.251439708370086, 12.889364828227631 ], [ 80.251437031855914, 12.890265721359107 ], [ 80.251439706818928, 12.89026572900811 ], [ 80.251437030111092, 12.891166622138533 ], [ 80.252358708428659, 12.891169256212615 ], [ 80.252361391659065, 12.890265054416611 ], [ 80.252358716695497, 12.890265046777024 ], [ 80.25236138991437, 12.889364153394295 ], [ 80.252358715144339, 12.889364145755758 ], [ 80.252361388169803, 12.888463252371983 ] ] ] } },
{ "type": "Feature", "properties": { "hotspot_id": "HOT_0147", "cluster_area_m2": 88470.14, "cluster_perimeter_m": 1386.22, "cluster_size_pixels": 9, "mean_lst": 42.13, "peak_lst": 43.54 }, "geometry": { "type": "Polygon", "coordinates": [ [ [ 80.22261095657133, 12.882154265290364 ], [ 80.222610948326718, 12.882156939082378 ], [ 80.221710057384811, 12.882154263802553 ], [ 80.221707267906055, 12.883057833445925 ], [ 80.220809156652777, 12.883055163152669 ], [ 80.220806361807561, 12.883959358770273 ], [ 80.221710035828934, 12.88396204577854 ], [ 80.221707262477253, 12.884860261228347 ], [ 80.222628911323625, 12.884862998659262 ], [ 80.222628919570909, 12.884860324519263 ], [ 80.223529813939166, 12.884862997171123 ], [ 80.223529822167336, 12.884860326130497 ], [ 80.224430716554593, 12.884862995682868 ], [ 80.224433498602366, 12.883958799346727 ], [ 80.224430725172525, 12.883958791133752 ], [ 80.224433496854942, 12.883057898321045 ], [ 80.223529829248363, 12.883055220905067 ], [ 80.223532595723427, 12.882156998977148 ], [ 80.22261095657133, 12.882154265290364 ] ] ] } },
{ "type": "Feature", "properties": { "hotspot_id": "HOT_0148", "cluster_area_m2": 186575.9, "cluster_perimeter_m": 2180.8, "cluster_size_pixels": 19, "mean_lst": 39.06, "peak_lst": 40.24 }, "geometry": { "type": "Polygon", "coordinates": [ [ [ 80.209097475698186, 12.873147953126802 ], [ 80.208196585034244, 12.873145233136253 ], [ 80.208193747211553, 12.874049426690881 ], [ 80.208196573130095, 12.874049435228391 ], [ 80.20819374728157, 12.874949748227257 ], [ 80.207295682762989, 12.87494703332365 ], [ 80.207292841300443, 12.875851226556412 ], [ 80.208196561498639, 12.875853958736172 ], [ 80.208193741966738, 12.876752129013568 ], [ 80.209097459169925, 12.876754858254822 ], [ 80.209094642633261, 12.877653031470825 ], [ 80.209097466152144, 12.877653039993602 ], [ 80.209094640884729, 12.878553932245161 ], [ 80.210016263886089, 12.87855671272392 ], [ 80.210019094369827, 12.877653104155321 ], [ 80.210917164958786, 12.877655810272868 ], [ 80.210917173447115, 12.877653097254566 ], [ 80.211818067574868, 12.877655808787067 ], [ 80.211820893227213, 12.876751614687317 ], [ 80.211818076348578, 12.87675160621442 ], [ 80.211820891479164, 12.875850713660128 ], [ 80.211818074804526, 12.875850705188396 ], [ 80.211820889731229, 12.874949812632938 ], [ 80.210917179141489, 12.874947093160433 ], [ 80.210919988596558, 12.874048913288126 ], [ 80.21091716911242, 12.874048904799354 ], [ 80.210919986848779, 12.873148012260831 ], [ 80.209998383406287, 12.873145236106417 ], [ 80.209998374903662, 12.873147951514971 ], [ 80.209097484220223, 12.87314523462128 ], [ 80.209097475698186, 12.873147953126802 ] ] ] } },
{ "type": "Feature", "properties": { "hotspot_id": "HOT_0149", "cluster_area_m2": 528760.02, "cluster_perimeter_m": 4156.95, "cluster_size_pixels": 54, "mean_lst": 41.97, "peak_lst": 44.95 }, "geometry": { "type": "Polygon", "coordinates": [ [ [ 80.233421771558056, 12.867739869723804 ], [ 80.233421763558823, 12.867742503581379 ], [ 80.232520872368312, 12.867739868236386 ], [ 80.232518122912992, 12.868644067418657 ], [ 80.232520860768929, 12.868644075432853 ], [ 80.232518123203249, 12.869544299196574 ], [ 80.231619970088417, 12.869541668427251 ], [ 80.231617217007269, 12.870445867293769 ], [ 80.231619958476543, 12.870445875329011 ], [ 80.231617215262659, 12.871346768070834 ], [ 80.231619956930544, 12.871346776107181 ], [ 80.231617213517922, 12.8722476688479 ], [ 80.232520846561727, 12.87225031618668 ], [ 80.232518114190498, 12.873148571304535 ], [ 80.233421744233439, 12.873151215700744 ], [ 80.233419014863316, 12.87404947376128 ], [ 80.234322641904882, 12.874052115214528 ], [ 80.234319915536346, 12.874950376218129 ], [ 80.234322648345653, 12.87495038420241 ], [ 80.234319913791438, 12.875851276995514 ], [ 80.235223538027881, 12.875853915677896 ], [ 80.235220814464682, 12.876752179452568 ], [ 80.235223544451699, 12.876752187420259 ], [ 80.23522081271966, 12.877653080230063 ], [ 80.236142438165928, 12.877655768627765 ], [ 80.236142446120169, 12.877653142346727 ], [ 80.237043340778811, 12.877655767138801 ], [ 80.237043348714295, 12.877653143955506 ], [ 80.237944243391567, 12.877655765649729 ], [ 80.237946975386421, 12.876751565937909 ], [ 80.23794425183516, 12.876751558017315 ], [ 80.237946971566288, 12.875851351901037 ], [ 80.238845142910094, 12.87585396223678 ], [ 80.238847871280512, 12.874949762210729 ], [ 80.238845151341422, 12.874949754311023 ], [ 80.238847867452236, 12.874049551905696 ], [ 80.239746042428507, 12.874052158824147 ], [ 80.239748767175456, 12.873147958484106 ], [ 80.238845156140073, 12.87314533595924 ], [ 80.23884786604799, 12.872247059138974 ], [ 80.238845146699902, 12.87224705124253 ], [ 80.238847864304049, 12.871346158115058 ], [ 80.237926261324219, 12.871343480521968 ], [ 80.237926253414386, 12.871346099583652 ], [ 80.237025362134375, 12.871343479033554 ], [ 80.237025354205812, 12.871346101191767 ], [ 80.23612446294463, 12.871343477545249 ], [ 80.236124454997338, 12.871346102799995 ], [ 80.235241542715968, 12.871343528508874 ], [ 80.235244262967583, 12.870445942378689 ], [ 80.236142425795151, 12.870448560930056 ], [ 80.236145162664215, 12.86954436110296 ], [ 80.236142434258213, 12.869544353153628 ], [ 80.236145160920316, 12.868643460078719 ], [ 80.23524153807405, 12.868640825952998 ], [ 80.235244259791955, 12.867742560733065 ], [ 80.234322670747929, 12.86773987121134 ], [ 80.234322662767482, 12.867742501973177 ], [ 80.233421771558056, 12.867739869723804 ] ] ] } },
{ "type": "Feature", "properties": { "hotspot_id": "HOT_0150", "cluster_area_m2": 19963.56, "cluster_perimeter_m": 599.87, "cluster_size_pixels": 2, "mean_lst": 40.5, "peak_lst": 40.81 }, "geometry": { "type": "Polygon", "coordinates": [ [ [ 80.226235276411984, 12.873147983677653 ], [ 80.225313669587067, 12.873145261371043 ], [ 80.225310893108272, 12.874049458641096 ], [ 80.225313657894418, 12.874049466813325 ], [ 80.225310891362327, 12.874950359417394 ], [ 80.226232504780555, 12.874953082108668 ], [ 80.226235278157802, 12.874048884703095 ], [ 80.226232513371045, 12.874048876540588 ], [ 80.226235276411984, 12.873147983677653 ] ] ] } },
{ "type": "Feature", "properties": { "hotspot_id": "HOT_0151", "cluster_area_m2": 39890.53, "cluster_perimeter_m": 999.55, "cluster_size_pixels": 4, "mean_lst": 41.29, "peak_lst": 42.12 }, "geometry": { "type": "Polygon", "coordinates": [ [ [ 80.248737053159047, 12.870442597550626 ], [ 80.248734361209515, 12.871346799959454 ], [ 80.248737041758886, 12.871346807641597 ], [ 80.24873435946698, 12.872247700738587 ], [ 80.248737040210557, 12.872247708421787 ], [ 80.248734357724331, 12.873148601517721 ], [ 80.248737038662114, 12.873148609201978 ], [ 80.248734355981554, 12.874049502296849 ], [ 80.249655971153771, 12.874052142439204 ], [ 80.249658660385563, 12.873147940024879 ], [ 80.249655979447226, 12.873147932350046 ], [ 80.249658658642915, 12.872247039002268 ], [ 80.249655977898769, 12.872247031328493 ], [ 80.24965865690038, 12.871346137979655 ], [ 80.249655976350454, 12.871346130306941 ], [ 80.249658655157987, 12.87044523695705 ], [ 80.248737053159047, 12.870442597550626 ] ] ] } },
{ "type": "Feature", "properties": { "hotspot_id": "HOT_0152", "cluster_area_m2": 206467.56, "cluster_perimeter_m": 2384.91, "cluster_size_pixels": 21, "mean_lst": 41.76, "peak_lst": 43.38 }, "geometry": { "type": "Polygon", "coordinates": [ [ [ 80.243331657954101, 12.865940683877522 ], [ 80.242430766554421, 12.865938082923433 ], [ 80.242428052991741, 12.866842284323843 ], [ 80.242430755079255, 12.866842292130178 ], [ 80.242428051249021, 12.867743185102224 ], [ 80.243331644941449, 12.867745794203596 ], [ 80.243328951924425, 12.868644087558284 ], [ 80.243331651187546, 12.868644095348198 ], [ 80.243328950181578, 12.869544988336772 ], [ 80.243331649640297, 12.869544996127759 ], [ 80.243328948438588, 12.870445889115254 ], [ 80.243331648092905, 12.870445896907315 ], [ 80.243328946695499, 12.871346789893737 ], [ 80.243331646545414, 12.87134679768687 ], [ 80.243328944952268, 12.872247690672218 ], [ 80.243331644997781, 12.872247698466424 ], [ 80.243328943208923, 12.873148591450695 ], [ 80.244250553939821, 12.873151250416901 ], [ 80.244253260218542, 12.872247759854552 ], [ 80.245151455003764, 12.872250347966339 ], [ 80.245151462765065, 12.872247753677039 ], [ 80.246052357614801, 12.872250346476909 ], [ 80.246055059370121, 12.871346144689664 ], [ 80.246052365953148, 12.871346136943083 ], [ 80.246055057627245, 12.870445243666623 ], [ 80.246052364405415, 12.870445235921109 ], [ 80.246055055884497, 12.869544342643586 ], [ 80.24605236285781, 12.869544334899139 ], [ 80.246055054141891, 12.868643441620543 ], [ 80.246052361310319, 12.868643433877162 ], [ 80.246055052399399, 12.867742540597506 ], [ 80.245151464920269, 12.867739940900835 ], [ 80.245154151273596, 12.866841641251709 ], [ 80.244250560791471, 12.866839038611142 ], [ 80.244253250147565, 12.865940741905806 ], [ 80.243331665745671, 12.865938084411873 ], [ 80.243331657954101, 12.865940683877522 ] ] ] } },
{ "type": "Feature", "properties": { "hotspot_id": "HOT_0153", "cluster_area_m2": 118328.93, "cluster_perimeter_m": 1789.79, "cluster_size_pixels": 12, "mean_lst": 41.59, "peak_lst": 43.05 }, "geometry": { "type": "Polygon", "coordinates": [ [ [ 80.21450007997062, 12.866841627974139 ], [ 80.213601990952554, 12.866838936189762 ], [ 80.213599173929381, 12.867743131360562 ], [ 80.213601979119872, 12.867743139773751 ], [ 80.213599172182825, 12.868644032135457 ], [ 80.213601977576602, 12.8686440405498 ], [ 80.213599170436126, 12.869544932910349 ], [ 80.213601976033189, 12.869544941325852 ], [ 80.213599168689314, 12.870445833685245 ], [ 80.214502865285979, 12.870448542983937 ], [ 80.214500069357285, 12.87134673614173 ], [ 80.21542166723205, 12.87134949608971 ], [ 80.215424478541706, 12.870445300770411 ], [ 80.215421675957316, 12.870445292382882 ], [ 80.215424476795008, 12.869544399743676 ], [ 80.215421674413662, 12.8695443913573 ], [ 80.215424475048437, 12.868643498716935 ], [ 80.215421672870136, 12.868643490331715 ], [ 80.215424471414167, 12.867743205018387 ], [ 80.216322563674154, 12.867745890745624 ], [ 80.216325370942883, 12.866841694982522 ], [ 80.216322572386332, 12.866841686618848 ], [ 80.216325369196795, 12.865940793955897 ], [ 80.215403790870312, 12.865938038322641 ], [ 80.215403782492885, 12.865940733743541 ], [ 80.214502891682613, 12.865938036837695 ], [ 80.21450007997062, 12.866841627974139 ] ] ] } },
{ "type": "Feature", "properties": { "hotspot_id": "HOT_0154", "cluster_area_m2": 10000.0, "cluster_perimeter_m": 400.0, "cluster_size_pixels": 1, "mean_lst": 41.79, "peak_lst": 41.79 }, "geometry": { "type": "Polygon", "coordinates": [ [ [ 80.22171008364387, 12.866838949558289 ], [ 80.222631666650287, 12.866841683219096 ], [ 80.222628881970522, 12.867745880346286 ], [ 80.221707295663649, 12.86774314648701 ], [ 80.22171008364387, 12.866838949558289 ] ] ] } },
{ "type": "Feature", "properties": { "hotspot_id": "HOT_0155", "cluster_area_m2": 78921.41, "cluster_perimeter_m": 1389.41, "cluster_size_pixels": 8, "mean_lst": 41.83, "peak_lst": 42.24 }, "geometry": { "type": "Polygon", "coordinates": [ [ [ 80.24783347663147, 12.863237965125288 ], [ 80.246935267151471, 12.863235387844005 ], [ 80.246932570308601, 12.864139590373279 ], [ 80.246935255734186, 12.864139598083833 ], [ 80.246932568566862, 12.865040491152207 ], [ 80.247836145692816, 12.865043084174026 ], [ 80.247833469243446, 12.865941393607935 ], [ 80.248755054616097, 12.865944035283011 ], [ 80.248757743153888, 12.865040561448975 ], [ 80.249655955678946, 12.865043132833282 ], [ 80.249658642964675, 12.864138929798848 ], [ 80.249655963968323, 12.864138922134577 ], [ 80.249658641223292, 12.863238028776255 ], [ 80.248755067500298, 12.863235442382019 ], [ 80.248757740098469, 12.862337129429905 ], [ 80.247836167890057, 12.86233448849166 ], [ 80.24783347663147, 12.863237965125288 ] ] ] } },
{ "type": "Feature", "properties": { "hotspot_id": "HOT_0156", "cluster_area_m2": 49256.28, "cluster_perimeter_m": 991.48, "cluster_size_pixels": 5, "mean_lst": 41.95, "peak_lst": 43.18 }, "geometry": { "type": "Polygon", "coordinates": [ [ [ 80.220829857406201, 12.861436280423048 ], [ 80.219908294525155, 12.861433541560798 ], [ 80.21990828624935, 12.861436220631273 ], [ 80.219007395336291, 12.861433540075831 ], [ 80.219007387041373, 12.861436222240645 ], [ 80.218106496147541, 12.861433538590981 ], [ 80.218103696476092, 12.862337735112595 ], [ 80.218106484374559, 12.862337743422769 ], [ 80.218103694730857, 12.863238635888044 ], [ 80.219025263801441, 12.863241381467915 ], [ 80.219025272097909, 12.863238699128335 ], [ 80.219926166414638, 12.863241379982847 ], [ 80.219928957832778, 12.862337808229578 ], [ 80.22082706748489, 12.862340477533557 ], [ 80.220829857406201, 12.861436280423048 ] ] ] } },
{ "type": "Feature", "properties": { "hotspot_id": "HOT_0157", "cluster_area_m2": 127695.08, "cluster_perimeter_m": 1782.17, "cluster_size_pixels": 13, "mean_lst": 41.96, "peak_lst": 43.62 }, "geometry": { "type": "Polygon", "coordinates": [ [ [ 80.242430769571925, 12.859634378413917 ], [ 80.24152987818259, 12.859631775553268 ], [ 80.241527162770126, 12.860535977198319 ], [ 80.241529866700873, 12.8605359850157 ], [ 80.241527161028174, 12.861436877976599 ], [ 80.241529865154973, 12.86143688579506 ], [ 80.241527159286107, 12.862337778754881 ], [ 80.241529863608932, 12.862337786574416 ], [ 80.241527157543899, 12.863238679533163 ], [ 80.242448731707, 12.863241342819293 ], [ 80.242448739513236, 12.863238740937273 ], [ 80.243349634317212, 12.863241341331285 ], [ 80.243352341667062, 12.862337849543366 ], [ 80.244250535381454, 12.862340438881899 ], [ 80.244253239301699, 12.861436950338076 ], [ 80.245151436445482, 12.861439536432615 ], [ 80.245151444193965, 12.861436944172301 ], [ 80.246052339055112, 12.861439534944489 ], [ 80.246055038463993, 12.860535332413265 ], [ 80.245133473405346, 12.860532682344903 ], [ 80.245133465657247, 12.860535274605382 ], [ 80.244250549958423, 12.860532732640941 ], [ 80.244253237953771, 12.859634434743086 ], [ 80.243331676566598, 12.859631778528513 ], [ 80.243331668782517, 12.859634376807698 ], [ 80.242430777374537, 12.859631777040835 ], [ 80.242430769571925, 12.859634378413917 ] ] ] } },
{ "type": "Feature", "properties": { "hotspot_id": "HOT_0158", "cluster_area_m2": 49256.44, "cluster_perimeter_m": 991.44, "cluster_size_pixels": 5, "mean_lst": 42.02, "peak_lst": 44.26 }, "geometry": { "type": "Polygon", "coordinates": [ [ [ 80.248757729652766, 12.856931723293735 ], [ 80.24783617716605, 12.856929083445563 ], [ 80.247836169477566, 12.856931665749759 ], [ 80.246935277973066, 12.856929081957645 ], [ 80.24693527026615, 12.856931667355131 ], [ 80.246034378780195, 12.85692908046984 ], [ 80.246031680080051, 12.857833283244796 ], [ 80.246034367356344, 12.857833290966367 ], [ 80.246031678339079, 12.85873418402363 ], [ 80.246953237027142, 12.858736830573411 ], [ 80.246953244735494, 12.858734245007389 ], [ 80.247854139636189, 12.858736829085384 ], [ 80.247856829842959, 12.857833353514213 ], [ 80.248755040699322, 12.857835926636515 ], [ 80.248757729652766, 12.856931723293735 ] ] ] } }
]
}
