{"type": "FeatureCollection", "features": [{"id": "0", "type": "Feature", "properties": {"hotspot_id": "HOT_0001", "cluster_area_m2": 1400206.26, "cluster_perimeter_m": 12836.05, "cluster_size_pixels": 143, "mean_lst": 41.72, "peak_lst": 46.98}, "geometry": {"type": "Polygon", "coordinates": [[[80.31540300607355, 13.205577824166241], [80.31540048932558, 13.206481127945148], [80.31450210531473, 13.206478723477728], [80.31449958259773, 13.207382915564787], [80.31450209451025, 13.20738292229261], [80.31449958081667, 13.20828381635124], [80.31450209290688, 13.208283823079961], [80.31449957903548, 13.209184717137678], [80.31450209130337, 13.209184723867303], [80.31449957725417, 13.21008561792412], [80.31540298214995, 13.210088036442121], [80.31540047794451, 13.210986520420606], [80.31540298726311, 13.210986527134345], [80.31540047616305, 13.211887421207157], [80.31632335659516, 13.211889888890935], [80.31632336329614, 13.21188748166312], [80.31720477730997, 13.211889835361971], [80.31720227932585, 13.21278832541389], [80.3181056748896, 13.212790734821468], [80.31810318001686, 13.213689227910692], [80.31900657246896, 13.21369163428069], [80.31900408070808, 13.214590130407593], [80.31992697199212, 13.214592585586452], [80.31992697862529, 13.214590190593517], [80.32080836923299, 13.214592532258992], [80.32080588637974, 13.215490128267781], [80.31990748421228, 13.215487741217302], [80.31990497961803, 13.216391933691673], [80.3208083660207, 13.216394334137583], [80.3208058803097, 13.21729283618889], [80.32080837103281, 13.21729284280318], [80.32080587852806, 13.218193736976078], [80.32170926199245, 13.218196134535052], [80.32170677921994, 13.219094639473505], [80.32262968795564, 13.21909708572008], [80.3226296945406, 13.219094699491734], [80.32351105875492, 13.219097032511584], [80.32350858238603, 13.219995543681156], [80.32441195633247, 13.219997931969024], [80.32440948307857, 13.220896446178783], [80.32531285390975, 13.220898831426187], [80.32531038377135, 13.22179734867652], [80.32531285883755, 13.2217973552077], [80.32531038198967, 13.222698249464239], [80.32621374987902, 13.222700631821764], [80.32621128268265, 13.223599151962183], [80.32621375479074, 13.223599158477668], [80.32621128343871, 13.22449912858291], [80.3253128630873, 13.224496758974212], [80.32531037917558, 13.225400031199275], [80.32443152012935, 13.225397709973494], [80.32443399417356, 13.22449919660385], [80.32351106477749, 13.224496755890327], [80.32350857421427, 13.22540003443118], [80.32261016401642, 13.225397655199545], [80.32260766743688, 13.2263018474828], [80.32351104589495, 13.226304240023431], [80.32350856812914, 13.227202749981178], [80.32441194347058, 13.227205139480088], [80.32440946882161, 13.228103652479668], [80.32531284104594, 13.228106038936462], [80.32531036951431, 13.22900455497825], [80.32623331621268, 13.229006990009964], [80.32623332273737, 13.229004614827247], [80.3271342188599, 13.229006988467301], [80.32713422536713, 13.229004616460672], [80.32801553698863, 13.229006935426947], [80.32801307515881, 13.229905460898573], [80.32891643456345, 13.229907834882395], [80.32891397585243, 13.23080636339736], [80.32983693001653, 13.230808785738573], [80.32983693647331, 13.230806422961855], [80.33073783266349, 13.230808784195242], [80.33073783910294, 13.23080642459501], [80.33163873531035, 13.230808782651797], [80.33164119947642, 13.229904589002858], [80.3307182483732, 13.229902173340484], [80.33071824193402, 13.229904532940875], [80.32983694387904, 13.229902223186459], [80.32983939648453, 13.229004627819855], [80.33073782944754, 13.229006982295514], [80.33074029658682, 13.2281027886863], [80.33073783684122, 13.228102782244921], [80.33074029480497, 13.227201887672818], [80.32983693905206, 13.227199520595795], [80.32983939369716, 13.226300988369424], [80.32983693099042, 13.22630098191242], [80.32983939191543, 13.22540008735583], [80.32891645810113, 13.225397665995109], [80.32891645163157, 13.225400031201579], [80.32803513059994, 13.225397715903279], [80.32803758893164, 13.224500120580938], [80.32893601611744, 13.224502480631191], [80.3289384890258, 13.223598287038532], [80.32893602353307, 13.223598280566758], [80.32893848724436, 13.222697386024837], [80.32801556376658, 13.222694961897604], [80.32801555728224, 13.222697329830789], [80.32713422315835, 13.222695011830936], [80.32713668426439, 13.221797416561323], [80.32803510865102, 13.221799779322923], [80.32803758435479, 13.220895585707117], [80.32803511607744, 13.220895579220569], [80.32803758257359, 13.219994684693319], [80.3271342183354, 13.219992309241213], [80.32713668146516, 13.219093785389079], [80.32713421022993, 13.219093778886872], [80.3271366796841, 13.218192884375178], [80.32713420862353, 13.21819287787384], [80.32713667790316, 13.217291983361278], [80.32621377509236, 13.21728955370495], [80.32621129337092, 13.218193747235176], [80.32621376443105, 13.218193753745432], [80.32621129413018, 13.219093722579622], [80.32533241149432, 13.219091405414407], [80.32533488102881, 13.218192887794416], [80.32533240335523, 13.21819288125822], [80.32533487924763, 13.217291986780298], [80.32441197678045, 13.217289550622572], [80.32441197023164, 13.217291930352898], [80.32353060304675, 13.217289600725485], [80.32353307881039, 13.21639108918543], [80.32353059487497, 13.216391082616044], [80.32353307702924, 13.2154901881711], [80.32262969721704, 13.215487797518698], [80.3226321759197, 13.214589288866344], [80.32262968902988, 13.214589282281214], [80.3226321716191, 13.213689301275608], [80.32353058097108, 13.213691678474458], [80.32353307168654, 13.212787485128112], [80.32353058845347, 13.212787478562243], [80.32353306990589, 13.211886584113783], [80.32262969079298, 13.211884194067748], [80.32263216879639, 13.210985684808598], [80.32262968260984, 13.210985678227], [80.32263216701588, 13.210084783794166], [80.32262968100515, 13.210084777213448], [80.3226321652355, 13.209183882779733], [80.32172878336027, 13.209181489999223], [80.3217312641258, 13.208282983474238], [80.32172877516275, 13.208282976877777], [80.32173126234555, 13.2073820824597], [80.32172877355855, 13.207382075864123], [80.32173126056543, 13.206481181445167], [80.32082787592927, 13.206478785931393], [80.32083035945553, 13.205580282139351], [80.31990750185612, 13.205577831860323], [80.31990500171302, 13.206481119871391], [80.31900660109613, 13.206478731171794], [80.31900659445279, 13.206481128124729], [80.31812516808145, 13.206478781491972], [80.31812766146508, 13.205580287266168], [80.31720480438624, 13.205577827243534], [80.31720479770856, 13.205580230386992], [80.31630390522984, 13.205577825704827], [80.31630389853454, 13.205580232019377], [80.31540300607355, 13.205577824166241]], [[80.32713668782844, 13.223599218164107], [80.32801554664006, 13.223601529795983], [80.32801308840033, 13.224499125351725], [80.32713422637428, 13.224496813557442], [80.32713668782844, 13.223599218164107]], [[80.32893603965212, 13.229001320839767], [80.32893849793503, 13.22810279210703], [80.32893603157127, 13.228102785630929], [80.32893849359921, 13.227202824601006], [80.32981733857471, 13.227205130584393], [80.32981488367496, 13.228103662743248], [80.3298173434201, 13.228103669193512], [80.32981488445162, 13.229003627121852], [80.32893603965212, 13.229001320839767]]]}}, {"id": "1", "type": "Feature", "properties": {"hotspot_id": "HOT_0002", "cluster_area_m2": 127806.38, "cluster_perimeter_m": 1979.15, "cluster_size_pixels": 13, "mean_lst": 41.7, "peak_lst": 43.23}, "geometry": {"type": "Polygon", "coordinates": [[[80.27576342413091, 13.216388566723548], [80.2757607589674, 13.217292011158554], [80.27486252338221, 13.217289466033945], [80.2748598547046, 13.218192913784282], [80.27396162263372, 13.218190365344238], [80.2739589482756, 13.219094548676308], [80.27396161130311, 13.219094556236954], [80.27395894648764, 13.219995449457846], [80.27486250131676, 13.21999801332416], [80.27485984716742, 13.220896351955663], [80.27578275338574, 13.220898967610676], [80.27578276091513, 13.220896416016327], [80.27668365603829, 13.220898966075302], [80.27668366354897, 13.220896417655304], [80.27758455869073, 13.220898964539824], [80.27758722007103, 13.219994780607463], [80.2766836716453, 13.219992226388662], [80.2766863189496, 13.21909388130342], [80.27668366253518, 13.219093873789861], [80.27668631497419, 13.218193722781722], [80.27758455389193, 13.21819626167091], [80.27758721470856, 13.217292077547816], [80.2766836668427, 13.217289523814816], [80.27668631358716, 13.21639117824345], [80.27576342413091, 13.216388566723548]]]}}, {"id": "2", "type": "Feature", "properties": {"hotspot_id": "HOT_0003", "cluster_area_m2": 2753221.54, "cluster_perimeter_m": 16181.48, "cluster_size_pixels": 282, "mean_lst": 42.05, "peak_lst": 49.72}, "geometry": {"type": "Polygon", "coordinates": [[[80.26134637272634, 13.189364798898241], [80.26134907573092, 13.189364806689422], [80.26134637302101, 13.190265006880937], [80.26044818486294, 13.190262416187139], [80.26044546669306, 13.19116659874399], [80.26134906474505, 13.191169205207615], [80.26134636736968, 13.192067501238439], [80.26226916251846, 13.19207015996578], [80.26226917029807, 13.19206756601321], [80.26315086151335, 13.192070103208028], [80.26314817050933, 13.192968405447365], [80.26315086767957, 13.192968413204726], [80.26314816872363, 13.193869306227636], [80.26315086608486, 13.19386931398604], [80.26314816903013, 13.194769508677597], [80.26224997519581, 13.19476692346513], [80.2622499674124, 13.194769518075148], [80.261349076045, 13.19476692193461], [80.26134636230259, 13.195670412922913], [80.26044817530017, 13.195667821247623], [80.26044816747762, 13.195670422359838], [80.2595472761497, 13.195667819717219], [80.25954455557483, 13.196571317168946], [80.25864637540533, 13.19656871903013], [80.25864364926395, 13.197472900773011], [80.25864636389515, 13.197472908630818], [80.25864364747703, 13.198373801552739], [80.2586463623004, 13.198373809411597], [80.25864364568997, 13.199274702332458], [80.25864636070551, 13.199274710192372], [80.25864364390281, 13.200175603112184], [80.25956646891223, 13.20017827318256], [80.2595664767584, 13.200175668241938], [80.26044814960599, 13.200178216137108], [80.26044544704236, 13.2010765073234], [80.2604481558379, 13.201076515147234], [80.26044544525517, 13.20197740810333], [80.26044815424241, 13.201977415928214], [80.26044544346786, 13.202878308883264], [80.2604481526468, 13.202878316709201], [80.26044544374498, 13.203778523606045], [80.25954726179818, 13.203775927307118], [80.25954725394709, 13.203778533072397], [80.25864636264886, 13.203775925775853], [80.25864635477866, 13.203778534711878], [80.25774546349967, 13.203775924244693], [80.25774273250137, 13.204680105294418], [80.25774545197295, 13.204680113179796], [80.25774273071333, 13.205581006074022], [80.25866557582911, 13.205583680465068], [80.25866558370072, 13.205581071364126], [80.25956647848184, 13.205583678933689], [80.25956920090708, 13.204680180066516], [80.26046737953908, 13.20468277644379], [80.26046738737143, 13.204680173849436], [80.26136828219147, 13.20468277491229], [80.26136829000474, 13.204680175488685], [80.26226918484373, 13.20468277338068], [80.26226919263794, 13.204680177127827], [80.26317008749591, 13.204682771848958], [80.26317279643997, 13.20377928575199], [80.26407098855223, 13.203781869359144], [80.26407099630738, 13.203779279611673], [80.26497189120404, 13.203781867827304], [80.26497189894022, 13.203779281250377], [80.26587279385573, 13.203781866295351], [80.26587280157295, 13.20377928288897], [80.26677369650731, 13.203781864763284], [80.2667737042056, 13.203779284527444], [80.26767459915878, 13.203781863231104], [80.26767460683816, 13.203779286165808], [80.26857550181013, 13.203781861698813], [80.26857550947062, 13.203779287804059], [80.26947640446136, 13.20378186016641], [80.26947641210299, 13.203779289442197], [80.27037730711248, 13.203781858633896], [80.27037731473528, 13.203779291080211], [80.2712782097635, 13.203781857101262], [80.27127821736748, 13.203779292718119], [80.27217911241439, 13.20378185556852], [80.27217911999956, 13.203779294355918], [80.27308001506516, 13.203781854035665], [80.27308268944729, 13.202877669800511], [80.2730800232017, 13.202877662230192], [80.27308268766149, 13.201976768780115], [80.27217912654923, 13.201974201855677], [80.27218178653912, 13.201075869473948], [80.27125895553912, 13.201073244689658], [80.27125894793753, 13.2010758087484], [80.27037731971086, 13.201073298049193], [80.27037998607946, 13.20017497188202], [80.27037731049411, 13.200174964258386], [80.2703799842937, 13.199274070861305], [80.27037730889771, 13.19927406323869], [80.27037998250805, 13.198373169840593], [80.27037730730143, 13.198373162219], [80.27037998072254, 13.197472268819881], [80.26947641070147, 13.19746969314637], [80.2694790795995, 13.196571369513189], [80.26947640147061, 13.196571361874815], [80.26947907781414, 13.195670468492372], [80.26855626765963, 13.195667835026335], [80.2685562600077, 13.195670407618088], [80.26765536850812, 13.195667833494914], [80.26765267568369, 13.196572017140834], [80.26855624862348, 13.196574599094566], [80.26855357849702, 13.197472201983654], [80.26765536531765, 13.197469635183502], [80.26765267423941, 13.198373104608859], [80.2667544645712, 13.198370534496163], [80.26675445687842, 13.198373113915705], [80.26585356542027, 13.198370532964645], [80.26585355770857, 13.198373115553725], [80.26497189919706, 13.198370586634145], [80.26497458469568, 13.197472279106336], [80.2640709949801, 13.197469684304016], [80.26407368357125, 13.196571379799659], [80.26407098563652, 13.196571372047854], [80.26407367968604, 13.195671180215676], [80.26497187684721, 13.195673759206409], [80.26497457723072, 13.194770281039379], [80.26587277790317, 13.194772856717659], [80.26587278561004, 13.194770274946281], [80.26677368055357, 13.194772855186676], [80.26677368824153, 13.19477027658384], [80.26767458320386, 13.194772853655586], [80.26767459087294, 13.194770278221283], [80.26857548585403, 13.19477285212438], [80.26857549350426, 13.194770279858608], [80.26947638850409, 13.19477285059306], [80.26947907424376, 13.19386866645074], [80.2694763966836, 13.193868658815441], [80.26947907031406, 13.192968487540833], [80.27037728796385, 13.192971047147152], [80.27037729557439, 13.192968481543472], [80.27127819061344, 13.192971045615828], [80.27127819820521, 13.192968483180275], [80.27217909326293, 13.192971044084386], [80.27218176652138, 13.192067591598947], [80.27307999431704, 13.192070141595924], [80.27308000187028, 13.192067585658544], [80.27398089696618, 13.192070140064368], [80.27398356339806, 13.191166694038234], [80.27488179801983, 13.191169237575995], [80.27488446313356, 13.190265052089629], [80.27398091102344, 13.190262493657006], [80.27398356201176, 13.189364152782062], [80.27398090189496, 13.18936414524567], [80.27398356022799, 13.1884632517618], [80.27398090029958, 13.188463244226416], [80.27398355626066, 13.187563090853812], [80.27488179163961, 13.187565633749161], [80.27488445380789, 13.186662191674735], [80.27578269269308, 13.186664731261317], [80.27578535135537, 13.185761292495384], [80.27666436043005, 13.185763774499343], [80.27666171994879, 13.186662125676147], [80.27758449798915, 13.186664728198727], [80.27758450544306, 13.186662189066487], [80.27846615720169, 13.186664672496317], [80.27846352309366, 13.18756302988181], [80.27936705478895, 13.18756557196641], [80.27936442377496, 13.188463932375761], [80.2802872091234, 13.18846652551611], [80.28028721652362, 13.188463995563371], [80.28118811177116, 13.18846652398409], [80.28118811915284, 13.188463997198461], [80.28208901441879, 13.188466522451954], [80.2820916524843, 13.18756233533423], [80.28208902243189, 13.187562327967171], [80.28209165070182, 13.186661434314948], [80.28208902083571, 13.186661426948875], [80.28209164891946, 13.18576053329567], [80.28208901923965, 13.185760525930588], [80.28209164713724, 13.184859632276398], [80.28118812238635, 13.18485710029953], [80.28119074601736, 13.183958732968167], [80.28118811341245, 13.183958725586571], [80.28119074423529, 13.183057831948783], [80.28028721657617, 13.183055297109433], [80.28028984311518, 13.18215693264034], [80.27936708142211, 13.18215434072687], [80.27936707400964, 13.182156872883716], [80.27846618226747, 13.182154339195726], [80.27846353422801, 13.183057768097642], [80.27756528151835, 13.183055238510148], [80.27756262997464, 13.183958670719443], [80.27666438076946, 13.183956137824472], [80.27666437329928, 13.183958679801336], [80.2757634816154, 13.183956136293451], [80.27576082325051, 13.184859574958283], [80.2748818040641, 13.184857089985021], [80.2748844506497, 13.183958744948583], [80.27488179496098, 13.183958737436932], [80.27488444886679, 13.183057843928443], [80.27398089825485, 13.183055286796867], [80.27398354774506, 13.182156944620022], [80.27306078734199, 13.182154330011246], [80.27306077979922, 13.182156884329505], [80.27215988818816, 13.182154328480895], [80.27215721693685, 13.18305777941442], [80.27125898744066, 13.183055227795343], [80.27125897985943, 13.183057788607787], [80.27035808828717, 13.18305522626511], [80.27035808068719, 13.183057790243671], [80.26945718913379, 13.183055224734986], [80.2694545077437, 13.183958685272025], [80.26855628838699, 13.183956124049347], [80.26855628074838, 13.183958694523097], [80.26765538923395, 13.183956122519337], [80.26765538157652, 13.18395869615942], [80.26675449008103, 13.183956120989444], [80.26675179642294, 13.184860305277262], [80.2676745656679, 13.184862943122235], [80.26767457332568, 13.18486036948232], [80.2685562693724, 13.18486288681109], [80.26855359956377, 13.185761209483768], [80.26855627541725, 13.185761217119484], [80.26855359992093, 13.186661389908277], [80.26765538445294, 13.186658825052124], [80.26765269566626, 13.187562292532416], [80.26675448370658, 13.187559724366071], [80.26675179141131, 13.188463195156825], [80.26587278426169, 13.188460678684153], [80.26587546439505, 13.187562366157941], [80.26495268540202, 13.187559721305755], [80.26495267768381, 13.187562305099771], [80.26405178624992, 13.187559719775763], [80.26405177851278, 13.187562306736917], [80.26315088709792, 13.187559718245888], [80.26315087934182, 13.187562308374178], [80.26224998794603, 13.187559716716128], [80.26224998017096, 13.187562310011547], [80.26134908879426, 13.18755971518647], [80.26134637451163, 13.188463898118174], [80.26134907732477, 13.18846390590831], [80.26134637272634, 13.189364798898241]]]}}, {"id": "3", "type": "Feature", "properties": {"hotspot_id": "HOT_0004", "cluster_area_m2": 108322.88, "cluster_perimeter_m": 1784.62, "cluster_size_pixels": 11, "mean_lst": 41.88, "peak_lst": 44.2}, "geometry": {"type": "Polygon", "coordinates": [[[80.2550427788055, 13.196568712909658], [80.2550427708671, 13.196571333201481], [80.25414187965582, 13.196568711379822], [80.25413913695118, 13.197472892194494], [80.2541418680885, 13.197472900148115], [80.25413913516368, 13.198373792973676], [80.25414186649432, 13.198373800928367], [80.25413913337607, 13.199274693752855], [80.25506195405706, 13.199277379876005], [80.25506196199792, 13.19927475925253], [80.25594365529999, 13.19927732255629], [80.25594093651378, 13.20017559796443], [80.25684455288442, 13.200178222029562], [80.25684183718914, 13.201076500459962], [80.25776466520244, 13.20107917720265], [80.25776739534854, 13.200174995894587], [80.25776467353646, 13.200174988005156], [80.25776739356114, 13.199274094872347], [80.2568637772041, 13.199271474230674], [80.25686649243485, 13.198373195565923], [80.25686376770656, 13.19837318765945], [80.25686649064758, 13.19747229454358], [80.25596287139174, 13.197469671046411], [80.25596558952108, 13.196571395236939], [80.2550427788055, 13.196568712909658]]]}}, {"id": "4", "type": "Feature", "properties": {"hotspot_id": "HOT_0005", "cluster_area_m2": 225809.37, "cluster_perimeter_m": 3746.96, "cluster_size_pixels": 23, "mean_lst": 41.19, "peak_lst": 44.96}, "geometry": {"type": "Polygon", "coordinates": [[[80.23972748978593, 13.193868658054608], [80.2388265989027, 13.193865982867427], [80.23882380235965, 13.194769552425507], [80.23792569816369, 13.19476688218065], [80.2379256898585, 13.19476956234711], [80.23702479901597, 13.194766880653173], [80.23702199376804, 13.19567105801631], [80.23794479727489, 13.19567380508321], [80.23794480558048, 13.195671124916926], [80.2388265772654, 13.195673746730911], [80.23882379689871, 13.196571962229216], [80.23882658395964, 13.196571970511858], [80.23882379510935, 13.197472863006553], [80.23974660576587, 13.197475603949773], [80.23974661403443, 13.197472929782373], [80.24064750841994, 13.197475602421738], [80.24064751666893, 13.197472931423508], [80.24154841107392, 13.19747560089359], [80.24154841930333, 13.197472933064535], [80.24244931372776, 13.197475599365331], [80.24244932193764, 13.197472934705441], [80.24333106997379, 13.197475541271276], [80.24332830754395, 13.19837314835418], [80.24243018753633, 13.198370493184713], [80.24242740137335, 13.199274671432754], [80.24335021956588, 13.199277399757941], [80.24335022775844, 13.199274737930178], [80.24425112221974, 13.199277398229237], [80.24425389974807, 13.198373846956056], [80.24513286673817, 13.198376439275734], [80.24513010875687, 13.19927467658523], [80.2460529275271, 13.19927739517149], [80.24605569841334, 13.198373850198319], [80.24695382858789, 13.198376492682398], [80.24695659790949, 13.19747231342366], [80.24603378572141, 13.197469598458055], [80.24603377758875, 13.19747225060938], [80.24513288657302, 13.197469596929238], [80.24513287842089, 13.197472252249927], [80.24423198742471, 13.197469595400534], [80.24423197925313, 13.197472253890584], [80.24335023468376, 13.1974696504376], [80.24335299875786, 13.196571419268535], [80.24244933046755, 13.196568748111941], [80.24245209762788, 13.195670519961842], [80.2415484262516, 13.19566784578657], [80.24155119649768, 13.194769620655045], [80.2406475220359, 13.194766943461474], [80.24065029536726, 13.193868721348139], [80.2397274980508, 13.193865984395023], [80.23972748978593, 13.193868658054608]]]}}, {"id": "5", "type": "Feature", "properties": {"hotspot_id": "HOT_0006", "cluster_area_m2": 78633.91, "cluster_perimeter_m": 1190.64, "cluster_size_pixels": 8, "mean_lst": 42.86, "peak_lst": 43.85}, "geometry": {"type": "Polygon", "coordinates": [[[80.31720482521393, 13.193866116189886], [80.3172048185479, 13.193868517356565], [80.31630392605602, 13.193866114652597], [80.316301414946, 13.19476941331025], [80.31540302529707, 13.19476701396547], [80.31540050820985, 13.195671207049042], [80.31540301451194, 13.195671213747499], [80.31540050643055, 13.196572107835618], [80.31632332935226, 13.196574572712569], [80.31632333603797, 13.196572168073025], [80.31722423199649, 13.196574571175054], [80.3172242386646, 13.196572169704396], [80.3181251346406, 13.196574569637434], [80.31812764188838, 13.195670376101647], [80.31812514218716, 13.19567036944742], [80.31812764010942, 13.1947694750867], [80.31812514058518, 13.19476946843337], [80.31812763833061, 13.193868574071754], [80.31720482521393, 13.193866116189886]]]}}, {"id": "6", "type": "Feature", "properties": {"hotspot_id": "HOT_0007", "cluster_area_m2": 343414.77, "cluster_perimeter_m": 4150.6, "cluster_size_pixels": 35, "mean_lst": 41.32, "peak_lst": 44.15}, "geometry": {"type": "Polygon", "coordinates": [[[80.23161941843945, 13.186658763931325], [80.23161659511685, 13.18756294071862], [80.2316194065943, 13.187562949147603], [80.23161659332781, 13.188463841495103], [80.23161940500442, 13.188463849925219], [80.23161659153867, 13.189364742271582], [80.23161940341443, 13.189364750702829], [80.23161659156933, 13.19026506035082], [80.2307185129343, 13.190262365764871], [80.23071568550148, 13.19116654210646], [80.23071850107516, 13.191166550559762], [80.23071568371184, 13.192067442882825], [80.2307184994849, 13.192067451337266], [80.23071568373187, 13.192967765002768], [80.22981760901806, 13.192965066757983], [80.2298147776734, 13.193869242717035], [80.23071848784261, 13.193871958066076], [80.23071567834212, 13.19477014521192], [80.23163847710298, 13.194772914811281], [80.23163848554547, 13.194770212634701], [80.23253937975772, 13.19477291328459], [80.23253938818044, 13.194770214276584], [80.23344028241237, 13.194772911757779], [80.23344029081531, 13.194770215918357], [80.2343411850669, 13.194772910230865], [80.2343411934501, 13.194770217560016], [80.2352420877213, 13.194772908703833], [80.23524209608479, 13.19477021920156], [80.2361429903756, 13.194772907176686], [80.23614579865716, 13.193868729936229], [80.23524210470649, 13.193866033784182], [80.23524489752536, 13.192967830629241], [80.23524209475264, 13.192967822262826], [80.23524489573605, 13.192066929604295], [80.23524209316177, 13.192066921239002], [80.23524489394687, 13.19116602857936], [80.23524209157104, 13.19116602021519], [80.23524489215781, 13.190265127554417], [80.23524208998043, 13.190265119191373], [80.23524489036889, 13.189364226529486], [80.23434119412474, 13.189361528047057], [80.2343439892369, 13.18846332722196], [80.23434118415751, 13.188463318841453], [80.2343439874481, 13.18756242619692], [80.23344028831977, 13.187559724870841], [80.23344308631592, 13.18666152688919], [80.23252031758756, 13.186658765457146], [80.23252030917426, 13.186661463097732], [80.23161941843945, 13.186658763931325]], [[80.23163849103047, 13.19206422619758], [80.23164129475558, 13.19116661791477], [80.2325393733976, 13.19116930943735], [80.2325393818158, 13.19116661111312], [80.23344027605177, 13.191169307910979], [80.2334402844502, 13.191166612754524], [80.23432208933252, 13.191169249341044], [80.23431929354702, 13.19206744975492], [80.2343220961207, 13.192067458130309], [80.23431929360065, 13.192967758514875], [80.23344029786837, 13.192965129990517], [80.23344309705051, 13.192066933040108], [80.23252030804964, 13.192064170497348], [80.23252029962958, 13.192066869163648], [80.23163849103047, 13.19206422619758]]]}}, {"id": "7", "type": "Feature", "properties": {"hotspot_id": "HOT_0008", "cluster_area_m2": 88399.32, "cluster_perimeter_m": 1386.07, "cluster_size_pixels": 9, "mean_lst": 41.16, "peak_lst": 41.6}, "geometry": {"type": "Polygon", "coordinates": [[[80.254141893992, 13.18846060379596], [80.254141886044, 13.188463225761796], [80.25324099484138, 13.188460602267213], [80.25324098687416, 13.1884632274004], [80.25234009569087, 13.18846060073858], [80.25234008770441, 13.188463229039117], [80.25143919654047, 13.188460599210064], [80.25143644564987, 13.189364780036254], [80.25143918494469, 13.189364788037981], [80.25143644386316, 13.190265680815129], [80.25234007452559, 13.190268318980955], [80.25233734453748, 13.1911665833095], [80.25326013441453, 13.19116927430228], [80.25326014238425, 13.191166648836598], [80.25416103706607, 13.191169272773317], [80.25416377833312, 13.190265091510057], [80.25416104544243, 13.190265083555593], [80.25416377452663, 13.189364856842635], [80.2550619365323, 13.189367469326042], [80.25506467410095, 13.1884632877498], [80.254141893992, 13.18846060379596]]]}}, {"id": "8", "type": "Feature", "properties": {"hotspot_id": "HOT_0009", "cluster_area_m2": 2365502.65, "cluster_perimeter_m": 15619.98, "cluster_size_pixels": 242, "mean_lst": 41.99, "peak_lst": 48.35}, "geometry": {"type": "Polygon", "coordinates": [[[80.3018895699093, 13.176748973951776], [80.30188956295859, 13.176751426028005], [80.3009886707511, 13.176748972418466], [80.30098610430376, 13.177653164007316], [80.30098865979372, 13.177653170972219], [80.30098610252513, 13.178554064792186], [80.30098865819623, 13.178554071758027], [80.30098610074636, 13.17945496557706], [80.30190885665958, 13.179457479181854], [80.30190886361247, 13.17945502679472], [80.30279044800253, 13.17945742514572], [80.30278790389974, 13.180355869777873], [80.30369134559113, 13.18035832461168], [80.30368880458738, 13.181256772270876], [80.30369135091107, 13.181256779185716], [80.30368880280858, 13.18215767305606], [80.3036913493127, 13.182157679971832], [80.30368880102967, 13.183058573841258], [80.30459223998055, 13.183061025959647], [80.30458970413049, 13.183958622263882], [80.30369135544464, 13.183956183807528], [80.30369134852232, 13.183958630795376], [80.30280978357155, 13.183956234835703], [80.30281232831304, 13.18305779091738], [80.30188955872764, 13.183055279890443], [80.30188955177039, 13.18305773305535], [80.30100797674271, 13.183055331023898], [80.30101052786304, 13.182156893317204], [80.3000877620105, 13.182154375974244], [80.30008775501823, 13.182156835315407], [80.29920616991407, 13.18215442721282], [80.29920872741224, 13.181255995717045], [80.29920616130633, 13.181255988703619], [80.29920872563287, 13.180355094699845], [80.29830526410227, 13.180352624017498], [80.29830782451745, 13.17945419539101], [80.2974043598893, 13.179451721682591], [80.29740692340181, 13.178553296082073], [80.2974043512489, 13.178553289035383], [80.29740692162258, 13.177652395064657], [80.297404349652, 13.177652388018917], [80.29740691984348, 13.176751494047245], [80.29650345248123, 13.17674901762829], [80.29650601872764, 13.175850594737991], [80.2955832774003, 13.175848062373378], [80.29558069364381, 13.176751430377875], [80.29468237664683, 13.17674896168847], [80.29467978704683, 13.177653152050233], [80.29558325770051, 13.177655635060663], [80.29558068773242, 13.178554054542943], [80.29648415528975, 13.178556534528278], [80.29648158841825, 13.179454957035755], [80.29648416075295, 13.179454964092649], [80.29648158663876, 13.180355857820077], [80.29648415915578, 13.18035586487792], [80.29648158485915, 13.181256758604404], [80.2964841575585, 13.18125676566319], [80.29648158307943, 13.18215765938872], [80.29738504808368, 13.18216013682132], [80.29738248376543, 13.18305856188196], [80.29828594567168, 13.183061036288082], [80.29828338445165, 13.183959464375302], [80.29918684325943, 13.18396193575456], [80.2991842851381, 13.18486036686875], [80.30008774084692, 13.184862835220756], [80.30008518582477, 13.185761269362294], [80.30098863843413, 13.18576373468667], [80.30098608651166, 13.186662171855946], [80.3018895360211, 13.1866646341523], [80.30188698719877, 13.187563074349702], [80.30280977368434, 13.187565586228386], [80.30280978062768, 13.187563135608485], [80.3036913327944, 13.187565532141516], [80.30368879035348, 13.18846397855235], [80.30461158057251, 13.188466484111936], [80.30461158748093, 13.188464039670906], [80.30551248321719, 13.188466482576874], [80.30551503521404, 13.18756229087524], [80.3055124909253, 13.187562283980967], [80.30551503343459, 13.186661389858784], [80.30551248932608, 13.186661382965434], [80.30551502923704, 13.185761345800412], [80.30641338106517, 13.185763778182963], [80.30641338793507, 13.185761340539614], [80.30731428370926, 13.185763776647997], [80.30731429056132, 13.185761342171128], [80.30821518635322, 13.185763775112918], [80.30821519318746, 13.18576134380253], [80.30911608899709, 13.18576377357773], [80.30911609581354, 13.185761345433818], [80.30999763030471, 13.185763719924973], [80.30999511118587, 13.186662188938834], [80.31089852789145, 13.186664619388788], [80.3108960118753, 13.187563091432555], [80.31181880012693, 13.187565570875993], [80.31181880689196, 13.187563151924909], [80.31271970277056, 13.187565569340132], [80.31271970951789, 13.187563153555926], [80.31360122385308, 13.187565515898191], [80.3135987175021, 13.1884639973416], [80.3136012289824, 13.188464004068155], [80.31359871572357, 13.18936489812797], [80.31360122738178, 13.189364904855427], [80.31359871394493, 13.190265798914343], [80.31452151285795, 13.190268269123852], [80.31452151957265, 13.190265859215318], [80.31542241550159, 13.190268267587328], [80.31542242219865, 13.190265860846269], [80.31632331814511, 13.190268266050694], [80.31632583077337, 13.18936407241158], [80.31632332571277, 13.189364065728428], [80.31632582899508, 13.188463171396426], [80.31542242817596, 13.188460759815142], [80.31542492788397, 13.187562272088488], [80.3145021389442, 13.187559805628831], [80.3145021322316, 13.187562215232145], [80.31362062134635, 13.18755985599859], [80.31362312743936, 13.186661374487777], [80.313620613016, 13.18666136775441], [80.3136231256611, 13.185760473472305], [80.31271971553016, 13.185758052798217], [80.31272222454933, 13.184859574164056], [80.31181881131543, 13.184857150459802], [80.31182132343734, 13.183958674855708], [80.31089854870875, 13.183956196086815], [80.31089854192902, 13.183958617744421], [80.31001700448694, 13.183956246645105], [80.31001952299091, 13.183057777254595], [80.31001699609035, 13.183057770454008], [80.31001951876183, 13.182157750669578], [80.31091788788844, 13.182160166697512], [80.31091789466572, 13.182157745500596], [80.31181879053146, 13.182160165162419], [80.31182131563993, 13.181256853095528], [80.31271969157547, 13.18125926267505], [80.31271969831646, 13.181256847962596], [80.31362059421815, 13.181259261139838], [80.31362311499419, 13.180355067379502], [80.31362060181762, 13.18035506065246], [80.3136231132168, 13.17945416636404], [80.31362060021834, 13.179454159637897], [80.31362311143957, 13.17855326534858], [80.31271970272721, 13.178550845905752], [80.31272221032788, 13.177652366039478], [80.3127196943896, 13.177652359297483], [80.31272220855075, 13.176751465023907], [80.31271969279084, 13.176751458282821], [80.31272220677377, 13.175850564008346], [80.31181879531539, 13.175848141845243], [80.31182130566187, 13.174949664698923], [80.3118187869633, 13.17494965794197], [80.31182130388503, 13.17404876368326], [80.31181878536502, 13.174048756927217], [80.3118213021083, 13.173147862667589], [80.31091788790526, 13.173145437785434], [80.3109204009962, 13.17224696335785], [80.31091787953872, 13.172246956585932], [80.31092039921961, 13.171346062342078], [80.31001698209535, 13.171343634587535], [80.3100194981073, 13.170445163032129], [80.3091160778845, 13.170442732251244], [80.30911859699478, 13.169544263722079], [80.30821517367391, 13.169541829915236], [80.308217695882, 13.168643364411919], [80.30821516525867, 13.168643357590454], [80.30821769166002, 13.167743334651334], [80.30911605704176, 13.167745754525539], [80.30911606383994, 13.16774332946023], [80.31001695968315, 13.16774575299241], [80.31001949100225, 13.16684155896863], [80.31001696732433, 13.166841552184467], [80.3100194892263, 13.165940657952756], [80.3100169657274, 13.165940651169507], [80.31001948745049, 13.165039756936888], [80.30911606829704, 13.165037327084548], [80.309118586338, 13.164138857626194], [80.30911605990464, 13.164138850827053], [80.30911858456233, 13.163237956610221], [80.30821516249067, 13.163235523888126], [80.30821768344964, 13.162337057299313], [80.30729499040731, 13.162334569569886], [80.30729498357853, 13.162337000188474], [80.30639409124653, 13.162334568037643], [80.30639154996528, 13.163237895978314], [80.30549319049038, 13.163235467354282], [80.30549064328926, 13.164139660763306], [80.30549317959968, 13.164139667624854], [80.3054906415131, 13.165040561548746], [80.30549317800347, 13.165040568411213], [80.30549063973682, 13.165941462334182], [80.30549317640714, 13.165941469197575], [80.3054906379604, 13.16684236311962], [80.30549317481069, 13.166842369983934], [80.30549063618386, 13.167743263905054], [80.30639406553405, 13.167745707011127], [80.30639153687234, 13.168644166396543], [80.30639407078887, 13.168644173244896], [80.30639153509567, 13.169545067182087], [80.30639406919194, 13.16954507403136], [80.30639153575089, 13.170445103998526], [80.3054931777221, 13.170442674144534], [80.30549062907643, 13.171346867046772], [80.30639405914232, 13.171349310775168], [80.3063915297649, 13.172247769538696], [80.30639406440032, 13.172247776390728], [80.30639152798771, 13.17314867032423], [80.30639406280288, 13.173148677177183], [80.30639152864067, 13.174048708008637], [80.30549317133496, 13.174046277539723], [80.3054931644586, 13.174048716493038], [80.30459227217594, 13.17404627600629], [80.30458971950115, 13.17495046848154], [80.30459226126642, 13.174950475372011], [80.30458972014033, 13.175850513239547], [80.30369136982317, 13.175848076170142], [80.30368881588974, 13.176751415855403], [80.30279046906763, 13.176748975485197], [80.30279046213484, 13.17675142439675], [80.3018895699093, 13.176748973951776]]]}}, {"id": "9", "type": "Feature", "properties": {"hotspot_id": "HOT_0010", "cluster_area_m2": 98563.11, "cluster_perimeter_m": 1589.44, "cluster_size_pixels": 10, "mean_lst": 42.19, "peak_lst": 43.88}, "geometry": {"type": "Polygon", "coordinates": [[[80.23612111277335, 13.184860246974093], [80.23612390716349, 13.184860255301144], [80.23612111098528, 13.185761147751125], [80.23612390557341, 13.185761156079293], [80.2361211091971, 13.186662048528149], [80.2370247948291, 13.18666474019025], [80.2370220098675, 13.187562951022151], [80.23702480155292, 13.187562959332912], [80.23702200807918, 13.188463851799288], [80.23794478455, 13.188466597393935], [80.23794479284666, 13.18846391858559], [80.23884568720311, 13.188466595867215], [80.23884848416344, 13.187562417611518], [80.23884569577612, 13.18756240933042], [80.23884848237536, 13.186661516587018], [80.23884569418554, 13.18666150830703], [80.23884848058741, 13.185760615562522], [80.23794479824767, 13.185757930511658], [80.23794757945639, 13.18485971625456], [80.23704389403471, 13.184857028188382], [80.23704667832514, 13.183958816946495], [80.23612391894979, 13.183956069040187], [80.23612111277335, 13.184860246974093]]]}}, {"id": "10", "type": "Feature", "properties": {"hotspot_id": "HOT_0011", "cluster_area_m2": 108805480.34, "cluster_perimeter_m": 531846.14, "cluster_size_pixels": 11144, "mean_lst": 40.22, "peak_lst": 49.46}, "geometry": {"type": "MultiPolygon", "coordinates": [[[[80.14783607990633, 13.018193446498975], [80.14783300136595, 13.019094337157439], [80.14783607835078, 13.019094347267034], [80.14783299958971, 13.019995237924114], [80.14783607679513, 13.019995248035086], [80.14783299890213, 13.02089582013015], [80.14693518728714, 13.020892868384273], [80.14693517714774, 13.020895831877397], [80.1460342881283, 13.02089286688918], [80.14603119225276, 13.021796724375783], [80.1451333874146, 13.021793766223238], [80.14513028698262, 13.022697935099274], [80.14603426362468, 13.022700913779406], [80.14603118763138, 13.023598837574124], [80.14695332926645, 13.023601873068007], [80.14695333940914, 13.02359890919393], [80.14785423190965, 13.023601871572579], [80.14785424203092, 13.023598910829016], [80.14875513455273, 13.023601870077043], [80.14875514465261, 13.023598912463981], [80.14963785883242, 13.023601808963294], [80.1496347955594, 13.024499745173921], [80.14963786735461, 13.024499755249009], [80.14963479378262, 13.025400645940804], [80.14963786579797, 13.025400656017265], [80.14963479200574, 13.026301546707687], [80.15053875334951, 13.026304510393746], [80.15053569265564, 13.027202449182953], [80.15143965098225, 13.027205409907493], [80.15143659330575, 13.02810335165832], [80.1514396594665, 13.028103361696198], [80.15143659152871, 13.02900425242541], [80.1523405470559, 13.029007210378856], [80.15233749217906, 13.029905154900991], [80.15325965866306, 13.029908169400414], [80.15326273023089, 13.029004335340181], [80.15416055974913, 13.029007266931727], [80.15416362781744, 13.028103436169621], [80.15506146083497, 13.028106364463152], [80.15506452540427, 13.027202536998786], [80.15594414693936, 13.027205402684325], [80.15594110544323, 13.028103360198534], [80.15686326612035, 13.02810636146907], [80.15686632413255, 13.027202540225087], [80.15774594532286, 13.027205399794436], [80.15774291029902, 13.028103363613834], [80.15774595365757, 13.028103373503008], [80.15774290971548, 13.029003911544036], [80.156845064029, 13.029000992311884], [80.15684200431826, 13.029905163441736], [80.15684505137078, 13.029905173354777], [80.15684200254168, 13.030806064209482], [80.15684504981245, 13.03080607412387], [80.15684200076495, 13.031706964977221], [80.15776417499363, 13.031709963856931], [80.15776418489293, 13.03170703585562], [80.15864683671583, 13.03170990313555], [80.15864380384531, 13.032607869161128], [80.1595659818375, 13.032610861832351], [80.15956599169581, 13.03260793990792], [80.16046688448027, 13.032610860334257], [80.16046993047236, 13.031707050600348], [80.16136778556445, 13.031709957865223], [80.16137082805841, 13.030806151428608], [80.16225043504252, 13.030808996395619], [80.16224741533719, 13.031706975223718], [80.1631695908492, 13.031709954868694], [80.16317262678449, 13.030806154654346], [80.16405223342642, 13.030808993503737], [80.16404922019555, 13.031706978638322], [80.16497139613347, 13.031709951871713], [80.16497442551021, 13.030806157879724], [80.1658540318107, 13.030808990611503], [80.16585102505434, 13.031706982052471], [80.16585403995956, 13.031706991757359], [80.16585102327865, 13.032607882821306], [80.1658540383998, 13.03260789252751], [80.1658510227804, 13.03350840211126], [80.16495314867092, 13.03350550995006], [80.16495313893687, 13.033508413452697], [80.16405224951144, 13.033505508451185], [80.16405223975636, 13.033508415086725], [80.16315135035207, 13.033505506952428], [80.16315134057594, 13.033508416720867], [80.16225045119279, 13.033505505453782], [80.16225044139561, 13.033508418355124], [80.16134955203366, 13.033505503955247], [80.16134954221538, 13.033508419989495], [80.16044865287462, 13.033505502456833], [80.16044560636773, 13.034409312807279], [80.15956600588494, 13.034406461002453], [80.15956903587282, 13.033508492323035], [80.1586468545569, 13.033505499460327], [80.15864684467525, 13.033508424893292], [80.15774595539821, 13.033505497962246], [80.15774594549538, 13.033508426528115], [80.15684505623965, 13.033505496464276], [80.15684199543405, 13.03440966728044], [80.15684504357787, 13.03440967720022], [80.15684199483422, 13.035310220279536], [80.15596239700153, 13.035307356063214], [80.15596544015779, 13.034409400190443], [80.15504325636483, 13.034406394298943], [80.15504324639699, 13.034409332452267], [80.15414235720671, 13.034406392801205], [80.15413928637086, 13.03531056292211], [80.1541423445109, 13.035310572906965], [80.15413928573972, 13.036211126139584], [80.1532414549328, 13.036208192963684], [80.15323838038668, 13.037112362747795], [80.15324144222446, 13.03711237275666], [80.15323837974354, 13.03801292978959], [80.15234055265896, 13.038009993125858], [80.15234054262177, 13.038012941435792], [80.15143965350164, 13.03800999162802], [80.15143964344311, 13.038012943071879], [80.15053875434447, 13.038009990130297], [80.15053874426455, 13.038012944708077], [80.14963785518738, 13.038009988632684], [80.149634767116, 13.038914157443875], [80.14963784243324, 13.038914167540891], [80.14963476533721, 13.039815058210731], [80.15053872996063, 13.03981802476492], [80.15053566598696, 13.040715960687603], [80.15145787206762, 13.040718984058222], [80.15145788212939, 13.040716032235533], [80.15235877471247, 13.040718982560161], [80.15235878475289, 13.040716033871806], [80.15325967735723, 13.040718981061993], [80.15325968737632, 13.040716035507959], [80.15416058000186, 13.04071897956371], [80.15416058999962, 13.040716037144001], [80.15506148264636, 13.040718978065318], [80.15506149262285, 13.040716038779925], [80.15596238529075, 13.040718976566806], [80.15596239524596, 13.04071604041574], [80.15686328793502, 13.040718975068184], [80.15686329786901, 13.040716042051438], [80.1577641905792, 13.04071897356945], [80.15776420049195, 13.040716043687025], [80.15866509322325, 13.04071897207061], [80.1586651031148, 13.040716045322496], [80.15956599586718, 13.04071897057165], [80.15956904711004, 13.039815156049151], [80.16046689695155, 13.039818068101662], [80.16046994469387, 13.038914256878387], [80.16134952180283, 13.038917106453749], [80.16134649691732, 13.03981508043076], [80.16134953006832, 13.039815090252786], [80.16134649513991, 13.04071598119903], [80.16226870379832, 13.040718966074095], [80.16226871360531, 13.040716051863239], [80.16315131706092, 13.040718905473748], [80.16314829946457, 13.041616516101746], [80.16225043715777, 13.041613612934118], [80.16225042734861, 13.041616527519345], [80.16134953799967, 13.041613611434606], [80.16134649158475, 13.042517782735567], [80.16134952538708, 13.042517792561599], [80.16134648980697, 13.043418683503832], [80.16134952382642, 13.043418693331196], [80.16134648802907, 13.044319584272095], [80.16134952226564, 13.044319594100795], [80.16134648625105, 13.045220485040359], [80.16134952070472, 13.045220494870389], [80.1613464844729, 13.04612138580862], [80.16225040849723, 13.046124312661414], [80.16224738512558, 13.047022288286191], [80.16225041675115, 13.047022298097769], [80.1622473833473, 13.047923189054561], [80.16225041518975, 13.04792319886747], [80.16224738156889, 13.048824089822928], [80.16225041362821, 13.04882409963717], [80.16224737979034, 13.04972499059129], [80.16225041206657, 13.049725000406864], [80.16224737923585, 13.050625527884849], [80.16134952239452, 13.050622619745221], [80.16134647380132, 13.051526790418151], [80.16134950977484, 13.051526800257523], [80.16134647202229, 13.052427691186399], [80.16226872408585, 13.052430678692943], [80.16227176832173, 13.051526871095085], [80.1631696251694, 13.051529776221555], [80.16316963497125, 13.05152686290254], [80.16407052781418, 13.051529774720729], [80.16407356650657, 13.050625603415952], [80.16407053727603, 13.050625593630954], [80.16407356348343, 13.049725072754518], [80.16495309981485, 13.049727912144514], [80.16495008530671, 13.050625896488238], [80.16587233154173, 13.050628870748504], [80.16587536220398, 13.04972507598347], [80.16677323262438, 13.049727968277317], [80.16677324233935, 13.049725067877292], [80.16765579738451, 13.049727907799763], [80.16765279388576, 13.050625518196812], [80.16675491733773, 13.050622628750515], [80.16675188839241, 13.051526800675639], [80.16765579425679, 13.051529709712119], [80.16765278904644, 13.052427703153837], [80.16857504259849, 13.052430668184797], [80.16857505227543, 13.05242777350046], [80.1694575910723, 13.05243060777078], [80.1694545921334, 13.053328607341326], [80.1694575991654, 13.053328616993907], [80.16945459035516, 13.05422950811055], [80.17035848713307, 13.054232408233652], [80.17035549100986, 13.055130410589063], [80.17035849520748, 13.05513042022332], [80.17035549053921, 13.05603091945063], [80.16945760543547, 13.056028038247048], [80.16945759577342, 13.056030930721843], [80.16855670627834, 13.056028036744891], [80.16855669659533, 13.056030932357611], [80.16767416688909, 13.05602809431621], [80.16767717287826, 13.055130101742744], [80.16677326271216, 13.055127192021494], [80.16677627173034, 13.054229202419522], [80.16585401193235, 13.054226230575846], [80.16585400218891, 13.054229135229862], [80.16495311277545, 13.054226229074356], [80.16495310301096, 13.054229136865901], [80.16405221361866, 13.054226227572979], [80.16405220383308, 13.054229138502057], [80.16316965069744, 13.054226285381093], [80.16317267247321, 13.053328308225742], [80.16225041686711, 13.053325323739385], [80.16225040704063, 13.053328240756473], [80.16134951771055, 13.053325322238457], [80.16134646846383, 13.054229492722893], [80.16134950508874, 13.05422950256627], [80.1613464666844, 13.055130393491137], [80.16134950352645, 13.055130403335848], [80.16134646490487, 13.056031294259379], [80.16134950196405, 13.05603130410543], [80.1613464631252, 13.05693219502762], [80.16134950040151, 13.056932204875004], [80.1613464613454, 13.057833095795862], [80.16134949883886, 13.057833105644582], [80.1613464595655, 13.058733996564099], [80.16134949727608, 13.058734006414156], [80.16134645778543, 13.059634897332336], [80.16134949571317, 13.059634907183725], [80.16134645600526, 13.06053579810057], [80.1622687381434, 13.060538787428825], [80.1622687479797, 13.060535869102669], [80.16315128266864, 13.060538726520182], [80.16314825909076, 13.061436702290813], [80.16315129092062, 13.061436712102557], [80.16314825731057, 13.062337603059259], [80.1631512893571, 13.062337612872337], [80.16314825553025, 13.063238503827705], [80.16407054812422, 13.06324148733637], [80.16407055792223, 13.063238574727823], [80.16497145077041, 13.063241485834014], [80.1649714605473, 13.063238576364807], [80.16585397553808, 13.06324142504147], [80.16585096105042, 13.064139409729297], [80.16677325762598, 13.064142383799057], [80.16677326736205, 13.064139480422506], [80.16767416027193, 13.064142382296254], [80.16767416998697, 13.064139482059238], [80.16857506291777, 13.064142380793339], [80.16857507261179, 13.064139483695858], [80.1694759655635, 13.064142379290308], [80.16947597523651, 13.064139485332362], [80.17037686820913, 13.06414237778717], [80.1703798869958, 13.063238205906963], [80.17037687759768, 13.063238196250715], [80.17037988391374, 13.062337695054797], [80.17125937223452, 13.062340515386337], [80.17125637743415, 13.063238519223134], [80.17125938029851, 13.063238528848206], [80.17125637565476, 13.064139419992559], [80.1712593787337, 13.064139429618937], [80.17125637387524, 13.065040320761982], [80.17217867506439, 13.065043275749982], [80.17217868467583, 13.065040391025825], [80.17307957770979, 13.065043274246397], [80.17307958730031, 13.065040392661965], [80.17396206510195, 13.065043213902081], [80.17395907939999, 13.065941226662174], [80.17486296272394, 13.065944113406763], [80.17485998005574, 13.066842129142064], [80.17578228877532, 13.06684507167295], [80.17578528717932, 13.065941307889428], [80.17666476110156, 13.065944110504985], [80.1766617849264, 13.066842132562007], [80.17758409406554, 13.066845068664321], [80.17758410355444, 13.066842202411328], [80.17848499671048, 13.066845067159834], [80.1784850061786, 13.066842204046972], [80.1793674571012, 13.066845007106515], [80.17936449184836, 13.067742616506159], [80.17846657666895, 13.06773976410603], [80.17846358623943, 13.06864393752208], [80.17936745396578, 13.068646809016233], [80.1793644868963, 13.069544840002276], [80.18028680669778, 13.069547767055878], [80.18028681612823, 13.069544909674311], [80.18118770934274, 13.069547765550729], [80.18118771875245, 13.06954491130989], [80.18208861198757, 13.06954776404547], [80.1820886213766, 13.069544912945348], [80.18297104915355, 13.069547704163885], [80.182968094863, 13.07044574761161], [80.18389041884353, 13.070448662002617], [80.1838904281925, 13.070445817001763], [80.18479132148813, 13.070448660496908], [80.1847913308165, 13.070445818636976], [80.18569222413264, 13.070448658991085], [80.1856951886751, 13.069544484062606], [80.18569223333036, 13.069544474750705], [80.18569518543788, 13.068644028010675], [80.18657464747955, 13.06864679740119], [80.18657170638907, 13.069544853677499], [80.18657465519685, 13.069544862958766], [80.18657170461077, 13.070445754448755], [80.18747554353122, 13.070448597856899], [80.1874726052697, 13.071346656929137], [80.18839493363281, 13.071349555440415], [80.18839494288011, 13.071346725962986], [80.18929583627695, 13.071349553934034], [80.18929584550374, 13.071346727597723], [80.190196738921, 13.071349552427542], [80.19019674812728, 13.07134672923234], [80.19107913872018, 13.071349492999762], [80.19107621324228, 13.07224756453628], [80.19199854577668, 13.072250450381237], [80.19199855494327, 13.072247633287905], [80.19288093552984, 13.072250391047074], [80.19287801786953, 13.07314799837583], [80.19198005462658, 13.073145191698984], [80.19197711212423, 13.07404936778876], [80.19198004236928, 13.07404937695324], [80.191977110346, 13.074950268560665], [80.19288093081914, 13.074953093907279], [80.19287801100626, 13.075851171041561], [80.19380035733816, 13.075854051234444], [80.19380036646885, 13.075851239703951], [80.19470125998221, 13.075854049726841], [80.19470126909252, 13.075851241338464], [80.1955836268171, 13.07585399049945], [80.19558071654481, 13.076752076940185], [80.19650306683914, 13.07675494767777], [80.19650307590994, 13.076752145394275], [80.19738542362536, 13.076754888544436], [80.19738251964543, 13.077652981129923], [80.19830487369622, 13.077655845627808], [80.19830779241023, 13.076752157698191], [80.19918722200495, 13.076754885635971], [80.19918432452464, 13.077652984546875], [80.20010667898354, 13.07765584261093], [80.20010959111677, 13.076752160925583], [80.20100758005717, 13.0767549401364], [80.20100758902653, 13.076752153564444], [80.20190848270042, 13.076754938627786], [80.20191138804499, 13.075851263363715], [80.20280938377358, 13.075854036153363], [80.20280939270134, 13.07585125604394], [80.20371028641651, 13.07585403464463], [80.20371029532409, 13.075851257677309], [80.2046111890593, 13.075854033135789], [80.20461119794673, 13.075851259310566], [80.20551209170198, 13.07585403162683], [80.2055121005693, 13.075851260943711], [80.20639441709926, 13.075853973046614], [80.2063915458228, 13.076752097436557], [80.20729531471764, 13.076754872543507], [80.20729244648675, 13.077652999917607], [80.20821480277085, 13.077655829029396], [80.2082148115803, 13.077653067419122], [80.20909711152649, 13.077655770584775], [80.20909424959197, 13.07855390410606], [80.21001660962682, 13.07855672697487], [80.21001948746733, 13.077652547205718], [80.20911572467807, 13.07764978147372], [80.20911858464407, 13.076752177057072], [80.21001660648461, 13.076754925045204], [80.21001661525283, 13.076752169896237], [80.21091750912673, 13.076754923535464], [80.21091751787496, 13.076752171528788], [80.21181841176873, 13.076754922025614], [80.21182128263631, 13.075850741736577], [80.21181842063716, 13.075850733004248], [80.2118212808604, 13.074949840709023], [80.21181841906558, 13.074949831977872], [80.21182127908463, 13.07404893968147], [80.21181841749413, 13.074048930951506], [80.21182127559459, 13.073148578735202], [80.2127193081263, 13.073151316657594], [80.21271931682989, 13.073148571638377], [80.21360161534712, 13.07315125855071], [80.21359877067732, 13.074049408768293], [80.21450251296604, 13.074052158046436], [80.21449967134315, 13.074950311248996], [80.2145025200593, 13.074950319910675], [80.21449966956772, 13.075851212023617], [80.21450251848725, 13.075851220686467], [80.21449966779215, 13.07675211279824], [80.2154034074379, 13.076754859443907], [80.2154005684582, 13.077653015279262], [80.21540341451431, 13.077653023924583], [80.21540056668248, 13.078553916053991], [80.21632292812087, 13.0785567164028], [80.21632578298941, 13.077652535258588], [80.21632293693267, 13.077652526623428], [80.21632578121384, 13.076751634231577], [80.21542204137938, 13.07674889081348], [80.21542487833159, 13.075851287553448], [80.21632292340529, 13.075854013510583], [80.21632293203288, 13.075851280532545], [80.21720520739488, 13.075853955581092], [80.21720237511732, 13.076752117916785], [80.21812473025953, 13.076754911453483], [80.21812473884866, 13.076752184585102], [80.21902563290062, 13.076754909942728], [80.21902564146997, 13.076752186216629], [80.2199265355416, 13.076754908431862], [80.219929376878, 13.075850726380969], [80.21992654430653, 13.075850717827345], [80.21992937510315, 13.074949825354397], [80.21992654273392, 13.07494981680193], [80.21992937332841, 13.07404892432782], [80.21992654116141, 13.074048915776514], [80.21992936976326, 13.073148593240065], [80.22082743189392, 13.073151303066746], [80.22083026913941, 13.072247120569497], [80.22082744064568, 13.072247112040234], [80.22083026556507, 13.071346793269703], [80.22172833139042, 13.071349499629225], [80.22173116314224, 13.070445894089756], [80.22262923245853, 13.07044859715534], [80.22263206071969, 13.069544994909547], [80.2235115127581, 13.069547638735791], [80.22350870463161, 13.070445824426129], [80.22443103773782, 13.070448594134113], [80.22443104618092, 13.070445890473442], [80.22533194037727, 13.07044859262333], [80.22533194880077, 13.070445892103521], [80.22621420876452, 13.070448535317471], [80.2262114101845, 13.07134673031507], [80.2262142155957, 13.071346738715729], [80.2262114084111, 13.072247631091113], [80.22621421402265, 13.072247639492906], [80.22621140848602, 13.07314793871721], [80.22531332354389, 13.073145247538852], [80.22531331511621, 13.07314794875048], [80.22441242438191, 13.073145246027634], [80.22440960181015, 13.074048842949516], [80.22351152364762, 13.074046145355169], [80.22350869758475, 13.074949745571345], [80.22261062291355, 13.074947044682604], [80.22260779154534, 13.075851227375244], [80.22261061103725, 13.075851235860105], [80.22260778977082, 13.076752128150844], [80.22261060946403, 13.076752136636852], [80.22260778799618, 13.077653028926441], [80.22261060789069, 13.0776530374136], [80.22260778622142, 13.07855392970204], [80.22353014925007, 13.078556704313664], [80.22353297786492, 13.07765252161146], [80.2235301579698, 13.07765251313437], [80.22353297426893, 13.076752202848494], [80.22441239935819, 13.076754844880424], [80.22440959288183, 13.077653032337118], [80.22441240623594, 13.077653040784963], [80.2244095911073, 13.078553933112932], [80.22441240466225, 13.078553941561916], [80.22440959116047, 13.079454249013786], [80.22351151421049, 13.079451550387061], [80.22350868511462, 13.080355732958942], [80.22351150234212, 13.080355741429873], [80.22350868515795, 13.081256052646951], [80.22262927013145, 13.081253406722473], [80.22263208383092, 13.08035522639572], [80.22170971431568, 13.080352448202113], [80.22170687845323, 13.08125663032288], [80.22170970242409, 13.081256638834336], [80.22170687667784, 13.08215753109836], [80.22170970085024, 13.082157539610968], [80.22170687670288, 13.083057857892666], [80.2208274680608, 13.083055205511139], [80.22083028866433, 13.082157031860664], [80.22082745794859, 13.082157023318691], [80.2208302868887, 13.081256130834182], [80.21990791442165, 13.081253346017183], [80.21990507357619, 13.082156960105994], [80.21902566126498, 13.082154301745648], [80.21902848817075, 13.08125613424684], [80.21810611610128, 13.081253342994259], [80.21810610750558, 13.081256070909811], [80.21720521694127, 13.081253341482963], [80.21720520832575, 13.081256072542011], [80.21630431778136, 13.081253339971786], [80.216304309146, 13.081256074174323], [80.21542204924795, 13.081253395067742], [80.2154248889573, 13.08035524004636], [80.21452114506324, 13.08035249276053], [80.2145239878214, 13.079454340725956], [80.21452113481695, 13.079454332048703], [80.21452398604534, 13.078553439698725], [80.21452113324452, 13.078553431022645], [80.21452398426939, 13.077652538671492], [80.2136016265901, 13.077649732089084], [80.21359876352666, 13.078553367346789], [80.21270072585857, 13.078550631416144], [80.21270071714713, 13.078553377665544], [80.2117998266989, 13.07855062990585], [80.2117969568495, 13.079454271583977], [80.2108989259678, 13.079451529232804], [80.21089891721526, 13.079454281944109], [80.20999802680846, 13.079451527722634], [80.20999801803592, 13.079454283577025], [80.20909712764924, 13.07945152621257], [80.20909424772205, 13.080355177435006], [80.20819622691886, 13.080352425539438], [80.20819621810504, 13.080355187856735], [80.20729532775998, 13.080352424029495], [80.2072953189261, 13.080355189490094], [80.20641302156233, 13.080352479657346], [80.20641589357768, 13.079454356091533], [80.2054935310135, 13.079451520173462], [80.20549352214061, 13.079454291743358], [80.20459263185487, 13.079451518663966], [80.20459262296184, 13.079454293376964], [80.20369173269631, 13.079451517154581], [80.20369172378314, 13.079454295010686], [80.2027908335379, 13.07945151564531], [80.20279082460453, 13.079454296644526], [80.20188993437961, 13.079451514136155], [80.20188992542603, 13.079454298278472], [80.20098903522141, 13.079451512627111], [80.20098902624763, 13.079454299912534], [80.20008813606333, 13.079451511118178], [80.2000881270693, 13.07945430154672], [80.19918723690537, 13.079451509609363], [80.19918431919083, 13.08035568686518], [80.20008811490756, 13.080358487992076], [80.20008521985291, 13.081256589346685], [80.20008812233132, 13.081256598337824], [80.2000852180747, 13.082157490119554], [80.20008812076027, 13.08215749911191], [80.20008521789, 13.083057896610523], [80.19920580538239, 13.083055170563526], [80.19920870402147, 13.082157072844707], [80.19828633303713, 13.082154210607499], [80.19828632399886, 13.082157007859005], [80.19738543387976, 13.082154209098581], [80.19738250897531, 13.083058385765211], [80.19738542168291, 13.083058394819684], [80.19738250876262, 13.083958802467345], [80.19648453158207, 13.083956009260577], [80.19648452250065, 13.083958813158139], [80.19558363242514, 13.083956007751665], [80.19558070208434, 13.084859706710501], [80.19470129546116, 13.08485696498654], [80.19470421077094, 13.083958883450444], [80.19470128476733, 13.083958874323665], [80.19470420899167, 13.083057982420812], [80.19378183568158, 13.083055103899104], [80.19377889743622, 13.083959279699458], [80.19378182343914, 13.083959288836693], [80.19377889718605, 13.08485970994063], [80.19289949023414, 13.08485696207703], [80.19290241204702, 13.083958886870256], [80.19198003579862, 13.08395600171715], [80.19197709077714, 13.084860177051528], [80.19198002353306, 13.084860186230905], [80.1919770905077, 13.085760614185055], [80.19109768657826, 13.085757860016189], [80.1911006151025, 13.08485979132058], [80.19109767580169, 13.084859782110703], [80.19110061332265, 13.083958890290509], [80.19109767423154, 13.083958881081879], [80.19110061003977, 13.083058450299765], [80.19199856460175, 13.083061261985334], [80.19199857378325, 13.083058442727971], [80.19289946724696, 13.083061260477088], [80.19290240848815, 13.08215708481055], [80.19198003893787, 13.082154200047428], [80.19198002975682, 13.082157019304978], [80.19109768029297, 13.08215425662295], [80.19110060798386, 13.081256187200303], [80.19019677610858, 13.081253354320582], [80.19019970684167, 13.080355287880103], [80.18929587192446, 13.080352452018499], [80.18929880569928, 13.079454388559796], [80.18929586111531, 13.07945437931636], [80.18929880391995, 13.078553487529515], [80.18837644858735, 13.07855059067792], [80.18837349169776, 13.079454765581367], [80.18837643628105, 13.079454774835321], [80.18837349139595, 13.080355214561742], [80.18749406669745, 13.080352449110997], [80.18749700697282, 13.079454391979858], [80.18749405584742, 13.079454382695294], [80.18749700519326, 13.078553490949362], [80.18659316094356, 13.078550645961752], [80.18659610258904, 13.077653037498637], [80.18749404196265, 13.0776558637196], [80.18749405123928, 13.077653029831598], [80.18839494460774, 13.077655862212572], [80.18839789951781, 13.076752139941018], [80.18929584568438, 13.076754959738095], [80.18929585491865, 13.076752132316079], [80.19019674832913, 13.07675495823095], [80.19019969794624, 13.075850782729258], [80.18927735244942, 13.075847889681727], [80.1892773432156, 13.075850717103924], [80.18839496146018, 13.07584794632472], [80.18839789744014, 13.074949885117848], [80.18749405727752, 13.074947044023599], [80.18749699629734, 13.074048985796905], [80.18657465811417, 13.074046083492602], [80.18657464882118, 13.07404891997867], [80.18567375895722, 13.074046081986126], [80.18567374964364, 13.074048921614116], [80.18477285980038, 13.074046080479762], [80.18477285046617, 13.07404892324968], [80.18389044525601, 13.07404613736443], [80.18389339706097, 13.073148091604848], [80.18297106305418, 13.073145176633638], [80.18297105367995, 13.073148025505047], [80.18207016389758, 13.073145175127722], [80.18206718530955, 13.0740493489849], [80.18207015151705, 13.074049358375646], [80.18206718494665, 13.07494981978123], [80.18118773898485, 13.07494703385411], [80.1811907007462, 13.074048997766097], [80.1802683640179, 13.074046072949649], [80.18026538005367, 13.074949823012119], [80.17938593375752, 13.074947030949328], [80.17938890201627, 13.074049001186875], [80.17846656570572, 13.074046069938394], [80.17846655622654, 13.07404893470181], [80.17756566654981, 13.074046068432933], [80.17756565704981, 13.074048936338285], [80.176664767394, 13.074046066927588], [80.17666475787318, 13.074048937974872], [80.17576386823832, 13.074046065422353], [80.1757608664726, 13.074950237781689], [80.1757638557788, 13.074950247319151], [80.17576086604164, 13.075850732106499], [80.1748629659502, 13.075847865582775], [80.17485996047502, 13.076752037610357], [80.17486295347811, 13.076752047171277], [80.17485995869419, 13.077652938380194], [80.17486295191097, 13.07765294794241], [80.17485995825099, 13.078553436769544], [80.17396206209557, 13.078550566575556], [80.17395905269537, 13.079454738208195], [80.17396204961022, 13.079454747793905], [80.17395905091404, 13.080355638977911], [80.17396204804281, 13.080355648564918], [80.17395904913259, 13.081256539747635], [80.17396204647528, 13.08125654933594], [80.17395904867625, 13.082157042448927], [80.17306115667368, 13.082154168400383], [80.17305814313218, 13.083058339574853], [80.17306114417435, 13.083058349186693], [80.17305814266437, 13.08395884609749], [80.17216025438542, 13.083955968559552], [80.17215723713092, 13.084860139401528], [80.17306113141929, 13.084863036373408], [80.17305813778597, 13.08576104188367], [80.17306113947059, 13.085761051499412], [80.1730581373156, 13.086661549144926], [80.17217873323486, 13.086658730335609], [80.17218173025366, 13.085760728294979], [80.17127782904971, 13.085757828036591], [80.17128082910658, 13.08485982897538], [80.1703584545109, 13.084856866380187], [80.17035844482793, 13.084859761642889], [80.16945755535741, 13.08485686487444], [80.1694575456534, 13.084859763281498], [80.16855665620405, 13.084856863368802], [80.16855362560027, 13.085761033319304], [80.16855664364675, 13.085761043040137], [80.16855362508063, 13.086661557233219], [80.16765575391713, 13.086658663527135], [80.1676527195973, 13.087562833143988], [80.16765574134728, 13.087562842888541], [80.16765271906601, 13.088463360883841], [80.16675485163032, 13.088460463685161], [80.16675484185775, 13.088463372269034], [80.16585395247776, 13.088460462179428], [80.16585394268404, 13.08846337390847], [80.1649530533253, 13.08846046067381], [80.16495304351044, 13.088463375548015], [80.16407061282403, 13.088460518954628], [80.16407363953596, 13.087562545781498], [80.16316970863859, 13.087559616657055], [80.16317273838678, 13.086661646462147], [80.16316969721596, 13.08666163660277], [80.16317273660306, 13.085760745428699], [80.16226880288541, 13.08575781351449], [80.16227183545365, 13.084859846109138], [80.1613494629812, 13.084856851327775], [80.16134945308676, 13.084859778034101], [80.1604669960838, 13.084856909766051], [80.16047003493786, 13.083958948503463], [80.16046698460215, 13.083958938584335], [80.16047003315417, 13.083058047469695], [80.15956609033212, 13.083055106624633], [80.15956913200411, 13.082157148149822], [80.15956607883223, 13.082157138212082], [80.15956913022055, 13.081256247115949], [80.15956607726655, 13.081256237179554], [80.15956912843711, 13.08035534608208], [80.1586467733506, 13.080352342660085], [80.15864370887944, 13.081256168932033], [80.15774587263317, 13.081253241987064], [80.15774586265891, 13.08125618051905], [80.15684497348082, 13.081253240483328], [80.1568449634852, 13.081256182158887], [80.15594407432857, 13.081253238979704], [80.15594406431158, 13.081256183798835], [80.15504317517644, 13.081253237476194], [80.15504009731512, 13.08215707642378], [80.15414227445994, 13.08215413680309], [80.15414226439877, 13.08215708809813], [80.15324137530817, 13.082154135299694], [80.15323828954426, 13.083058301877854], [80.15324136256345, 13.083058311956158], [80.15323828775975, 13.08395920264507], [80.15414225009778, 13.083962165901676], [80.15413918840996, 13.084860105127175], [80.15504314771516, 13.0848630654083], [80.15504008906038, 13.085761007609388], [80.15504315619263, 13.085761017648903], [80.15504008727572, 13.086661908376813], [80.155944043765, 13.08666486587188], [80.15594098792637, 13.087562810859236], [80.15594405222342, 13.087562820880061], [80.15594098614157, 13.088463711626769], [80.15684493981398, 13.088466666334973], [80.15684188679242, 13.089364614109398], [80.15684494825334, 13.089364624111536], [80.1568418850075, 13.090265514877037], [80.15684494668677, 13.090265524880529], [80.15684188322244, 13.091166415644672], [80.15684494512008, 13.091166425649519], [80.15684188143726, 13.092067316412306], [80.15774583272565, 13.09207026871163], [80.1577427820883, 13.092968218895365], [80.15774584114843, 13.092968228881531], [80.157742780303, 13.093869119663102], [80.15774583958124, 13.09386912965062], [80.15774277851756, 13.094770020430843], [80.15774583801394, 13.094770030419712], [80.15774277786824, 13.095670586827692], [80.15684494842816, 13.095667653773427], [80.1568449384109, 13.095670598459227], [80.15594404927779, 13.095667652268064], [80.15594097007276, 13.096571818534484], [80.15594403655582, 13.096571828568866], [80.15594096828673, 13.097472719302003], [80.15686338640359, 13.097475736258378], [80.1568633964227, 13.09747279138466], [80.15776428905515, 13.097475734752793], [80.15776429905286, 13.09747279302606], [80.15864672249634, 13.097475673001181], [80.15864367381168, 13.098373625217741], [80.15956609592527, 13.09837663271215], [80.15956610588158, 13.098373697091883], [80.16044851929314, 13.098376571052615], [80.16044547690063, 13.099274529417395], [80.16044852766005, 13.099274539348942], [80.16044547511477, 13.10017543018545], [80.16044852609166, 13.100175440118344], [80.16044547449074, 13.101075988070807], [80.15954763647483, 13.101073063276095], [80.15954456910484, 13.10197723000538], [80.15954762379322, 13.101977239962299], [80.15954456731849, 13.10287813077332], [80.15954762222455, 13.102878140731585], [80.15954456553202, 13.103779031541256], [80.15954762065576, 13.103779041500868], [80.15954456489423, 13.10467959375955], [80.1586652253614, 13.104676725451874], [80.15866827548355, 13.103778774679862], [80.1577643211718, 13.103775823153613], [80.15776737433279, 13.102877875362452], [80.15686341698242, 13.102874920855628], [80.15686647206111, 13.10197730533163], [80.15776429689191, 13.101980239608203], [80.15776737075953, 13.101076073294202], [80.15776430645904, 13.101076063285433], [80.15776736897308, 13.100175172260077], [80.15686341227415, 13.100172218321285], [80.15686646782213, 13.099274272942244], [80.15594404301011, 13.099271255590251], [80.15594403296599, 13.099274204176083], [80.15504314386034, 13.099271254084567], [80.15504006049075, 13.100175419888016], [80.15504313112437, 13.100175429949276], [80.15504005870406, 13.101076320655421], [80.15504312955656, 13.101076330718039], [80.15504005801762, 13.101976898810863], [80.1541422400093, 13.10197395507001], [80.15414222991815, 13.10197691051714], [80.1532598049341, 13.101974014199724], [80.15326287393638, 13.10107608187787], [80.15234044327805, 13.10107305122843], [80.15234043314523, 13.101076012782858], [80.15145799812538, 13.101073110450479], [80.15146107341904, 13.100175184277235], [80.151457986404, 13.100175174119412], [80.15146107057026, 13.099274593255364], [80.15235887627696, 13.099277545728098], [80.15236196921033, 13.098373380490616], [80.15145799341992, 13.09837040791788], [80.15146106805803, 13.097472481172588], [80.15053865124584, 13.097469444898042], [80.15053555293348, 13.098373302843726], [80.14963775053036, 13.098370344223042], [80.14963464765809, 13.099274508819802], [80.14963773772827, 13.099274519008876], [80.14963464587083, 13.100175409586551], [80.15053862514758, 13.100178388943812], [80.15053554651993, 13.1010763120706], [80.15143952276075, 13.101079288449375], [80.15143644822858, 13.101976905294684], [80.1505386434132, 13.101973949047546], [80.15053554294504, 13.102878113604309], [80.1505386306194, 13.102878123777296], [80.1505355411574, 13.103779014371158], [80.15143951805382, 13.103781991322284], [80.15143644286366, 13.104679608348514], [80.1505386387121, 13.104676651537273], [80.15053553758173, 13.105580815904858], [80.15145798459281, 13.105583854036071], [80.15145799475317, 13.105580888576643], [80.15235888724612, 13.105583852530186], [80.15235889738491, 13.105580890219562], [80.15325978989932, 13.105583851024187], [80.15326288000823, 13.104680001201213], [80.15416069098477, 13.104682948546571], [80.15416070107914, 13.10467999272224], [80.1550431132109, 13.10468288646878], [80.15504004976879, 13.105580824492396], [80.15594401082278, 13.105583785972925], [80.1559409515259, 13.106481402277616], [80.1550431313199, 13.106478460728185], [80.15504312124345, 13.106481413969572], [80.15414223217118, 13.106478459221744], [80.15414222207323, 13.106481415612327], [80.15324133302258, 13.10647845771541], [80.15323824131816, 13.107382622592063], [80.15414220931972, 13.107385590793696], [80.1541391430528, 13.108283207555406], [80.1532413298867, 13.108280259375904], [80.15324131976448, 13.108283219293469], [80.15234043073843, 13.108280257869476], [80.15233733530432, 13.109184422408463], [80.15234041796192, 13.109184432547904], [80.1523373345786, 13.11008501283427], [80.15145801381841, 13.110082118892791], [80.15146109129734, 13.109184194626156], [80.15145800208205, 13.109184184454604], [80.15146108950893, 13.10828329359126], [80.15055710805788, 13.108280315751244], [80.15056018835627, 13.107382394274417], [80.15055709630303, 13.107382384084007], [80.150560186568, 13.106481493239409], [80.14965620229825, 13.10647851261018], [80.14965928541514, 13.105580593922355], [80.14873683884841, 13.10557754935576], [80.14873373091949, 13.106481713235688], [80.14873682602948, 13.106481723457417], [80.1487337291311, 13.107382614002317], [80.1487368244616, 13.107382624225426], [80.14873372734259, 13.108283514768942], [80.1487368228936, 13.10828352499343], [80.14873372555397, 13.10918441553557], [80.1496377102751, 13.109187399973974], [80.14963462620274, 13.110085318020694], [80.14963771891603, 13.1100853282263], [80.14963462544472, 13.11098591871835], [80.14875530752435, 13.1109830153773], [80.1487583949934, 13.11008510081654], [80.14783593186388, 13.110082051998196], [80.14783592160921, 13.110085031193583], [80.14693503271654, 13.110082050492224], [80.14693191810086, 13.1109859235854], [80.14603413200189, 13.110982949815744], [80.14603101386294, 13.111886826226408], [80.14513323128743, 13.111883849139167], [80.1451301086478, 13.11278801172563], [80.14513321841895, 13.112788022043869], [80.14513010685808, 13.113688912491813], [80.1460341057056, 13.113691910575717], [80.14603100750587, 13.114589814977487], [80.14603411444003, 13.11458982527676], [80.14603100571601, 13.11549071574377], [80.14695348856642, 13.115493772259768], [80.14695349885022, 13.1154907889632], [80.14783590092472, 13.115493709585396], [80.14783280880214, 13.116391619949141], [80.14875529544507, 13.116394670218742], [80.14875840471292, 13.115490802498206], [80.1496561965316, 13.115493767739867], [80.14965930227578, 13.114589903337075], [80.15055709761788, 13.114592865261102], [80.1505601998389, 13.113689004175665], [80.15145799870395, 13.113691962782427], [80.15145800887666, 13.11368899561948], [80.15235890135831, 13.113691961275562], [80.15235891150942, 13.11368899726323], [80.15325980401258, 13.113691959768584], [80.15325981414212, 13.113688998906857], [80.15414219832658, 13.113691897494872], [80.15413912944994, 13.11458983044786], [80.15414220686523, 13.114589840552407], [80.15413912873959, 13.115490415696764], [80.15324131733816, 13.115487466017976], [80.153241307205, 13.115490427446472], [80.15234041819083, 13.115487464510672], [80.15233732205155, 13.1163913199592], [80.15143951747473, 13.116388363833535], [80.1514364178123, 13.117292222599659], [80.15053861675885, 13.117289263156295], [80.15053551357279, 13.118193125240383], [80.1496377160432, 13.118190162478951], [80.14963770581947, 13.11819313708128], [80.1487368168967, 13.11819016097177], [80.14873680665129, 13.118193138725925], [80.1478359177503, 13.118190159464705], [80.1478359074832, 13.118193140370684], [80.14693501860403, 13.118190157957752], [80.14693190198595, 13.119094032750839], [80.1460341178893, 13.119091057280318], [80.14603099676478, 13.119995219575182], [80.14693499389246, 13.119998215828934], [80.14693189741274, 13.1208961220616], [80.14693500261389, 13.120896132348859], [80.14693189661202, 13.121796735805976], [80.14603411318285, 13.121793759768554], [80.14603099139252, 13.122697921874016], [80.14603410031764, 13.122697932185803], [80.14603098960151, 13.123598822640288], [80.14695350268464, 13.123601881010778], [80.14695351298093, 13.123598896001946], [80.14783588678664, 13.123601818206785], [80.14783279368662, 13.124499437237322], [80.14693500762063, 13.124496463764412], [80.14693499732208, 13.124499449153914], [80.14603410847529, 13.12449646225681], [80.14603098601913, 13.125400624172826], [80.14693498446512, 13.125403621577002], [80.14693188666703, 13.126301526659885], [80.14693499319414, 13.126301536955474], [80.14693188487563, 13.12720242742626], [80.1478358804998, 13.127205422038395], [80.14783278552376, 13.128103329913534], [80.14783588920947, 13.12810334019015], [80.14783278373223, 13.129004230680016], [80.14783588763872, 13.129004240958016], [80.14783278194056, 13.129905131446494], [80.14783588606784, 13.129905141725882], [80.1478327811412, 13.13080574436531], [80.14693499663113, 13.13080276957119], [80.14693187591678, 13.131706931258115], [80.14693498376991, 13.131706941562033], [80.14693187412462, 13.132607832024481], [80.14693498219876, 13.132607842329788], [80.14693187233235, 13.133508732790844], [80.14693498062749, 13.13350874309754], [80.14693187053993, 13.134409633557205], [80.1469349790561, 13.134409643865292], [80.14693186874742, 13.135310534323565], [80.1478358663471, 13.135313530659262], [80.14783276939544, 13.136211436811804], [80.14875532998201, 13.136214491604914], [80.14875534025423, 13.136211510244316], [80.14963766312819, 13.136214428705767], [80.14963457248471, 13.137112341021902], [80.14963767180676, 13.137112351268891], [80.14963457069214, 13.138013241788583], [80.15055713844038, 13.13801629053001], [80.1505571486719, 13.138013315101913], [80.15143945833522, 13.138016227708997], [80.15143637378233, 13.138914145998887], [80.15234035593838, 13.138917127210192], [80.15233727443149, 13.139815048487534], [80.15234036455527, 13.139815058673577], [80.1523372726389, 13.140715949254535], [80.15325985112976, 13.14071898891516], [80.15326294985115, 13.139815131781058], [80.15416075221492, 13.139818086433396], [80.15416076236254, 13.139815123252287], [80.15506165487234, 13.139818084923036], [80.15506166499836, 13.139815124898366], [80.15596255752966, 13.139818083412562], [80.1559656461065, 13.138914235870072], [80.15686345861411, 13.138917180930898], [80.15686346869562, 13.13891422740707], [80.15776436127108, 13.138917179420307], [80.15776437133104, 13.138914229052709], [80.15866526392794, 13.138917177909603], [80.15866527396639, 13.138914230698239], [80.15956616658467, 13.138917176398792], [80.15956617660164, 13.138914232343653], [80.16044844853653, 13.13891711409985], [80.16044539641219, 13.139815063978249], [80.16136797347112, 13.139818074347362], [80.16136798344651, 13.139815136417702], [80.16226887612763, 13.1398180728361], [80.16227194270012, 13.138913908125168], [80.16226888565691, 13.138913898166884], [80.16227194090895, 13.138013007091523], [80.16226888408303, 13.138012997134581], [80.16227193796628, 13.13711244566749], [80.16316977406375, 13.137115368413747], [80.16317283668614, 13.136211203304152], [80.16316978358026, 13.136211193371288], [80.16317283373225, 13.135310645720683], [80.1640706735732, 13.135313564962136], [80.16407373129017, 13.134409746558614], [80.16495295230487, 13.134412602033049], [80.16494991758063, 13.135310568737626], [80.16585384990864, 13.135313501531895], [80.16585081823328, 13.136211471225794], [80.16675474751216, 13.136214401030461], [80.16675171888616, 13.137112373714068], [80.16675475577993, 13.137112383552516], [80.16675171709582, 13.13801327448281], [80.16675475420547, 13.138013284322588], [80.16675171530535, 13.138914175251564], [80.16765564196348, 13.13891710244024], [80.16765261595843, 13.139815077740149], [80.16765565021346, 13.139815087561294], [80.16765261416782, 13.140715978509002], [80.1685565379896, 13.140718902893683], [80.16855351482113, 13.141616880997805], [80.1685565462206, 13.141616890800336], [80.16855351303039, 13.14251778176676], [80.16947610209945, 13.142520763650612], [80.16947611188684, 13.142517853573274], [80.1703770047553, 13.142520762138009], [80.17038004105859, 13.141616964203621], [80.17127790583604, 13.14161985965596], [80.17127791557967, 13.141616956077403], [80.17217880849151, 13.141619858143235], [80.17218183796261, 13.140716066663549], [80.1730797095718, 13.14071895566128], [80.17308273551934, 13.139815167500206], [80.17398061065185, 13.139818053179424], [80.17398062032942, 13.139815159439621], [80.17488151330676, 13.139818051666586], [80.17488453371298, 13.138913884049721], [80.17398062970938, 13.13891098234683], [80.17398363256602, 13.13801298473643], [80.17398061845708, 13.138012975055906], [80.1739836294957, 13.13711246676427], [80.1748815085819, 13.137115348759847], [80.17488452834475, 13.136211180953346], [80.17488151794976, 13.136211171296523], [80.17488452526358, 13.13531066681396], [80.17578240808685, 13.135313545309597], [80.17578241771574, 13.135310658801432], [80.17668331074093, 13.135313543797073], [80.17668632348202, 13.134409375452632], [80.17668332008499, 13.134409365840527], [80.17668632038044, 13.13350886848486], [80.17758421024543, 13.133511740347249], [80.17758721926258, 13.13260757167099], [80.17758421957714, 13.132607562082487], [80.17758721747428, 13.131706670639197], [80.17758421800214, 13.131706661051988], [80.17758721568612, 13.130805769607411], [80.1766833233872, 13.130802879099454], [80.17668631453992, 13.12990487029315], [80.17576377089028, 13.12990191706534], [80.17576376126834, 13.129904802654806], [80.1748815165691, 13.129901975336942], [80.17488451403503, 13.12900397269642], [80.17398061237242, 13.129001073032601], [80.17398361288816, 13.128103073381954], [80.17307970817599, 13.128100170728535], [80.17308271174107, 13.127202174067381], [80.17307969691987, 13.127202164381416], [80.17308270995295, 13.126301273035061], [80.1721601805909, 13.126298307688218], [80.17216017088985, 13.126301205156903], [80.17127789978393, 13.12629836612126], [80.17128090944625, 13.12540037543793], [80.17035838386711, 13.12539740383401], [80.17035535137926, 13.126301198704521], [80.1694574831463, 13.126298303155618], [80.16945444713791, 13.127202101342347], [80.16855658242571, 13.12719920247713], [80.16855657263869, 13.127202112745627], [80.16767429087311, 13.127199261140298], [80.16767731379618, 13.126301283342631], [80.1667733866773, 13.12629835883771], [80.16677641264748, 13.125400384027872], [80.16677337527665, 13.125400374196275], [80.16677640964652, 13.124499842787248], [80.16767426532093, 13.12450274727957], [80.16767730843046, 13.123598580243716], [80.16677338195554, 13.12359565629988], [80.16677640606801, 13.12269804121637], [80.16767426217702, 13.122700945339925], [80.1676742719778, 13.122698033031481], [80.16857516483049, 13.122700943829939], [80.16857517461007, 13.122698034674096], [80.16947606748387, 13.122700942319844], [80.16947607724225, 13.122698036316597], [80.17037697013711, 13.12270094080963], [80.17038000293458, 13.121796773025123], [80.17037697955499, 13.121796763283628], [80.17038000114687, 13.120895871992483], [80.16945749258012, 13.120892898162133], [80.16945748282353, 13.12089580398035], [80.16857518247645, 13.120892956674105], [80.16857820063849, 13.119994974394404], [80.16857517112668, 13.119994964613195], [80.16857819885078, 13.119094073361554], [80.1685751695546, 13.119094063581667], [80.16857819582589, 13.118193540531186], [80.16947605962511, 13.118196437471775], [80.16947909463659, 13.117292269578842], [80.16947606905217, 13.117292259822765], [80.1694790916007, 13.116391740580644], [80.17035837887192, 13.116394574178567], [80.1703553680055, 13.117292563669048], [80.17035838702812, 13.117292573393655], [80.1703553662184, 13.118193464438269], [80.17127786493032, 13.11819643445233], [80.17127787463986, 13.118193535678396], [80.17217876758275, 13.118196432942439], [80.17217877727118, 13.118193537320092], [80.17307967023507, 13.118196431432427], [80.17308269207864, 13.117292262711922], [80.17216019631496, 13.117289299362524], [80.17216018662698, 13.117292194985056], [80.17127788404335, 13.117289357657226], [80.17128089157087, 13.116391365112634], [80.17127787276246, 13.11639135540015], [80.17128088978403, 13.115490464080118], [80.17127787119051, 13.115490454368942], [80.17128088672753, 13.114589942249982], [80.17217876129659, 13.114592829065245], [80.17217877097978, 13.114589934181447], [80.17307966394844, 13.11459282755568], [80.1730826836424, 13.113689044704298], [80.17398056502871, 13.113691925076905], [80.17398057466849, 13.113689036678915], [80.17488146768021, 13.113691923567217], [80.17488448055752, 13.11278814715789], [80.17578236876004, 13.112791021088546], [80.17578237835652, 13.112788139175564], [80.17668327141119, 13.112791019578745], [80.17668328098671, 13.112788140816138], [80.17758417406225, 13.112791018068826], [80.1775841836168, 13.1127881424566], [80.17848507671316, 13.112791016558795], [80.17848508624681, 13.112788144096944], [80.17938597936397, 13.112791015048652], [80.17938598887672, 13.112788145737175], [80.18026827617543, 13.112790954342527], [80.18026530200731, 13.113688979464683], [80.18026828409465, 13.113688988953141], [80.180265300222, 13.114589880235105], [80.18116917221022, 13.114592754795098], [80.18116620087882, 13.115490782720748], [80.18208869203329, 13.115493713421868], [80.1820887014873, 13.115490853014212], [80.182989594684, 13.115493711910949], [80.18298960411718, 13.115490854654265], [80.1838904973346, 13.115493710399914], [80.18389050674699, 13.115490856294205], [80.1847727673689, 13.115493649922232], [80.18476980886402, 13.116391690351502], [80.18567366497724, 13.116394549419141], [80.18567070952201, 13.11729259283735], [80.18657456258534, 13.117295448915772], [80.1865716101802, 13.1181934953233], [80.18657457036393, 13.11819350467258], [80.18657160839507, 13.119094396094473], [80.18657456878951, 13.119094405445011], [80.18657160660982, 13.119995296865646], [80.18747545704144, 13.119998150319622], [80.18747250726821, 13.120896199351915], [80.18837635464853, 13.120899049815488], [80.18837340792683, 13.121797101838283], [80.18929592425435, 13.121800008101923], [80.18929593355124, 13.121797171636347], [80.19017815143856, 13.121799947852924], [80.19017521103, 13.122698006039737], [80.1910977311303, 13.122700906043642], [80.1911006867116, 13.121797184176835], [80.19197994980522, 13.121799944936358], [80.19197701591902, 13.122698009469351], [80.1928995364312, 13.12270090301769], [80.19290248689984, 13.121796730125524], [80.19289954556271, 13.121796720905696], [80.1929024836222, 13.120896286626607], [80.19380043593125, 13.120899099571202], [80.1938033826877, 13.119994926351376], [80.19380044505041, 13.1199949171546], [80.19380337939988, 13.119094486669045], [80.19468265208677, 13.1190972377019], [80.19467972860679, 13.1199953122965], [80.19560223965583, 13.119998195578551], [80.19560517809614, 13.119094489905756], [80.19648445045507, 13.11909723478503], [80.19648153349628, 13.119995315724346], [80.1974040449549, 13.119998192552128], [80.19740697833198, 13.11909401846589], [80.19650316051889, 13.119091200157182], [80.19650607565951, 13.118193590735594], [80.19740404180449, 13.118196390619635], [80.19740405091139, 13.118193583241334], [80.1982862504009, 13.118196330915193], [80.19828334016995, 13.119094418379158], [80.19920584867798, 13.119097288559223], [80.19920877526205, 13.11819311400956], [80.19920585772736, 13.118193104938124], [80.19920877347857, 13.117292212980407], [80.19920585615155, 13.117292203910196], [80.19920877013519, 13.116391794012136], [80.20010674660087, 13.116394584147956], [80.2001067556441, 13.11639178658112], [80.2010076492494, 13.116394582634666], [80.20101056862613, 13.115490407496255], [80.20100765827453, 13.115490398469243], [80.2010105652639, 13.114589995669563], [80.201889853449, 13.11459272127109], [80.20188695708254, 13.115490822140075], [80.20188986087342, 13.115490831136825], [80.20188695529978, 13.1163917229131], [80.20279074947983, 13.116394521716776], [80.20278785755747, 13.117292130256226], [80.20188986831215, 13.117289349252195], [80.2018869517339, 13.118193524459151], [80.20188985614497, 13.118193533459545], [80.20188694995076, 13.11909442523217], [80.20188985456856, 13.119094434233778], [80.20188694816748, 13.11999532600519], [80.20188985299205, 13.119995335008014], [80.20188694796782, 13.12089573592545], [80.20098896285573, 13.120892951082745], [80.20098604215487, 13.121797125837816], [80.20098895067457, 13.121797134863417], [80.20098604194452, 13.12269753956944], [80.20008806055097, 13.122694751240688], [80.20008513770513, 13.12359844220078], [80.19918715982251, 13.123595650562487], [80.19918715074833, 13.12359845288801], [80.19828626067043, 13.123595649048452], [80.19828332946567, 13.124499823014645], [80.19828624845344, 13.124499832105116], [80.19828332922553, 13.125400247464256], [80.19738535836632, 13.12539744920577], [80.1973824249853, 13.126301150096403], [80.19648445763853, 13.12629834852726], [80.19648151922001, 13.127202521903232], [80.196484445397, 13.127202531038316], [80.19648151895903, 13.128102953742275], [80.19560227367512, 13.12810020718837], [80.19560519568019, 13.127202131159887], [80.19468265775981, 13.127199246334634], [80.19467971404913, 13.128102956980804], [80.19378175703272, 13.128100145655914], [80.19378174782939, 13.128102967798117], [80.1928808578819, 13.128100144142012], [80.1928779058665, 13.129004316587448], [80.19288084559399, 13.129004325807177], [80.19287790408069, 13.129905217359363], [80.19380045168732, 13.129908109237839], [80.19380046089233, 13.129905286916046], [80.19468263315662, 13.129908049137486], [80.19467970718655, 13.130806121562179], [80.19468264076419, 13.130806130743249], [80.19467970690381, 13.13170656103536], [80.19378175072734, 13.131703748996717], [80.19377880116855, 13.132607921390822], [80.19378173844791, 13.132607930594931], [80.19377879938233, 13.133508822162842], [80.19468262684258, 13.13351165294921], [80.19467970004243, 13.134409724650686], [80.1955835244459, 13.13441255244212], [80.19558060070275, 13.135310627138638], [80.19648442204898, 13.135313451934747], [80.19648150136331, 13.136211529626689], [80.1964844296219, 13.136211538774099], [80.19648149957693, 13.137112430399025], [80.19740407490866, 13.137115310910305], [80.19740408404141, 13.13711249977355], [80.19828621725435, 13.137115250919166], [80.19828330268504, 13.138013334603105], [80.19828622478825, 13.138013343711977], [80.19828330089867, 13.13891423537566], [80.19828622320958, 13.138914244485756], [80.19828329911215, 13.139815136148208], [80.19828622163077, 13.139815145259531], [80.1982832973255, 13.140716036920754], [80.19828622005184, 13.140716046033308], [80.19828329553874, 13.1416169376933], [80.19828621847279, 13.141616946807078], [80.19828329375184, 13.142517838465844], [80.19828621689362, 13.14251784758085], [80.19828329196483, 13.14341873923839], [80.19918710537465, 13.143421556125425], [80.19918419262598, 13.144319641727394], [80.19918711289566, 13.144319650824372], [80.19918419083884, 13.145220542500047], [80.20010679707063, 13.145223415056371], [80.20010972484295, 13.144319720080931], [80.2009889021567, 13.144322454154752], [80.200985995736, 13.145220545932856], [80.20098890963767, 13.145220554990143], [80.20098599394895, 13.14612144670572], [80.20188979817566, 13.146124254597298], [80.20188689617527, 13.147021865300175], [80.20098891709807, 13.147019075329109], [80.20098599192927, 13.147922767933728], [80.20008801636918, 13.14791997464803], [80.20008508768301, 13.148823670567554], [80.19918711564053, 13.148820873966848], [80.19918418190116, 13.149725046363264], [80.19918710341577, 13.14972505546759], [80.19918418011324, 13.150625947135904], [80.20008799190555, 13.150628762282324], [80.20008508077454, 13.151526849625755], [80.20100771078106, 13.151529720299726], [80.20100771985148, 13.151526918936165], [80.20188978868485, 13.151529660309826], [80.20188688388576, 13.152427753832832], [80.20279068628325, 13.15243055979929], [80.20278778454774, 13.153328656322897], [80.20279069373295, 13.153328665350292], [80.202787784328, 13.1542290717823], [80.2018898036052, 13.15422628353619], [80.2018897945508, 13.154229082452513], [80.20098890445676, 13.154226282018115], [80.2009888953819, 13.154229084094228], [80.20008800530844, 13.154226280500158], [80.20008799621309, 13.154229085736059], [80.19918710616021, 13.154226278982312], [80.19918709704436, 13.154229087378004], [80.19828620701212, 13.154226277464582], [80.19828619787575, 13.154229089020058], [80.19738530786414, 13.154226275946957], [80.1973852987072, 13.154229090662225], [80.19650322211206, 13.15422633327348], [80.19650614685897, 13.153328259301135], [80.19560231790842, 13.153325430962068], [80.19560524571742, 13.152427359989478], [80.19470141370505, 13.152424528650938], [80.19470434457563, 13.151526460677715], [80.19470140290906, 13.151526451458095], [80.19470434278689, 13.150625559647956], [80.19470140132924, 13.15062555042958], [80.19470434099827, 13.149724658618204], [80.1947013997495, 13.149724649401067], [80.19470433920978, 13.148823757588449], [80.1937817207494, 13.148820864866053], [80.19378171151752, 13.148823691142304], [80.19288082160128, 13.148820863349652], [80.19287786623156, 13.149724584551201], [80.19197992087449, 13.149721762668396], [80.19197696052356, 13.150625933394947], [80.19197990855886, 13.1506259426652], [80.19197695873459, 13.151526834166713], [80.19197990697926, 13.151526843438214], [80.19197695840509, 13.152427289214616], [80.1910790169899, 13.1524244636569], [80.19107605270773, 13.153328633991793], [80.1919798945408, 13.153331478297893], [80.1919769533669, 13.154229536482003], [80.19288079213894, 13.15423237778917], [80.1928778540263, 13.15513043897232], [80.19378168973681, 13.155133277280163], [80.19377875468595, 13.156031341462741], [80.19470140010512, 13.156034235752445], [80.1947014093255, 13.15603141137849], [80.19560230275951, 13.156034234235056], [80.19560231195928, 13.15603141302109], [80.19650320541379, 13.156034232717543], [80.19650321459295, 13.156031414663579], [80.19738528487298, 13.156034172383766], [80.19738236420619, 13.156931784550785], [80.19648440397548, 13.156928976936234], [80.19648145845558, 13.157833148162322], [80.19648439171074, 13.157833157339338], [80.19648145666618, 13.158734048934619], [80.19738528012573, 13.158736875241324], [80.1973823573267, 13.159634951425454], [80.19830501704479, 13.159637833546327], [80.19830502618775, 13.159635021097632], [80.19920591969918, 13.15963783202805], [80.19920885564947, 13.158733660323158], [80.19920592876794, 13.158733651196558], [80.19920885233108, 13.157833230290626], [80.20010681919138, 13.157836028578032], [80.20010682829084, 13.157833222807465], [80.20098887842671, 13.157835968437329], [80.200985968917, 13.158734057525647], [80.20190862608037, 13.158736926506938], [80.20190863514009, 13.158734126879283], [80.20279067520327, 13.158736866463016], [80.20278777202941, 13.15963496173433], [80.20371043296949, 13.159637824434958], [80.20371044198957, 13.159635030951007], [80.20459247197962, 13.159637764487965], [80.2045895767242, 13.16053537562871], [80.20369159083226, 13.160532592427957], [80.2036886709027, 13.161436764998411], [80.20369157865512, 13.161436774016316], [80.20368866911372, 13.162337665771567], [80.20461134036907, 13.162340525811794], [80.20461134937239, 13.162337734956836], [80.20551224302302, 13.162340524292397], [80.20551225200595, 13.16233773659883], [80.20639426558752, 13.162340464415283], [80.20639137467927, 13.163238571698617], [80.20639427296717, 13.163238580657799], [80.2063913728904, 13.164139472472105], [80.20731405149584, 13.164142323183134], [80.20731695714512, 13.163238649619517], [80.2082149525669, 13.16324142069836], [80.2082178563128, 13.162337247258783], [80.20821496152207, 13.162337238331542], [80.2082178529077, 13.161436849661797], [80.20911585205505, 13.161439617248973], [80.20911875045992, 13.160535950493285], [80.21001675312567, 13.160538714764508], [80.21001964964803, 13.159634540740086], [80.21001676205648, 13.159634531857007], [80.2100196462239, 13.15873415053476], [80.21091765261352, 13.158736911315641], [80.21091766146984, 13.158734143293819], [80.2118185552662, 13.158736909795897], [80.21182144311828, 13.157833252986142], [80.21271945633613, 13.157836007311735], [80.21271946515087, 13.15783324578653], [80.21360146695304, 13.157835947946104], [80.21359860323457, 13.15873408156561], [80.21450236454947, 13.158736847432502], [80.2144995038995, 13.159634984056376], [80.21540326214566, 13.159637746918612], [80.21540040625217, 13.160535356176373], [80.21450238061541, 13.160532610665454], [80.21449950032473, 13.161436785605314], [80.21450236857395, 13.161436794379929], [80.21449949853717, 13.162337686379777], [80.21450236698992, 13.162337695155573], [80.21449949674947, 13.163238587154241], [80.21450236540576, 13.163238595931217], [80.21449949496163, 13.16413948792871], [80.21540325421903, 13.16414225167163], [80.21540039562673, 13.165040390420115], [80.21540326139727, 13.165040399179317], [80.21540039552248, 13.165940762245768], [80.21450237111337, 13.165938015692195], [80.21449948959739, 13.166842190252082], [80.2145023590679, 13.16684219903378], [80.21449948780906, 13.167743091026537], [80.21450235748311, 13.167743099809414], [80.2144994860206, 13.16864399180099], [80.21542218329692, 13.16864681431924], [80.21542219206536, 13.168644060176975], [80.21632308595034, 13.168646812797727], [80.21632309469864, 13.168644061818247], [80.21720504464929, 13.168646753493189], [80.21720219159326, 13.169544897727585], [80.21812489284163, 13.169547710717987], [80.21812775996179, 13.168644073813851], [80.21902579390985, 13.168646808232523], [80.21902580259793, 13.168644066741374], [80.21990774219005, 13.168646749095505], [80.21990489895556, 13.169544902878716], [80.22080863978347, 13.169547648579439], [80.220805799622, 13.170445805370743], [80.22080864684689, 13.17044581401659], [80.22080579956564, 13.171346158587456], [80.21990775649613, 13.17134342985169], [80.21990489531363, 13.172247061219627], [80.21900685576217, 13.172244329167656], [80.21900399106134, 13.173147963852063], [80.21810595502843, 13.173145228483511], [80.21810594631368, 13.173147974182944], [80.21722401569315, 13.173145284810747], [80.21722686947577, 13.17224714138646], [80.2163041583177, 13.172244324600822], [80.21630414956392, 13.172247076453607], [80.21540325916978, 13.172244323078774], [80.21540325039585, 13.172247078095337], [80.21450236002195, 13.172244321556834], [80.2144994770764, 13.173148495673233], [80.21450234797179, 13.1731485044632], [80.21449947695646, 13.174048872971706], [80.2136014577044, 13.174046121710425], [80.21360144888776, 13.174048883404993], [80.21271950416715, 13.174046178331155], [80.21272237452612, 13.173148051003702], [80.21181859995788, 13.173145276014274], [80.21182147338853, 13.172247151694341], [80.21089876343186, 13.172244315470207], [80.2108987545569, 13.172247086305708], [80.20999786428463, 13.172244313948834], [80.20999496480762, 13.173148487081919], [80.20999785217785, 13.173148495973027], [80.2099949646431, 13.174048881082404], [80.20909696196881, 13.1740461141019], [80.20909405877426, 13.174950286910903], [80.2100167784632, 13.174953130198011], [80.21001678736125, 13.17495035584687], [80.21089873928791, 13.174953070408579], [80.2108958618917, 13.175851191122426], [80.21089874658047, 13.175851199996835], [80.21089586010164, 13.17675209189643], [80.2108987449949, 13.17675210077203], [80.21089585831145, 13.177652992670433], [80.21089874340922, 13.177653001547228], [80.21089585652113, 13.178553893444438], [80.21181859011323, 13.178556731012124], [80.2118185989755, 13.178553962286923], [80.21271949276839, 13.178556729489868], [80.21271950161042, 13.178553963929662], [80.21362039542343, 13.1785567279675], [80.21362328116467, 13.177653073609285], [80.21452129649273, 13.177655825480995], [80.21452130529315, 13.177653066425774], [80.21542219914743, 13.177655823958514], [80.21542220792766, 13.177653068068079], [80.2163041295992, 13.17765576446345], [80.21630127124891, 13.178553903756917], [80.21722400604244, 13.1785567218769], [80.21722401478357, 13.17855397214164], [80.21812490869691, 13.17855672035397], [80.21812491741792, 13.17855397378369], [80.21902581135126, 13.178556718830926], [80.2190258200522, 13.178553975425631], [80.21992671400551, 13.17855671730777], [80.21992957825078, 13.177652542394577], [80.2190258288752, 13.177649792002072], [80.21902867711498, 13.176751643085725], [80.21810594868535, 13.17674883183654], [80.21810593996592, 13.176751578232796], [80.2172050495378, 13.176748830313716], [80.21720504079825, 13.176751579874757], [80.21632311941939, 13.176748886750074], [80.21632597559946, 13.175851276894882], [80.2172240012849, 13.175854018985804], [80.21722687314804, 13.174950377726173], [80.2181249023533, 13.174953116499607], [80.21812777069687, 13.17404947855719], [80.21902580342147, 13.174052214013502], [80.21902581211656, 13.174049471478233], [80.21992670607514, 13.17405221249089], [80.21992956758451, 13.173148581009157], [80.22082760714287, 13.173151310004888], [80.22082761579671, 13.173148573971192], [80.22172850979616, 13.173151308482163], [80.22173136447242, 13.172247683460412], [80.22262941086343, 13.172250405996262], [80.22263226202213, 13.171346784290265], [80.22353031193047, 13.17134950351046], [80.22353032052206, 13.171346777314108], [80.22443121458319, 13.17134950198761], [80.22443122315487, 13.17134677895463], [80.22533211723582, 13.171349500464645], [80.22533212578756, 13.171346780595032], [80.22621403169157, 13.171349441679451], [80.22621121077628, 13.172247617221679], [80.22621403863673, 13.172247625750229], [80.22621120898872, 13.17314851799754], [80.22621403704967, 13.173148526527235], [80.22621120898174, 13.1740488518945], [80.22531314663034, 13.174046141505778], [80.22531030472916, 13.174949754525855], [80.22441224589498, 13.174947040821397], [80.2244094004763, 13.175850657157481], [80.22351134515984, 13.175847940136915], [80.22350849446964, 13.176752115949569], [80.22351133322037, 13.176752124543597], [80.22350849268109, 13.177653016725095], [80.22351133163305, 13.177653025320277], [80.22350849089241, 13.17855391750062], [80.2235113300456, 13.178553926096958], [80.2235084891036, 13.179454818276142], [80.22351132845803, 13.17945482687363], [80.22350848906571, 13.180355163832397], [80.2226104380775, 13.180352442807568], [80.22261042945362, 13.180355174072687], [80.22170953892983, 13.180352441283748], [80.22170953028595, 13.180355175714453], [80.22080863978226, 13.180352439760041], [80.2208057798822, 13.181256069708716], [80.21990773904801, 13.181253339074937], [80.21990487391187, 13.182157513729997], [80.2199077270592, 13.182157522411005], [80.21990487212209, 13.18305841450508], [80.22080861596328, 13.183061162828917], [80.22080577278837, 13.183959316998717], [80.22170951355285, 13.183962062311078], [80.22170667345488, 13.184860219492458], [80.22170952061273, 13.184860228136872], [80.22170667166495, 13.18576112026775], [80.22262943466548, 13.18576392044189], [80.22262944329555, 13.185761188311044], [80.2235303373202, 13.185763918917408], [80.22353034593029, 13.185761189953151], [80.2244312399748, 13.185763917392817], [80.22443124856491, 13.185761191595141], [80.2253321426293, 13.185763915868115], [80.22533498687478, 13.184860301021141], [80.22623304369553, 13.18486301338071], [80.22623305224462, 13.184860294088569], [80.22713394634968, 13.18486301185589], [80.22713395487887, 13.184860295730125], [80.22803484900372, 13.184863010330956], [80.22803485751302, 13.18486029737157], [80.22893575165763, 13.18486300880591], [80.2289357601471, 13.184860299012898], [80.22983665431143, 13.18486300728075], [80.22983948357364, 13.183958830682808], [80.2298366629989, 13.183958822209108], [80.2298394817849, 13.183057929657231], [80.22983666141, 13.183057921184666], [80.2298394781876, 13.18215760675378], [80.23073755219968, 13.182160302869322], [80.2307375606461, 13.18215759992318], [80.2316384548529, 13.182160301344263], [80.23164127507118, 13.181256709203836], [80.23253935591754, 13.181259398857257], [80.2325393643233, 13.181256702413629], [80.23344025857041, 13.181259397332079], [80.233443071955, 13.180355811653168], [80.2343411596346, 13.180358494845168], [80.23434396950289, 13.179454912481484], [80.23524206069854, 13.17945759235836], [80.23524206904297, 13.179454905752195], [80.23614296335084, 13.179457590833065], [80.23614576825597, 13.178553412514269], [80.23614297195466, 13.178553404185458], [80.2361457664688, 13.177652511489464], [80.23522303092257, 13.177649761631878], [80.23522302257966, 13.177652448067839], [80.23432213177296, 13.17764976010681], [80.23432212341037, 13.17765244970773], [80.23342123262344, 13.177649758581849], [80.23342122424117, 13.177652451347738], [80.23252033347404, 13.177649757057004], [80.23252032507204, 13.177652452987857], [80.23163846558319, 13.177649812548562], [80.23164126795768, 13.176751619045227], [80.2316384555734, 13.176751610620176], [80.23164126434072, 13.175851304452436], [80.23253934638933, 13.175853993086173], [80.23254216188977, 13.174950405280661], [80.2334402474538, 13.174953090599905], [80.23344025583197, 13.17495039851736], [80.23434115010575, 13.174953089075377], [80.23434395877607, 13.174049507728473], [80.23524205116975, 13.174052186589202], [80.23524205950744, 13.17404950100538], [80.23614295382133, 13.17405218506456], [80.23614575566262, 13.173148610175573], [80.23704385488487, 13.173151282578493], [80.23704386318222, 13.17314860349258], [80.23794475753613, 13.17315128105373], [80.23794755443843, 13.172247101910305], [80.2379447661139, 13.172247093628522], [80.23794755265239, 13.171346200885724], [80.23794476452558, 13.171346192605055], [80.23794755086647, 13.170445299861157], [80.23794476293737, 13.170445291581599], [80.23794754908067, 13.169544398836578], [80.23794476134928, 13.169544390558137], [80.23794754729501, 13.168643497812008], [80.23704386541445, 13.168640812823703], [80.23704664616395, 13.167742598502013], [80.23614296120604, 13.167739910502485], [80.23614574503266, 13.166841699191918], [80.2352230499741, 13.166838951548101], [80.23522024613413, 13.167742528624531], [80.23432214923625, 13.16773985086453], [80.23432214088601, 13.167742538588845], [80.23342125008544, 13.167739849340764], [80.23342124171553, 13.167742540227838], [80.23252035093476, 13.167739847817115], [80.23252034254517, 13.167742541866948], [80.23163844810676, 13.167739903165488], [80.23164124830217, 13.166841707766507], [80.23073754389873, 13.166839000845473], [80.23074034716952, 13.165940808456318], [80.22983663969094, 13.165938098525729], [80.2298394460366, 13.165039909146035], [80.22983662965824, 13.165039900696206], [80.22983944425053, 13.164139008120493], [80.22983662807195, 13.164138999671799], [80.22983944064325, 13.163238690127688], [80.23073751887298, 13.163241382665642], [80.23074033819569, 13.162337790955034], [80.23163841993802, 13.162340480180871], [80.23164123758744, 13.16143630161456], [80.2316384285921, 13.161436293208732], [80.2316412358021, 13.16053540058924], [80.23071856532103, 13.160532638052155], [80.23071574631973, 13.161436229651338], [80.22983663175451, 13.161433594261863], [80.22983943710744, 13.160535404018336], [80.22983662172811, 13.160535395574188], [80.22983943532199, 13.159634502992802], [80.22893572596152, 13.159631791090241], [80.22893853418894, 13.158733603681771], [80.2280348217557, 13.158730888771657], [80.22803763305566, 13.157832704370637], [80.22803481169379, 13.157832695890361], [80.22803763127035, 13.156931803344888], [80.22803481010874, 13.156931794865754], [80.22803762948517, 13.156030902319142], [80.22803480852382, 13.156030893841148], [80.22803762770012, 13.155130001293402], [80.22711497822398, 13.155127226927277], [80.2271149697318, 13.155129937542315], [80.2262330101733, 13.155127282430618], [80.226235827218, 13.15422910369613], [80.22533210596875, 13.154226380113078], [80.22533492429777, 13.15332877332668], [80.22623298818911, 13.153331479688552], [80.22623582364807, 13.152427301644215], [80.22623299690859, 13.152427293131188], [80.22623582186327, 13.15152640061826], [80.22623299532454, 13.151526392106382], [80.2262358182821, 13.15062607257125], [80.22711496736606, 13.150628718376858], [80.22711215430837, 13.151526901090339], [80.22803479032143, 13.15152967472149], [80.22803479878853, 13.151526968126907], [80.228935692971, 13.151529673200468], [80.22893570141834, 13.151526969764832], [80.22983659562047, 13.151529671679333], [80.22983660404807, 13.15152697140264], [80.23071856251472, 13.151529613465861], [80.23071576233666, 13.152427808721098], [80.23163840250328, 13.152430569598748], [80.23163841089263, 13.15242787546868], [80.2325393051525, 13.152430568077165], [80.2325393135222, 13.15242787710624], [80.23344020780162, 13.152430566555468], [80.23344021615168, 13.152427878743687], [80.23434111045063, 13.152430565033658], [80.23434111878106, 13.15242788038102], [80.23522305684779, 13.15243050708693], [80.23522027469873, 13.153328112470913], [80.23432217461037, 13.153325437421724], [80.23432216627808, 13.15332812241586], [80.23342127545769, 13.1533254358997], [80.23342126710578, 13.153328124053383], [80.23252037630513, 13.153325434377791], [80.23251756367566, 13.154229613701112], [80.23252036449566, 13.154229622068627], [80.23251756374292, 13.155129919344372], [80.23161947398336, 13.155127234535659], [80.231616657653, 13.156031413540685], [80.23161946216123, 13.156031421930122], [80.23161665586842, 13.156932314317222], [80.23161946057573, 13.156932322707787], [80.2316166540837, 13.157833215093763], [80.23252034977679, 13.157835917176984], [80.23251755660236, 13.158733523383855], [80.23161946764324, 13.158730837895012], [80.23161665051386, 13.159635016646837], [80.23252034660267, 13.159637719074617], [80.23251755118342, 13.160535919137642], [80.23252035339546, 13.160535927513038], [80.23251754939831, 13.16143681991429], [80.23342124261072, 13.161439519505695], [80.23341845006807, 13.162337722405306], [80.23434112788925, 13.162340475612197], [80.23434393376455, 13.161436896638191], [80.23524202895335, 13.161439573127517], [80.23524203727537, 13.16143688992953], [80.2361429316033, 13.161439571604394], [80.23614573253667, 13.160535392018456], [80.2352420458821, 13.160532702208156], [80.23524483140523, 13.159634492707506], [80.23524203597432, 13.15963448438257], [80.2352448296206, 13.158733591682624], [80.2352420343881, 13.15873358335881], [80.2352448278361, 13.157832690657747], [80.23524203280199, 13.157832682335048], [80.23524482605174, 13.156931789632871], [80.23524203121602, 13.156931781311295], [80.23524482426748, 13.156030888607997], [80.23524202963016, 13.15603088028754], [80.23524482248335, 13.155129987583123], [80.23524202804444, 13.155129979263785], [80.23524482069936, 13.15422908655825], [80.23524202645883, 13.15422907824003], [80.23524481703843, 13.153328791126471], [80.23614291733323, 13.153331462951185], [80.23614571459375, 13.15242789195175], [80.23704381839694, 13.15243056046756], [80.23704382666867, 13.152427885292337], [80.23792575440028, 13.152430502689091], [80.23792298018449, 13.153328723202534], [80.23792576106686, 13.153328731451438], [80.2379229784011, 13.154229623979838], [80.23792575948092, 13.154229632229853], [80.23792297661757, 13.155130524757144], [80.23792575789484, 13.155130533008268], [80.23792297483392, 13.156031425534445], [80.23792575630866, 13.156031433786683], [80.23792297305015, 13.156932326311747], [80.23792575472233, 13.156932334565093], [80.23792297126623, 13.157833227089052], [80.2388266440605, 13.157835906912], [80.23882387193743, 13.158734129579619], [80.23882665071336, 13.158734137815673], [80.23882387015338, 13.159635030357022], [80.23882664912654, 13.159635038594182], [80.23882386836922, 13.160535931134426], [80.23882664753961, 13.160535939372696], [80.23882386658492, 13.161436831911832], [80.23882664595256, 13.161436840151206], [80.2388238648005, 13.162337732689233], [80.23882664436536, 13.162337740929715], [80.23882386301595, 13.16323863346663], [80.23972753371493, 13.163241311133527], [80.23972476368732, 13.164139535957839], [80.24064744961204, 13.164142266869824], [80.24065023270232, 13.163238709551448], [80.24154835067452, 13.163241364384902], [80.24155113218262, 13.162337183785462], [80.24154835920142, 13.162337175593926], [80.24155112847036, 13.161436909583756], [80.24244925014976, 13.16143956093939], [80.24245202796025, 13.16053538002407], [80.24244925866425, 13.160535371854177], [80.24245202617644, 13.159634479000056], [80.24244925707697, 13.159634470831262], [80.24245202439273, 13.158733577976045], [80.2424492554898, 13.158733569808348], [80.24245202260917, 13.157832676952038], [80.24244925390276, 13.15783266878544], [80.24245201888685, 13.15693240723672], [80.24335014486502, 13.156935054612402], [80.24335291838877, 13.156030873191533], [80.2433501533659, 13.156030865046537], [80.2433529166057, 13.155129972167638], [80.24335015177913, 13.155129964023738], [80.24335291482276, 13.154229071143744], [80.2424492557135, 13.154226407966657], [80.24245201369324, 13.153328171832019], [80.24244924596945, 13.153328163670915], [80.24245201191043, 13.152427270808017], [80.24244924438317, 13.152427262648011], [80.24245201012775, 13.15152636978402], [80.24154834833439, 13.151523703938025], [80.24155110899804, 13.150625470471974], [80.24154833857472, 13.150625462294755], [80.24155110721549, 13.149724569447873], [80.24064744254362, 13.149721900763932], [80.24065020608555, 13.14882367013562], [80.2406474327671, 13.148823661941169], [80.24065020430314, 13.147922769111409], [80.23972757904014, 13.147920041511423], [80.23972479592787, 13.148823599337419], [80.23884563572327, 13.14882099697813], [80.23884840560753, 13.147922772535225], [80.23884562590929, 13.147922764302958], [80.23884840382502, 13.147021871510798], [80.23792578231664, 13.147019137626863], [80.23792577407038, 13.14702180879379], [80.23702488316268, 13.147019136105152], [80.23702208842855, 13.14792331682658], [80.23702487141459, 13.147923325088335], [80.23702208664578, 13.148824217603785], [80.2370248698295, 13.148824225866651], [80.23702208675853, 13.149724505197852], [80.23612397925554, 13.149721837104636], [80.23612397096689, 13.14972451509864], [80.23522308010217, 13.149721835582822], [80.23522307179395, 13.149724516735565], [80.23434112422323, 13.14972189050294], [80.23434391064974, 13.148823682121684], [80.23434111431091, 13.148823673790588], [80.2343439088665, 13.147922781096714], [80.2334402184343, 13.147920087331272], [80.23344300773475, 13.147021881784271], [80.23344020850496, 13.147021873435813], [80.23344300408614, 13.146121581554427], [80.2343410993612, 13.146124258301711], [80.23434110768379, 13.14612157484378], [80.23524200200927, 13.146124256780553], [80.23524480098403, 13.145220683996266], [80.23614290307329, 13.145223354297784], [80.23614569854155, 13.144319784820748], [80.23704380413706, 13.14432245181512], [80.23704659609933, 13.143418885644959], [80.23794470520063, 13.14342154933255], [80.23794471344172, 13.143418879015199], [80.2388266694482, 13.143421491740913], [80.23882390046491, 13.144319717140913], [80.23972756704788, 13.144322391223787], [80.23972480113649, 13.145220619629873], [80.24064741631074, 13.145223346690273], [80.24064742449568, 13.145220685505741], [80.2415483189579, 13.145223345168432], [80.24154832712341, 13.145220687141423], [80.24244922160493, 13.145223343646478], [80.24244922975107, 13.145220688776993], [80.24335012425185, 13.14522334212441], [80.24335013237861, 13.145220690412453], [80.24423206139005, 13.145223284843327], [80.24422931162472, 13.146121528963917], [80.24423206791204, 13.146121537068078], [80.24422930984315, 13.147022429742004], [80.24423206632628, 13.147022437847255], [80.24422930806145, 13.147923330520083], [80.24423206474039, 13.147923338626425], [80.24422930627964, 13.148824231298157], [80.24423206315439, 13.148824239405592], [80.24422930449768, 13.149725132076233], [80.24423206156825, 13.149725140184758], [80.2442293027156, 13.15062603285431], [80.2451519390579, 13.150628744842372], [80.24515470460392, 13.149724562601175], [80.24515194753276, 13.149724554502548], [80.24515470282196, 13.148823661577508], [80.24515194594663, 13.148823653479973], [80.24515470104014, 13.147922760553842], [80.24515194436063, 13.147922752457397], [80.24515469925844, 13.14702185953018], [80.24515194277474, 13.147021851434822], [80.24515469747686, 13.146120958506518], [80.24515194118898, 13.146120950412254], [80.24515469569543, 13.145220057482856], [80.24515193960335, 13.145220049389682], [80.2451546939141, 13.144319156459202], [80.24515193801783, 13.144319148367117], [80.24515469213291, 13.143418255435547], [80.24515193643242, 13.14341824734455], [80.24515469035184, 13.142517354411897], [80.24515193484717, 13.14251734632199], [80.2451546885709, 13.141616453388236], [80.24515193326204, 13.141616445299418], [80.24515468679009, 13.140715552364584], [80.24515193167701, 13.14071554427686], [80.2451546850094, 13.139814651340936], [80.24515193009213, 13.139814643254295], [80.24515468322885, 13.13891375031729], [80.24515192850738, 13.13891374223174], [80.24515468144841, 13.138012849293641], [80.24515192692273, 13.13801284120918], [80.2451546796681, 13.137111948269997], [80.24515192533822, 13.137111940186626], [80.24515467788792, 13.136211047246354], [80.24515192375384, 13.13621103916407], [80.24515467610787, 13.135310146222716], [80.24515192216957, 13.135310138141522], [80.24515467432794, 13.134409245199073], [80.24515192058543, 13.134409237118968], [80.24515467254814, 13.133508344175436], [80.24515191900143, 13.133508336096419], [80.24515467076847, 13.132607443151798], [80.24515191741753, 13.132607435073869], [80.2451546689889, 13.131706542128166], [80.24515191583377, 13.131706534051325], [80.24515466720949, 13.13080564110453], [80.24515191425013, 13.130805633028782], [80.24515466345073, 13.129905388291387], [80.24605280526212, 13.129908021232039], [80.24605556300052, 13.129003837348375], [80.2460528137162, 13.129003829294062], [80.24605556122161, 13.128102936324854], [80.24605281213285, 13.128102928271625], [80.24605555745389, 13.12720268752574], [80.24693479066326, 13.127205261496972], [80.24693205458613, 13.128103518527995], [80.24785460738464, 13.128106216270323], [80.24785735613757, 13.127202690753514], [80.24873658904032, 13.127205258568186], [80.24873385949107, 13.128103521944793], [80.24965641267254, 13.12810621322886], [80.24965642064394, 13.128103586798149], [80.25055731531631, 13.128106211707959], [80.2505573232686, 13.128103588430942], [80.25145821795996, 13.128106210186944], [80.25145822589315, 13.128103590063626], [80.25235912060353, 13.128106208665816], [80.25235912851761, 13.128103591696194], [80.25326002324695, 13.128106207144574], [80.25326003114198, 13.128103593328644], [80.25416092589028, 13.128106205623222], [80.25416093376626, 13.128103594960988], [80.25506182853347, 13.128106204101755], [80.25506183639045, 13.128103596593212], [80.25596273117655, 13.128106202580174], [80.25596273901454, 13.128103598225328], [80.25686363381953, 13.128106201058484], [80.25686364163853, 13.128103599857326], [80.25776453646239, 13.12810619953668], [80.25776454426244, 13.128103601489208], [80.25866543910513, 13.128106198014763], [80.258668148232, 13.127202710112506], [80.25956634016327, 13.12720529553401], [80.25956634792445, 13.12720270395903], [80.26046724280566, 13.12720529401198], [80.26046994724616, 13.12630110695598], [80.26046725107281, 13.126301099209769], [80.26046994335861, 13.125400911748251], [80.26136814227887, 13.125403490572825], [80.26136815000025, 13.125400905634235], [80.2622690449208, 13.125403489050779], [80.26226905262335, 13.125400907265275], [80.26315097924311, 13.125403433233743], [80.26314830443229, 13.126301032158683], [80.26225009599966, 13.126298459355626], [80.26225008829539, 13.126301041470333], [80.2613491968399, 13.126298457833373], [80.26134649561519, 13.127202645069637], [80.26226904809012, 13.127205290967575], [80.26226905579473, 13.127202708853043], [80.26316995073219, 13.1272052894452], [80.263169958418, 13.127202710484152], [80.26407085337412, 13.127205287922719], [80.26407086104116, 13.127202712115144], [80.26497175601595, 13.127205286400116], [80.2649744418377, 13.126301820604024], [80.26587265707248, 13.12630438391945], [80.26587266470098, 13.126301814582543], [80.26677355971395, 13.126304382396736], [80.2667762409032, 13.125400193990691], [80.26677356789929, 13.125400186377027], [80.26677623912745, 13.12449929296968], [80.26677356631372, 13.124499285357043], [80.26677623735183, 13.12359839194867], [80.26677356472828, 13.12359838433706], [80.26677623557636, 13.122697490927662], [80.26677356314296, 13.122697483317078], [80.26677623380101, 13.121796589906655], [80.26677356155777, 13.121796582297097], [80.26677623202578, 13.12089568888565], [80.2667735599727, 13.120895681277117], [80.26677623025067, 13.119994787864648], [80.26585370373343, 13.1199921595386], [80.26585369611145, 13.119994727893374], [80.26497176076985, 13.119992212123424], [80.26497442977929, 13.11909389025399], [80.26497175154478, 13.119093882610093], [80.26497442585271, 13.118193713447313], [80.2658726428114, 13.118196275297713], [80.26587532557774, 13.117292086506547], [80.2658726510049, 13.117292078883427], [80.2658753216433, 13.116391913467883], [80.26675459186669, 13.116394417916293], [80.26675192986936, 13.11729274671799], [80.26765548947289, 13.117295317396465], [80.2676528305484, 13.118193649203631], [80.26765549546914, 13.118193656781303], [80.26765282877379, 13.119094549984588], [80.26857535231674, 13.11909717168982], [80.268575359881, 13.11909461311767], [80.26947625495694, 13.119097170167635], [80.26947892474493, 13.118192980708285], [80.26947626310428, 13.118192973158786], [80.26947892297055, 13.11729207968761], [80.26857536645362, 13.117289515415871], [80.26857802184816, 13.116391180371396], [80.26765550839325, 13.11638855920648], [80.26765550081274, 13.116391120603803], [80.26677355964823, 13.11638861162865], [80.26677622137704, 13.115490282759652], [80.26677355046493, 13.115490275157278], [80.26677621960269, 13.114589381738657], [80.26677354888074, 13.114589374137312], [80.26677621782848, 13.113688480717665], [80.26677354729667, 13.113688473117346], [80.26677621605437, 13.112787579696674], [80.26587265069807, 13.11278500673815], [80.26587531493134, 13.111886680379937], [80.26495281882559, 13.111884050422855], [80.26495013598961, 13.112787513834409], [80.26405191808055, 13.112784949745635], [80.26405191042937, 13.11278752309146], [80.26315101891882, 13.112784948224784], [80.26314832929508, 13.113688418062914], [80.2622690418434, 13.11368590173583], [80.26227171930843, 13.112787588219588], [80.26134922059568, 13.112784945183419], [80.2613465222505, 13.113689133366718], [80.26134920917917, 13.113689141070312], [80.2613465204757, 13.114590034146925], [80.2622500990782, 13.114592623348925], [80.26224742115339, 13.115490936632268], [80.263150996685, 13.115493522830208], [80.2631483218313, 13.116391839117716], [80.26315100277357, 13.116391846786863], [80.26314832005636, 13.117292739898135], [80.26315100118948, 13.117292747568312], [80.26314832041835, 13.118192923097123], [80.26225011025755, 13.118190351764618], [80.26224741618216, 13.11909382571556], [80.26134920951314, 13.119091251086664], [80.26134920179837, 13.119093835037077], [80.26044831035257, 13.11909124956539], [80.26044830261897, 13.11909383666768], [80.2595474111921, 13.119091248044228], [80.25954470491817, 13.11999543541643], [80.25954739974837, 13.119995443164981], [80.25954470524849, 13.12089563256529], [80.2586465088649, 13.120893048209192], [80.25864380101143, 13.121796535184716], [80.25776454305195, 13.121794002113958], [80.25776723854149, 13.120895705944058], [80.25776453367486, 13.12089569814745], [80.25776723676522, 13.119994804921975], [80.25776453209109, 13.119994797126417], [80.25776723498907, 13.11909390389988], [80.25684471371142, 13.119091243481423], [80.25684470590225, 13.119093843191232], [80.25594381455142, 13.119091241960714], [80.25594109510746, 13.119995428591675], [80.25594380306215, 13.119995436415868], [80.25594109333106, 13.120896329371218], [80.25594380147851, 13.120896337196466], [80.25594109155455, 13.121797230150758], [80.25594379989471, 13.121797237977061], [80.25594109185337, 13.122697441029498], [80.25506183680157, 13.122694898574888], [80.25506454227073, 13.121796612086193], [80.25414201148305, 13.12179394144702], [80.25414200361378, 13.121796551111487], [80.25324111232375, 13.121793939926322], [80.25324110443546, 13.121796552743275], [80.25234021316456, 13.121793938405736], [80.25234020525723, 13.121796554375175], [80.25143931400547, 13.121793936885261], [80.25143657955314, 13.122697449093808], [80.25053841326381, 13.12269483620693], [80.25053567531535, 13.12359835171504], [80.24963751252238, 13.123595735528506], [80.24963477107727, 13.12449925433654], [80.2487366117812, 13.12449663484997], [80.24873660379421, 13.124499263931979], [80.24783571262292, 13.12449663332962], [80.24783570461678, 13.12449926556473], [80.24693481346476, 13.124496631809384], [80.24693480543942, 13.124499267197594], [80.24603391430672, 13.124496630289265], [80.24603115746952, 13.125400814484424], [80.24603390268852, 13.125400822525013], [80.24603115768062, 13.126301062808151], [80.24513301198397, 13.12629843045203], [80.24513025344167, 13.127201965430823], [80.2442321112439, 13.127199329773202], [80.24423210315759, 13.1272019751263], [80.2433501107564, 13.127199383810918], [80.24335285961422, 13.126301139403857], [80.2424303145116, 13.126298425892026], [80.24242754606273, 13.12720197027375], [80.24152941377223, 13.127199325213207], [80.24152940562796, 13.127201980027431], [80.24064740291473, 13.12719937941914], [80.24065016156325, 13.126301144530908], [80.24064739316889, 13.126301136364017], [80.24065015978401, 13.12540024350674], [80.23974649713398, 13.125397576248107], [80.23974925865411, 13.124499344191602], [80.23884559293698, 13.124496673931098], [80.23884835752399, 13.123598444876356], [80.23884558315628, 13.123598436673987], [80.23884835574488, 13.122697543851977], [80.23792582505196, 13.122694814932215], [80.23792581683566, 13.122697481511588], [80.2370437845438, 13.122694869297922], [80.23704655334947, 13.121797266626945], [80.23794466722397, 13.121799926260977], [80.23794467543844, 13.12179726002167], [80.2388455698684, 13.121799924742302], [80.23884835025696, 13.120896369062871], [80.23974647093169, 13.120899022262387], [80.23974924975983, 13.119994839070255], [80.2388455850236, 13.11999216966347], [80.23884834862974, 13.11909393975448], [80.23884557524903, 13.11909393155764], [80.23884834491943, 13.118193666685096], [80.23972761298845, 13.118196263726293], [80.23972485276032, 13.119094497080525], [80.24064737041385, 13.11909721882155], [80.24065014360693, 13.118193669912532], [80.2415294113663, 13.118196260800815], [80.24152665766108, 13.119094500496942], [80.24244917570124, 13.11909721578406], [80.2424491838156, 13.119094565813134], [80.24333120816166, 13.119097158822855], [80.24332846078441, 13.11999540469093], [80.24333121467504, 13.119995412782744], [80.24332845900638, 13.120896305468953], [80.243331213093, 13.120896313561852], [80.24332845722823, 13.121797206246972], [80.24333121151086, 13.121797214340965], [80.24332845544996, 13.122698107024991], [80.2433312099286, 13.122698115120077], [80.24332845367157, 13.123599007803005], [80.24333120834619, 13.123599015899181], [80.24332845189303, 13.124499908581019], [80.24425099047826, 13.124502618509625], [80.24425375165274, 13.123599081125088], [80.24515189154013, 13.123601716029365], [80.24515465120037, 13.122697531891909], [80.24515190000302, 13.122697523825954], [80.2451546474377, 13.121797281152404], [80.2460527910198, 13.121799912588841], [80.24605554699474, 13.120895728136757], [80.24605279947029, 13.12089572009221], [80.24605554322356, 13.11999548117927], [80.2469536904994, 13.119998109148636], [80.24695369851861, 13.119995474768235], [80.24785459314245, 13.119998107629053], [80.24785734013115, 13.119094583612124], [80.24875549420344, 13.119097205149309], [80.24875550218324, 13.119094577240235], [80.24965639684616, 13.119097203629602], [80.24965640480684, 13.119094578872229], [80.25055729948876, 13.119097202109792], [80.25055730743033, 13.119094580504102], [80.25145820213125, 13.119097200589867], [80.25146093776476, 13.118193014823069], [80.25145821051095, 13.118193006896648], [80.25146093598805, 13.117292113800222], [80.25145820892837, 13.117292105874872], [80.25146093421147, 13.116391212777376], [80.25055731265412, 13.11638858526913], [80.25056003104991, 13.115490985275661], [80.25145819580325, 13.115493596750966], [80.2514609306587, 13.114589410731691], [80.25055730948768, 13.114586783559677], [80.25056002749605, 13.113689183688154], [80.25145819264, 13.113691794831501], [80.25145820055609, 13.113689177379216], [80.25235909528168, 13.113691793312118], [80.2523591031787, 13.113689179010308], [80.25325999792324, 13.113691791792617], [80.2532627258079, 13.11278760527382], [80.25326000627737, 13.112787597391886], [80.25326272403218, 13.111886704251198], [80.2532600046953, 13.111886696370334], [80.25326272225658, 13.11098580322858], [80.25235910837799, 13.11098318306711], [80.2523618211301, 13.110084903911678], [80.25235909890195, 13.110084896013921], [80.25236181935463, 13.109184002888952], [80.25143933615158, 13.109181325095536], [80.25143932824014, 13.10918394188014], [80.25053843699095, 13.1091813235767], [80.25053842906047, 13.109183943510978], [80.24965639738058, 13.109181376968596], [80.24965911749348, 13.108283777313956], [80.25055728051218, 13.10828639059168], [80.25056001506151, 13.107382878131888], [80.25145818157259, 13.107385488113309], [80.25145818948117, 13.1073828718298], [80.25235908421344, 13.107385486594682], [80.25236181402902, 13.106481299820787], [80.25145819785517, 13.10647867732997], [80.25146091290233, 13.105580400503362], [80.25055729366294, 13.105577775012666], [80.25056001177542, 13.104679501185824], [80.25055728415622, 13.104679493256391], [80.25056000795882, 13.10377927495689], [80.25145817525107, 13.103781884274293], [80.25146090757788, 13.102877697434897], [80.25055728891795, 13.102875072448647], [80.250560006451, 13.101976798117034], [80.2496375504725, 13.10197411532294], [80.24963754253152, 13.101976737067833], [80.24873665131119, 13.101974113805198], [80.24873664335112, 13.101976738698164], [80.24783575214998, 13.101974112287568], [80.24783574417081, 13.101976740328613], [80.24693485298889, 13.101974110770055], [80.24693210634999, 13.102877634974353], [80.24603395224857, 13.102875010094081], [80.24603120011393, 13.103779195803853], [80.24603394064597, 13.103779203818434], [80.24603120034149, 13.104679438603075], [80.245133049929, 13.10467681025935], [80.24513029411375, 13.105580995654645], [80.24513303831375, 13.10558100369057], [80.24513029233799, 13.106481896432905], [80.24513303673349, 13.106481904469918], [80.24513029056209, 13.107382797211171], [80.2451330351531, 13.107382805249264], [80.24513028878607, 13.108283697989432], [80.2451330335726, 13.108283706028615], [80.24513028700993, 13.109184598767692], [80.24513303199197, 13.109184606807963], [80.24513028523366, 13.11008549954595], [80.24513303041121, 13.1100855075873], [80.24513028544858, 13.110985747275427], [80.24423213970955, 13.110983114630473], [80.24422938121377, 13.111886649896757], [80.24335008384755, 13.111884069293138], [80.24335282939015, 13.1109858219988], [80.24243034139076, 13.110983111594283], [80.24243033328554, 13.110985760213676], [80.24152944223152, 13.110983110076356], [80.24152943410701, 13.11098576184584], [80.24062854307242, 13.110983108558539], [80.24062577138378, 13.111886656348455], [80.23972764233362, 13.111884007881539], [80.23972763416936, 13.111886666120787], [80.23884557078739, 13.11188406198201], [80.23884833262807, 13.110985830535197], [80.23794466659402, 13.110983159666665], [80.23794743149786, 13.110084931218351], [80.23794465681249, 13.110084923013185], [80.23794742972052, 13.109184030193886], [80.23702494959556, 13.109181300807675], [80.23702494137648, 13.109183967987265], [80.23612405043679, 13.10918129929064], [80.23612126265475, 13.110084862396056], [80.23522314969918, 13.110082198613872], [80.2352231414401, 13.110084872263444], [80.23432225054076, 13.110082197096954], [80.23432224226221, 13.11008487389643], [80.23344015195127, 13.110082251505744], [80.23344293295384, 13.109184038732563], [80.2334401420743, 13.109184030431248], [80.23344292928581, 13.108283748288047], [80.23434103295324, 13.108286417907598], [80.23434104122883, 13.108283741620669], [80.23524193559638, 13.108286416391003], [80.2352447281059, 13.107382233267181], [80.2352419441797, 13.107382225007065], [80.2352447263286, 13.106481332242398], [80.23524194260074, 13.1064813239834], [80.23524472264337, 13.105581049137921], [80.2361428335037, 13.1055837119895], [80.2361456221283, 13.104679528485638], [80.23524194769533, 13.104676849310039], [80.23524472099749, 13.103778629168055], [80.23432226158988, 13.103775891216715], [80.23432225331916, 13.103778566820623], [80.23342136243075, 13.103775889700678], [80.23342135414055, 13.103778568453075], [80.23252046327173, 13.10377588818475], [80.23252045496203, 13.103778570085641], [80.23161956411282, 13.103775886668931], [80.23161676104255, 13.104679464404214], [80.23071866337642, 13.104676785992819], [80.23071585680901, 13.105580367027633], [80.22981776264024, 13.105577685316607], [80.22981495071618, 13.106481867412569], [80.22981775083174, 13.10648187577915], [80.2298149489383, 13.107382768188984], [80.22981774925334, 13.107382776556692], [80.22981494716029, 13.10828366896539], [80.23071863849047, 13.108286367906969], [80.23071584969536, 13.109183971067914], [80.22981775632856, 13.10918128867457], [80.22981774795343, 13.109183981051768], [80.22891685717067, 13.10918128715844], [80.22891684877595, 13.109183982685343], [80.22801595801295, 13.109181285642421], [80.22801594959857, 13.109183984319031], [80.2271150588553, 13.109181284126516], [80.22711223809299, 13.110084878534424], [80.22621415812002, 13.110082183449789], [80.22621414966518, 13.11008488859841], [80.22531325896273, 13.110082181933997], [80.2253132504882, 13.110084890232539], [80.22441235980557, 13.110082180418328], [80.22441235131132, 13.110084891866773], [80.2235114606485, 13.110082178902763], [80.2235114521345, 13.110084893501122], [80.22261056149156, 13.11008217738731], [80.22261055295779, 13.110084895135591], [80.22170966233473, 13.110082175871977], [80.22170965378118, 13.110084896770168], [80.22080876317801, 13.11008217435675], [80.22080875460463, 13.11008489840486], [80.21992661275183, 13.110082229596319], [80.21992944087056, 13.109184624867975], [80.2208274948693, 13.109187341606392], [80.22082750344076, 13.109184617906068], [80.22172839751425, 13.109187340091385], [80.22172840606592, 13.109184619540573], [80.22262930015913, 13.10918733857626], [80.22263213713111, 13.108283728921062], [80.22353020122668, 13.108286436097904], [80.22353303649899, 13.107382255475114], [80.22353020996015, 13.10738224696012], [80.22353303472016, 13.106481354448917], [80.22353020838268, 13.106481345935066], [80.22353303294149, 13.105580453422721], [80.22353020680534, 13.105580444910023], [80.22353303116293, 13.104679552396526], [80.22262931112203, 13.104676828866134], [80.22263213002884, 13.103778653078987], [80.22170967337236, 13.103775870002393], [80.22170966482688, 13.103778589685321], [80.22080877421482, 13.103775868487931], [80.22080593158348, 13.104679483770356], [80.2199078734812, 13.104676767811865], [80.21990502734963, 13.105580386395946], [80.21900697274782, 13.105577667135707], [80.21900696414055, 13.105580396612604], [80.21810607359083, 13.105577665621361], [80.21810322066108, 13.106481290636594], [80.2172051728579, 13.106478564945096], [80.2172051642097, 13.106481300894446], [80.2163042737013, 13.106478563430874], [80.21630426503317, 13.106481302529339], [80.2154220933696, 13.106478618893606], [80.21542493873858, 13.105580468806586], [80.2145211891782, 13.105577716583616], [80.21452403760242, 13.104679569489186], [80.2145211788955, 13.104679560779013], [80.21452403582282, 13.103778668461905], [80.21452117731958, 13.103778659752912], [80.21452403404335, 13.102877767434626], [80.21452117574378, 13.102877758726809], [80.214524032264, 13.101976866407352], [80.21362028025648, 13.101974111721573], [80.21362313112763, 13.101075967089525], [80.21270068652714, 13.101073152350608], [80.2127006777862, 13.10107590299179], [80.2117997873704, 13.101073150837594], [80.21179691238522, 13.101976796882969], [80.21089888663911, 13.101974050161893], [80.21089600815182, 13.10287769951009], [80.20999798590807, 13.102874949486086], [80.20999797710462, 13.102877709923508], [80.20911576876337, 13.102875005280485], [80.20911863612007, 13.10197687666637], [80.20819618917027, 13.101974045623558], [80.2081961803278, 13.10197681218099], [80.20729529001422, 13.101974044111001], [80.20729528115162, 13.101976813816561], [80.20639439085826, 13.101974042598563], [80.20639438197551, 13.10197681545225], [80.20549349170243, 13.101974041086233], [80.2054934827995, 13.101976817088048], [80.20461125411559, 13.101974097140996], [80.2046141375498, 13.101075984190166], [80.2046112436184, 13.101075975263688], [80.2046141357694, 13.100175083161693], [80.20369169653841, 13.100172236389273], [80.20369168759747, 13.100175018332056], [80.20280944573595, 13.100172292526683], [80.20281233527174, 13.099274185554265], [80.20280943520119, 13.099274176589732], [80.20281233349138, 13.09837328452558], [80.20190853997177, 13.098370489370422], [80.20191143075121, 13.097472882297414], [80.20280942148749, 13.097475659329644], [80.20281232832066, 13.096571983123848], [80.20371032256026, 13.09657475685276], [80.20371033149559, 13.096571975798444], [80.20461122520575, 13.096574755341418], [80.20461412524068, 13.095671085565092], [80.20549348329133, 13.095673795445773], [80.20549060426225, 13.096571912746477], [80.20549349061154, 13.09657192163688], [80.20549060411892, 13.097472303127525], [80.20459260041459, 13.09746953539189], [80.2045896982597, 13.098373712583331], [80.20549347856611, 13.09837649830165], [80.20549059892296, 13.09927461506696], [80.20641303521673, 13.099277455214033], [80.20641304409511, 13.099274683068714], [80.20731393786224, 13.099277453702022], [80.20731394672046, 13.099274684704028], [80.20821484050765, 13.099277452189902], [80.20821484934575, 13.099274686339228], [80.20911574315292, 13.09927745067767], [80.20911575197093, 13.09927468797432], [80.21001664579809, 13.099277449165324], [80.21001952667989, 13.098373797622775], [80.21091754686898, 13.098376546688199], [80.21091755564566, 13.09837379045553], [80.2118184495138, 13.098376545175737], [80.21181845827044, 13.098373792090184], [80.2127193521585, 13.098376543663157], [80.21272222294792, 13.09747290167663], [80.21362025322871, 13.097475641186122], [80.21362312223283, 13.096571461952626], [80.21362026208388, 13.096571453233079], [80.21362312045426, 13.095670560925251], [80.21362026050919, 13.095670552206883], [80.21362311867581, 13.094769659897878], [80.21271936503437, 13.094766903457833], [80.21272221753928, 13.0938687605792], [80.2127193547276, 13.09386875184321], [80.21272221576096, 13.092967859551718], [80.21179980153764, 13.092965043301994], [80.21179979278733, 13.092967795508446], [80.21089890237995, 13.092965041790078], [80.21089889360964, 13.092967797142643], [80.20999800322238, 13.092965040278274], [80.20999799443202, 13.092967798776948], [80.20909710406492, 13.092965038766582], [80.20909422104572, 13.093868692618457], [80.20819620333441, 13.09386593809185], [80.20819331681443, 13.09476959524532], [80.20731394935588, 13.094766894713523], [80.20731682138765, 13.09386877083369], [80.20641304516776, 13.093865992406469], [80.20641592024953, 13.092967871514926], [80.20641303472264, 13.092967862639643], [80.20641591847051, 13.092066970486687], [80.2055121394056, 13.092064189249822], [80.20551501733216, 13.091166071167713], [80.2055121289431, 13.091166062274675], [80.20551501555329, 13.09026517013937], [80.20459261299669, 13.090262328700607], [80.20458971412727, 13.091165997654072], [80.20371033260501, 13.091163285487001], [80.20371321683378, 13.090265173558013], [80.20279081468256, 13.090262325679344], [80.20278790922549, 13.091166000883632], [80.20190852737827, 13.091163282574396], [80.20191141811381, 13.090265176977098], [80.20190851683674, 13.090265168004434], [80.2019114163346, 13.089364275948322], [80.20190851526445, 13.08936426697687], [80.20191141455551, 13.088463374919549], [80.20190851369229, 13.08846336594931], [80.20191141277655, 13.087562473890774], [80.20190851212026, 13.08756246492175], [80.20191141099772, 13.086661572862], [80.20190851054834, 13.08666156389419], [80.20191140760963, 13.085761172041625], [80.2028094010502, 13.085763946775995], [80.20280940999125, 13.085761164709528], [80.20371030369441, 13.085763945266066], [80.20371031261526, 13.085761166343914], [80.2046112063385, 13.085763943756028], [80.20461121523917, 13.085761167978186], [80.20551210898248, 13.085763942245878], [80.20551211786298, 13.085761169612347], [80.20641301162632, 13.085763940735616], [80.20641302048672, 13.085761171246391], [80.20731391427007, 13.085763939225236], [80.20731392311036, 13.085761172880323], [80.20821481691372, 13.08576393771475], [80.2082148257339, 13.085761174514136], [80.20909709736584, 13.08576387914964], [80.20909423359763, 13.086662011071676], [80.20909710459334, 13.086662019868488], [80.20909423181983, 13.087562911845628], [80.20999799340723, 13.087565679596423], [80.20999513248437, 13.088463814327957], [80.20999800061671, 13.088463823107102], [80.20999513070645, 13.089364715102011], [80.20999799904338, 13.089364723882353], [80.20999513061354, 13.090265086955451], [80.20909710878405, 13.09026233625574], [80.20909709997719, 13.090265097371121], [80.20819620962634, 13.09026233474449], [80.20819332226478, 13.091166513232594], [80.20819619755831, 13.09116652205543], [80.20819332048625, 13.092067414006422], [80.20911573056506, 13.092070242958524], [80.20911573937353, 13.092067481666854], [80.21001663320929, 13.092070241447047], [80.2100166419977, 13.092067483301088], [80.2109175358534, 13.092070239935456], [80.21092041179418, 13.091166592919055], [80.21179978548746, 13.091169280488527], [80.2117969302581, 13.092067420841456], [80.21271934114128, 13.092070236911942], [80.21271934986966, 13.092067488203112], [80.21360158229102, 13.092070178525331], [80.21359873336677, 13.092968325032782], [80.21360158942532, 13.092968333737874], [80.21359873158869, 13.093869225807264], [80.21452114957633, 13.093872035816469], [80.21452401275127, 13.092968400954417], [80.21540337909435, 13.092971076561392], [80.21540053647624, 13.093869229224095], [80.21632295486376, 13.093872032791616], [80.21632581145029, 13.092968404181754], [80.21722385593307, 13.092971130315098], [80.217223864563, 13.092968397160126], [80.21812475857638, 13.0929711288025], [80.21812476718647, 13.092968398793426], [80.21902566121958, 13.092971127289784], [80.21902566980982, 13.092968400426614], [80.21992656386267, 13.092971125776957], [80.21992657243311, 13.09296840205969], [80.2208087742331, 13.092971067814103], [80.22080595114164, 13.0938692394719], [80.22172837072331, 13.093872023714347], [80.22172837925535, 13.093869306115216], [80.22262927336618, 13.093872022201072], [80.22262928187848, 13.093869307748042], [80.22351147022687, 13.093871964389344], [80.22350865669897, 13.094770145369964], [80.22351147714382, 13.094770153859248], [80.22350865492191, 13.095671046145638], [80.22441236626283, 13.095673764830746], [80.2244095574064, 13.096571368217214], [80.22351148429658, 13.096568666321971], [80.22350865136744, 13.097472847696983], [80.22441236310803, 13.097475566730676], [80.22440955203557, 13.09837375018043], [80.22441237000925, 13.098373758654597], [80.22440955025812, 13.099274650956206], [80.22533199074839, 13.099277423438176], [80.22533199920845, 13.09927471738639], [80.2262328933915, 13.099277421923794], [80.22623290183189, 13.099274719019318], [80.2271337960345, 13.099277420409312], [80.22713380445524, 13.099274720652124], [80.22803469867736, 13.099277418894706], [80.22803470707848, 13.099274722284818], [80.2289168559021, 13.099277361333673], [80.22891406071129, 13.100175560270296], [80.22983650553952, 13.100178316827545], [80.2298365139026, 13.10017562634042], [80.23073740818218, 13.100178315312498], [80.2307374165257, 13.100175627972863], [80.23163831082472, 13.100178313797334], [80.2316383191487, 13.100175629605191], [80.23253921346713, 13.10017831228206], [80.23253922177162, 13.100175631237411], [80.23342135027482, 13.10017825498356], [80.23341857116836, 13.101076469582667], [80.2343410203291, 13.101079210213005], [80.23434102859574, 13.10107653529252], [80.23524192297128, 13.101079208697286], [80.2352419312185, 13.101076536924486], [80.23614282561337, 13.101079207181451], [80.23614561132605, 13.100175645996902], [80.23704372667753, 13.100178304703993], [80.23704373488481, 13.100175639396783], [80.23794462931926, 13.10017830318804], [80.23794463750717, 13.100175641028315], [80.23884553196088, 13.100178301671976], [80.23884554012943, 13.100175642659735], [80.23972764461034, 13.100178244760432], [80.23972488830104, 13.10107648152844], [80.24064733882207, 13.10107919960058], [80.24064734695308, 13.101076546713895], [80.24154824146348, 13.101079198084072], [80.2415482495752, 13.101076548345064], [80.24244914410475, 13.101079196567447], [80.24245190872391, 13.100175011418909], [80.24154825807376, 13.100172355269882], [80.24155100759474, 13.09927411210076], [80.24154824838381, 13.099274103986161], [80.2415510058194, 13.09837321107675], [80.24062856517781, 13.098370496787483], [80.24062855704936, 13.098373149335528], [80.23972766601716, 13.098370495271308], [80.23972765786941, 13.098373150966628], [80.23884554708286, 13.098370549180325], [80.23884830598134, 13.097472315170029], [80.2388455373378, 13.097472306999714], [80.23884830226028, 13.09657204766303], [80.23972765092873, 13.096574640967052], [80.23972489540311, 13.097472878417943], [80.2406473325097, 13.097475595756274], [80.24064734063633, 13.097472943547244], [80.24154823515065, 13.0974755942402], [80.241548243258, 13.097472945178044], [80.24244913779145, 13.097475592724011], [80.24245189964631, 13.096572054108941], [80.24335003885402, 13.096574690246952], [80.24335004692179, 13.096572047647362], [80.24425094149449, 13.096574688730644], [80.24425094954306, 13.09657204927773], [80.24515184413484, 13.096574687214224], [80.24515459590981, 13.095671158149203], [80.24603394685212, 13.095673729794578], [80.24603121431257, 13.096571989576784], [80.2469348444643, 13.096574629281232], [80.2469321149865, 13.09747289206004], [80.24783574207623, 13.097475528767601], [80.24783301566067, 13.098373794543406], [80.24783574847002, 13.09837380251325], [80.24783301388625, 13.099274695322011], [80.24783574689042, 13.09927470329293], [80.24783301211173, 13.100175596100614], [80.24875546101119, 13.100178284987827], [80.24875820039284, 13.099274767766474], [80.2496563620721, 13.09927738251042], [80.24965637000916, 13.099274761435286], [80.25055726471211, 13.099277380992993], [80.25055727263013, 13.099274763065136], [80.25145816735203, 13.099277379475462], [80.25146089870634, 13.098373192320816], [80.25145817572302, 13.09837318441791], [80.2514608969324, 13.097472291298006], [80.25145817414318, 13.097472283396163], [80.25146089310502, 13.096572070217332], [80.25235906525354, 13.096574675078815], [80.25235907313032, 13.0965720639459], [80.25324113881283, 13.096574619051509], [80.25323843212801, 13.097472903990996], [80.25414203642461, 13.097475518536603], [80.25413933280379, 13.098373806474335], [80.25506177633059, 13.098376472444857], [80.25506449225985, 13.097472977452336], [80.25596267738992, 13.097475569967635], [80.25596268519199, 13.09747297125536], [80.25686358002889, 13.097475568449646], [80.25686358781209, 13.097472972884223], [80.25776448266775, 13.097475566931537], [80.2577671906265, 13.096571378348187], [80.25684475324908, 13.096568722412531], [80.25684474546624, 13.096571317978123], [80.25596269350369, 13.096568775236896], [80.25596539014887, 13.09567048073308], [80.25596268412198, 13.095670472928148], [80.25596538837591, 13.09476957971082], [80.25596268254193, 13.09476957190694], [80.25596538451047, 13.093869375885259], [80.25686357371008, 13.093871964613127], [80.25686358148907, 13.093869369710934], [80.25776447634847, 13.093871963095458], [80.25776718353582, 13.092967774260012], [80.25684475956787, 13.092965119041647], [80.25684475178923, 13.092967713944013], [80.25596268717953, 13.092965171816102], [80.25596538305776, 13.092066876644042], [80.25596267780256, 13.09206686884333], [80.25596537919112, 13.091166673502412], [80.25686356897228, 13.09116926173572], [80.25686627676399, 13.090265774317382], [80.25776447003119, 13.09026835925934], [80.25776447778713, 13.09026576816566], [80.25864654504149, 13.090268303655112], [80.25864385923184, 13.091166608753735], [80.25864655119892, 13.091166616487664], [80.25864385745983, 13.092067509533653], [80.25864654961892, 13.092067517268624], [80.25864385568771, 13.092968410313576], [80.25864654803878, 13.092968418049598], [80.25864385391546, 13.093869311093492], [80.25956628162493, 13.093871960059774], [80.25956898011827, 13.09296848152853], [80.26046718268312, 13.092971057583066], [80.2604671903858, 13.092968475430082], [80.2613492378807, 13.092971002108328], [80.26134656126422, 13.093869316201753], [80.26226898953874, 13.093871955505406], [80.26226899720497, 13.093869379479514], [80.26315103468757, 13.09387190012983], [80.2631483665428, 13.094769496919156], [80.26225015139016, 13.094766929836092], [80.26224746017009, 13.095671119464987], [80.26225013999785, 13.095671127129057], [80.26224745839794, 13.096572020245334], [80.26316989691786, 13.096574656862165], [80.26317258281517, 13.095671190349632], [80.26407079797511, 13.095673754385121], [80.26407348038705, 13.094770291163607], [80.26495283149418, 13.094772798150595], [80.26495016752094, 13.095671124572553], [80.26495283752423, 13.095671132180549], [80.26495016574913, 13.096572025353225], [80.26587260483136, 13.096574652305463], [80.26587261242595, 13.096572088372355], [80.26677350746897, 13.096574650786337], [80.26677351504492, 13.096572089999873], [80.26767441010647, 13.0965746492671], [80.26767708172166, 13.095670458595992], [80.26677352321697, 13.095667891931713], [80.26677617841982, 13.094770295989994], [80.26767440694424, 13.094772847351457], [80.26767707817888, 13.093868656554303], [80.26677352005215, 13.093866090219043], [80.26677617705627, 13.092967757235307], [80.2667735108976, 13.09296774965857], [80.26677617310435, 13.092067593603907], [80.26767440220183, 13.092070144477965], [80.2676744097541, 13.092067587655134], [80.26857530483863, 13.09207014295916], [80.26857531237229, 13.092067589281967], [80.26945733221547, 13.092070088000515], [80.26945468508754, 13.092968430739255], [80.27035822982806, 13.092970987482808], [80.27035558576753, 13.093869333221999], [80.2712591274404, 13.093871886964818], [80.27125648644775, 13.09477023570485], [80.2721789201288, 13.094772839754661], [80.27218157493364, 13.09386864804617], [80.27127803308642, 13.09386609753435], [80.27128067381219, 13.09296774872716], [80.27127802402406, 13.092967741243205], [80.27128067204158, 13.092066847706754], [80.2712780224424, 13.092066840223811], [80.27128066805462, 13.091166700848907], [80.2721789138035, 13.091169235925516], [80.27218156785193, 13.090265043964978], [80.27127802675601, 13.090262494107158], [80.27128066673052, 13.089364144645538], [80.27035825335652, 13.089361538441146], [80.2703582458623, 13.089364085501629], [80.26945735419093, 13.089361536922336], [80.26945734667818, 13.08936408712805], [80.26857531735516, 13.089361588862342], [80.26857796690547, 13.088463248728058], [80.26767441316707, 13.08846068654344], [80.26767706578315, 13.08756234940842], [80.26767440403786, 13.087562341856415], [80.26767706182194, 13.086662190439554], [80.2685752953565, 13.086664737212775], [80.26857530288406, 13.086662184514847], [80.26947619799246, 13.086664735694505], [80.269478860947, 13.085760543965124], [80.26947620612596, 13.08576053645226], [80.26947885917717, 13.084859642944512], [80.26947620454553, 13.084859635432661], [80.26947885740746, 13.083958741923903], [80.26947620296524, 13.083958734413068], [80.26947885563789, 13.08305784090329], [80.26947620138506, 13.083057833393474], [80.26947885386845, 13.082156939882687], [80.26947619980501, 13.082156932373882], [80.26947885209911, 13.081256038862078], [80.26855646924463, 13.081253427806637], [80.26855646172251, 13.081255979688608], [80.26765557007822, 13.081253426289027], [80.26765556253756, 13.08125598131443], [80.26675467091191, 13.081253424771537], [80.26675199898055, 13.08215761626345], [80.26675465958604, 13.082157623818837], [80.2667519993968, 13.083057777398986], [80.26585376858749, 13.083055224941702], [80.26585109299197, 13.083959416124515], [80.26677348534552, 13.083962037375093], [80.26677349290716, 13.083959478879175], [80.26765554806049, 13.083961982416886], [80.26765289612047, 13.084860320306968], [80.2685564456753, 13.084862881900436], [80.26855379899862, 13.085760477202914], [80.26765556218051, 13.085757930509017], [80.26765289477143, 13.086661379817043], [80.26675466143499, 13.086658829834873], [80.26675465386961, 13.086661388985451], [80.2658537622695, 13.086658828316834], [80.26585108808726, 13.08756228403954], [80.26495286152443, 13.087559727642597], [80.26495018169086, 13.088463918327093], [80.2658725906074, 13.088466543683023], [80.26587259819276, 13.08846398122416], [80.2667546409578, 13.088466488606402], [80.26675198700191, 13.089364084444428], [80.2658537575297, 13.089361530848212], [80.26585108059895, 13.090265721590114], [80.26585374618672, 13.090265729173312], [80.26585108100221, 13.091165888065865], [80.26495285520443, 13.091163331017341], [80.26495284759669, 13.09116589727726], [80.26405195603976, 13.091163329498986], [80.26405194841335, 13.09116589890455], [80.26316990487815, 13.091163381800541], [80.26317257433489, 13.090265060979691], [80.26316989565291, 13.09026505333141], [80.26317257256362, 13.089364159958306], [80.26316989407266, 13.089364152311061], [80.26317257079246, 13.088463258936928], [80.2622501624499, 13.088460623932537], [80.26224747471821, 13.089364092486699], [80.26136809650153, 13.089361577164816], [80.2613707720872, 13.08846326234078], [80.26044836412065, 13.08846062089727], [80.26044566980534, 13.08936409570424], [80.25956629128719, 13.089361574241316], [80.25956897338148, 13.088463265745084], [80.25956628198978, 13.08846325802391], [80.25956897160998, 13.087562364723269], [80.25866538551887, 13.087559771068793], [80.25866807048536, 13.086661465403559], [80.2577644813315, 13.0866588687521], [80.2577671693605, 13.085760566083742], [80.25776447200023, 13.085760558328102], [80.25776716758917, 13.084859665061721], [80.25684477377781, 13.084857011457293], [80.25684476600864, 13.084859604867248], [80.25594387461335, 13.084857009940713], [80.25594386682535, 13.084859606494916], [80.25506177035041, 13.084857062658765], [80.25506446775607, 13.08395876914603], [80.25506176096529, 13.083958761335934], [80.25506446598463, 13.083057868123683], [80.25414207944046, 13.083055205223166], [80.2541420716168, 13.083057807732981], [80.2532411802761, 13.083055203707143], [80.25324117243353, 13.083057809360804], [80.25235905937036, 13.083055256567386], [80.2523617640799, 13.08215765912488], [80.2532599426391, 13.082160258208095], [80.25326266373293, 13.081256069483116], [80.25235905621271, 13.08125345485786], [80.25236176260674, 13.080355170162683], [80.25235904677594, 13.08035516230008], [80.25236176083546, 13.07945426914001], [80.25235904519847, 13.079454261278471], [80.25236175906429, 13.078553368117353], [80.25143938983301, 13.078550696465282], [80.2514366647436, 13.079454200709218], [80.25053848909172, 13.079451595792056], [80.25053848119653, 13.079454210208253], [80.24963758992736, 13.079451594276923], [80.24963758201318, 13.079454211836163], [80.24875544262778, 13.079451647309412], [80.24875816164266, 13.0785533749261], [80.24875543311792, 13.078553366989683], [80.24875815987114, 13.077652473903003], [80.24875543154118, 13.07765246596766], [80.24875815809978, 13.076751572879903], [80.2478357963276, 13.076748888722221], [80.24783305643714, 13.07765307663506], [80.24783578476655, 13.077653084580147], [80.24783305669999, 13.078553306136712], [80.24693489401118, 13.078550688890711], [80.24693488604095, 13.078553315711032], [80.24603399484714, 13.078550687376136], [80.24603398685784, 13.078553317339308], [80.24513309568323, 13.078550685861677], [80.24513034756691, 13.079454211972948], [80.24423219494356, 13.079451585188481], [80.24423218691494, 13.079454221606023], [80.24333129578001, 13.079451583674137], [80.24332854088722, 13.08035511620081], [80.2424303950408, 13.080352483000844], [80.24243038697274, 13.080355125873561], [80.24154822334494, 13.080352536489364], [80.24155096658652, 13.079454937433498], [80.24244910625491, 13.079457573506255], [80.24245186615038, 13.078553386845735], [80.24152949902873, 13.078550679804955], [80.24152949094366, 13.078553325482387], [80.24062859986539, 13.078550678291053], [80.24062859176111, 13.078553327111344], [80.23972770070215, 13.078550676777267], [80.23972769257863, 13.078553328740417], [80.23882680153903, 13.078550675263596], [80.23882403039468, 13.079454223241145], [80.237925900801, 13.079451574590427], [80.23792312422015, 13.080355760235204], [80.23884549727553, 13.080358480522973], [80.23884550541982, 13.080355825247272], [80.23972767933672, 13.080358423896024], [80.23972492733746, 13.081256664420376], [80.2406473041288, 13.081259378456421], [80.24064731223567, 13.081256729297367], [80.24152947614678, 13.081259321926751], [80.2415267304556, 13.082157568605536], [80.24152948265821, 13.082157576689928], [80.24152672868266, 13.083058469383406], [80.24152948108166, 13.083058477468896], [80.24152672690957, 13.083959370161278], [80.24244911413437, 13.08396207831078], [80.24244912220608, 13.083959434931055], [80.2433500167733, 13.083962076796109], [80.24335277436967, 13.08305789026138], [80.24335002524165, 13.083057882204917], [80.24335277259682, 13.082156989237623], [80.24335002366499, 13.082156981182248], [80.24335276882982, 13.08125674223873], [80.24425091468338, 13.081259372399273], [80.24425092271348, 13.08125673581324], [80.24515181732174, 13.081259370884702], [80.24515182533268, 13.081256737441928], [80.24603397211645, 13.081259314630959], [80.24603124268559, 13.082157577122324], [80.24603397853149, 13.082157585110938], [80.24603124091321, 13.08305847790074], [80.24693486815414, 13.083061115066856], [80.24693214158731, 13.083959380382392], [80.24693487455188, 13.083959388354076], [80.24693213981479, 13.084860281160914], [80.24693487297438, 13.084860289133681], [80.24693213804217, 13.085761181939436], [80.24785453312033, 13.085763871141554], [80.2478545410794, 13.085761246289273], [80.24875543575882, 13.08576386962599], [80.24875544369884, 13.085761247917965], [80.24965633839719, 13.085763868110313], [80.24965634631816, 13.085761249546538], [80.25053846019392, 13.085763812069333], [80.25053574605826, 13.086662089531094], [80.25053846651788, 13.086662097429844], [80.25053574428586, 13.087562990310047], [80.25143935622913, 13.087565612503324], [80.25143664496106, 13.088463892792218], [80.25143936253586, 13.088463900674114], [80.2514366431885, 13.08936479357128], [80.25234025226347, 13.089367412936836], [80.2523375438639, 13.090265696053656], [80.25234025855299, 13.09026570391871], [80.25233754209123, 13.09116659683282], [80.25234025697392, 13.09116660469894], [80.2523375423823, 13.092066813211469], [80.25143936616783, 13.09206420909594], [80.25143663815288, 13.09296771582948], [80.25053846542642, 13.092965108421122], [80.25053573392316, 13.093868618447765], [80.24963756468524, 13.093866007746206], [80.24963482969318, 13.094769521066313], [80.24873666394429, 13.094766907071179], [80.24873665599283, 13.094769530623308], [80.24783576478214, 13.094766905554422], [80.24783302300698, 13.09567042529586], [80.24695366583343, 13.095667859766369], [80.24695639484398, 13.09476959675115], [80.24605276164417, 13.09476695745116], [80.24605549371603, 13.093868697432349], [80.24605275205695, 13.093868689420331], [80.24605549194202, 13.092967796408894], [80.24605275047846, 13.092967788397958], [80.24605549016815, 13.092066895385438], [80.24605274890006, 13.092066887375585], [80.2460554883944, 13.091165994361987], [80.2460527473218, 13.091165986353218], [80.24605548662079, 13.090265093338543], [80.24515185113802, 13.090262451720049], [80.24515458549266, 13.089364194019197], [80.2451518415378, 13.089364185993453], [80.24515458371917, 13.088463292995648], [80.2442509453715, 13.088460648551866], [80.24425368259084, 13.087562393676095], [80.24333128159263, 13.087559691243676], [80.24333127353505, 13.087562332323964], [80.24244913857545, 13.087559744778158], [80.24245188210692, 13.086661496060563], [80.2415294848446, 13.086658787372516], [80.24152671981601, 13.087562973272746], [80.24152947319708, 13.087562981363709], [80.24152671804231, 13.088463874050609], [80.24152947161977, 13.088463882142664], [80.24152671626847, 13.089364774828471], [80.24152947004235, 13.08936478292162], [80.24152671449451, 13.090265675606325], [80.24152946846482, 13.09026568370057], [80.24152671272043, 13.091166576384184], [80.24152946688714, 13.091166584479527], [80.2415267109462, 13.09206747716204], [80.24152946530936, 13.092067485258474], [80.24152670917188, 13.092968377939895], [80.24152946373144, 13.092968386037425], [80.24152670936833, 13.093868634555442], [80.24062857306666, 13.093865992583654], [80.24062580317553, 13.09477017779038], [80.24062856140256, 13.094770185909363], [80.24062580336266, 13.095670438184884], [80.23974644495549, 13.09566784808045], [80.23974920001014, 13.094769610391493], [80.23884554076639, 13.094766945766711], [80.23884829888034, 13.09386871107271], [80.23792587558329, 13.093865988037084], [80.23792586740242, 13.093868649176851], [80.2370249764224, 13.09386598652179], [80.23702496822217, 13.093868650807833], [80.23612407726164, 13.093865985006602], [80.23612406904203, 13.093868652438932], [80.23522317810098, 13.093865983491538], [80.23522316986197, 13.09386865407014], [80.23432227894044, 13.093865981976577], [80.234322270682, 13.093868655701463], [80.23342137978001, 13.093865980461729], [80.23342137150212, 13.093868657332902], [80.23253922091544, 13.093866034694711], [80.23254200161735, 13.092967821988836], [80.231638316727, 13.092965132382632], [80.2316411004857, 13.09206692266987], [80.23163830683497, 13.092066914350879], [80.23164109871009, 13.09116602164468], [80.23073741096141, 13.091163329218308], [80.23074019757824, 13.090265122325508], [80.23073740105248, 13.09026511398925], [80.23074019392438, 13.089364826820232], [80.2316382919092, 13.089367502251221], [80.23164109338401, 13.088463318569117], [80.23163830053015, 13.088463310254623], [80.23164108972126, 13.087563026848224], [80.23253919139916, 13.087565698813082], [80.23253919968792, 13.087563020165778], [80.23344009403982, 13.087565697299215], [80.23344288664295, 13.086662129278977], [80.23434099510479, 13.086664794823363], [80.23434100335356, 13.08666212263627], [80.2352418977451, 13.086664793309382], [80.23524468356486, 13.085761231709016], [80.23614279880961, 13.085763890833634], [80.2361428070185, 13.08576122510594], [80.23704370144958, 13.085763889319537], [80.23704370963911, 13.085761226736114], [80.23794460408944, 13.085763887805328], [80.23794461225965, 13.085761228366168], [80.23884550672919, 13.085763886291], [80.23884827918364, 13.0848603373595], [80.23974640779277, 13.08486298381534], [80.23974641592328, 13.084860330834378], [80.24064731043217, 13.084862982300905], [80.2406500780752, 13.083958796396864], [80.24064731893559, 13.083958788281652], [80.2406500763019, 13.083057895372772], [80.24064731735916, 13.083057887258661], [80.24065007452872, 13.082156994348686], [80.23972769440029, 13.082154280139736], [80.23972492575332, 13.083057825667876], [80.2388455202517, 13.083055234672916], [80.23884827581607, 13.082156997756625], [80.23884551052753, 13.08215698960507], [80.23884827404278, 13.081256096732318], [80.23792589765054, 13.081253376271226], [80.23792588948514, 13.081256035030309], [80.23704371188052, 13.081253430048857], [80.23704647355605, 13.080355199115969], [80.2370437021204, 13.080355190928005], [80.23704647178278, 13.07945429809145], [80.23704370054493, 13.079454289904591], [80.23704647000963, 13.078553397066939], [80.23614280454251, 13.078550726031173], [80.23614556887931, 13.07765249774624], [80.23522320646231, 13.077649768369962], [80.23522319824333, 13.077652435876736], [80.23432230729966, 13.077649766856965], [80.2343222990613, 13.0776524375064], [80.2334214081371, 13.077649765344075], [80.23341861745321, 13.078553331893339], [80.23252050740048, 13.07855066467104], [80.23251771322687, 13.079454234513808], [80.23161960666405, 13.079451563997905], [80.23161959836519, 13.079454244418304], [80.23073739046657, 13.07945161813584], [80.23074017450688, 13.078553408996774], [80.22983648628197, 13.078550715825713], [80.22983927337494, 13.077652509676106], [80.22983647637119, 13.07765250133613], [80.2298392716011, 13.07675160865072], [80.22983647479703, 13.076751600311876], [80.22983926794825, 13.07585131333323], [80.23073736565074, 13.075853989330316], [80.23074016741229, 13.074949804895683], [80.23073737427706, 13.074949796578585], [80.23074016563898, 13.074048903870416], [80.23073737270315, 13.07404889555444], [80.23074016386576, 13.073148002845151], [80.23073737112936, 13.0731479945303], [80.23074016209269, 13.072247101819885], [80.2298364752567, 13.072244409859229], [80.22983926096079, 13.071346202498463], [80.22891692333884, 13.071343451906257], [80.2289141176125, 13.072247032875222], [80.22803467004017, 13.072244406945503], [80.2280374622426, 13.07134620590648], [80.22803466009937, 13.071346197535382], [80.22803746046942, 13.070445304880893], [80.22803465852631, 13.070445296510933], [80.22803745869638, 13.069544403855303], [80.22713376270954, 13.069541702932627], [80.22713655756382, 13.068643504533572], [80.22713375275309, 13.068643496146336], [80.2271365557909, 13.06774260350788], [80.22713375118053, 13.06774259512178], [80.22713655215738, 13.066842300587235], [80.22801601344761, 13.066844928605823], [80.22801322216093, 13.067743130618268], [80.22893554621685, 13.06774588369136], [80.22893835086074, 13.066842303806824], [80.22983644728313, 13.066844981217875], [80.22983645560444, 13.066842297090043], [80.23073734992145, 13.066844979706845], [80.23073735822331, 13.066842298719077], [80.23163825255963, 13.06684497819571], [80.2316410490442, 13.065940792939998], [80.2316382611703, 13.065940784653593], [80.23164104727223, 13.065039891914857], [80.23163825959753, 13.065039883629575], [80.23164104550041, 13.064138990889713], [80.23163825802489, 13.064138982605554], [80.23164104372871, 13.063238089864573], [80.23163825645236, 13.06323808158154], [80.23164104195715, 13.062337188839436], [80.23163825487997, 13.062337180557524], [80.2316410401857, 13.061436287814303], [80.2316382533077, 13.061436279533511], [80.23164103841438, 13.060535386789166], [80.2307373574041, 13.060532700234916], [80.23074013538505, 13.059635100691954], [80.23163823998426, 13.059637770497636], [80.23164103487213, 13.0587335847389], [80.23163824859164, 13.058733576461478], [80.2316410311942, 13.057833300717013], [80.23253913947856, 13.057835967062932], [80.23253914773038, 13.057833294068587], [80.23344004211536, 13.057835965552652], [80.23344005034781, 13.057833295696355], [80.23434094475203, 13.057835964042269], [80.23434095296514, 13.057833297324006], [80.23524184738861, 13.057835962531765], [80.2352446268326, 13.056932406358198], [80.23614274845335, 13.05693506005942], [80.23614275662673, 13.056932399787774], [80.23704365108956, 13.0569350585488], [80.23704365924368, 13.056932401414992], [80.23792592190605, 13.056935002147666], [80.23792316850819, 13.057833240798647], [80.23792592846854, 13.057833248930283], [80.23792316673818, 13.05873414157613], [80.23792592689583, 13.058734149708867], [80.23792316496805, 13.059635042353609], [80.237925925323, 13.059635050487449], [80.23792316319779, 13.060535943131088], [80.23792592375004, 13.060535951266031], [80.2379231614274, 13.061436843908567], [80.23884546422316, 13.06143956033423], [80.2388454723443, 13.06143690862641], [80.23972771242825, 13.061439503978084], [80.23972496454249, 13.06233774808921], [80.24062861004965, 13.06234040346979], [80.24062586521518, 13.063238650568419], [80.24152950767082, 13.063241302961211], [80.24152676588808, 13.06413955304774], [80.24152951416286, 13.064139561110267], [80.24152676411765, 13.065040453825643], [80.24244908106165, 13.065043158131367], [80.2424518358112, 13.06413962556331], [80.24334998212449, 13.06414225565814], [80.243352733391, 13.063238726378309], [80.24425088318709, 13.063241353185012], [80.24425363298481, 13.062337165014227], [80.24425089163461, 13.062337157001927], [80.24425362920071, 13.061436926399937], [80.24515178267599, 13.061439549751366], [80.2451545267813, 13.060536027214305], [80.24605268373816, 13.060538647278547], [80.24605542639284, 13.05963445854224], [80.24515179752285, 13.059631822685148], [80.24515452324144, 13.058734225627914], [80.24605268059156, 13.058736845357487], [80.24605542285457, 13.057832656495455], [80.24605268901396, 13.05783264852671], [80.24605542108563, 13.05693175547207], [80.24605268744044, 13.056931747504407], [80.24605541728394, 13.056031524855271], [80.24695357850743, 13.056034140964139], [80.24695631486605, 13.055130625668745], [80.24785447956918, 13.055133238491955], [80.24785448749168, 13.055130619347926], [80.24875538220368, 13.055133236980087], [80.2487553901072, 13.055130620973477], [80.24965628483805, 13.055133235468109], [80.24965629272263, 13.055130622598911], [80.25053851381512, 13.055133179859904], [80.25053580624521, 13.056031463045752], [80.25143941143797, 13.056034079350106], [80.25143670899831, 13.056931675508626], [80.25053852847147, 13.056929074744808], [80.25053580270885, 13.057833264603767], [80.25143940828731, 13.057835881244712], [80.25143670546083, 13.058733477524681], [80.25053852532398, 13.058730876428532], [80.25053580124042, 13.059634380139562], [80.24963762458307, 13.059631775757651], [80.24963489701976, 13.060535282754717], [80.24873672384241, 13.060532675086673], [80.24873399074647, 13.06143686431952], [80.24873671230439, 13.061436872226272], [80.24873398897736, 13.062337765098304], [80.24873671072977, 13.062337773006126], [80.24873398720813, 13.063238665877078], [80.24873670915504, 13.063238673785976], [80.24873398543876, 13.064139566655854], [80.24873670758019, 13.064139574565823], [80.24873398366927, 13.065040467434635], [80.24965630215023, 13.06504314602912], [80.24965631004657, 13.065040531317232], [80.25055720478578, 13.065043144515833], [80.25055721266318, 13.065040532943573], [80.25145810742121, 13.065043143002432], [80.25146083138577, 13.064138953455185], [80.25145811577708, 13.064138945592815], [80.25146082961663, 13.063238052432439], [80.25055721945401, 13.063235434847345], [80.25055992849018, 13.062337153109867], [80.25055721000338, 13.0623371452307], [80.25055992672118, 13.061436252087015], [80.25055720842866, 13.061436244208917], [80.25055992288448, 13.060536036857266], [80.25145809954901, 13.060538638203097], [80.25146082046551, 13.059635137670279], [80.25234030433366, 13.059637681681627], [80.2523376022917, 13.060535970340363], [80.25324120195525, 13.060538581170965], [80.25323850296765, 13.061436872819318], [80.25416080902745, 13.061439534623393], [80.25416352238237, 13.06053534426501], [80.25325992253984, 13.060532736657544], [80.25326262125664, 13.059634444942105], [80.25325991314914, 13.059634437122831], [80.25326261948837, 13.058733543919582], [80.25325991157445, 13.05873353610137], [80.25326261562844, 13.057833339295502], [80.25416080273003, 13.057835930785195], [80.25416081052337, 13.057833333103494], [80.25506170536407, 13.05783592927221], [80.25506441256061, 13.056932441713823], [80.25596260642372, 13.056935026799783], [80.25596531225774, 13.056030835755136], [80.25596261471817, 13.056030827996562], [80.25596531049034, 13.055129934732946], [80.25504302745789, 13.055127280623767], [80.25504301968581, 13.05512987483499], [80.25416081568994, 13.055127332986578], [80.25416351000707, 13.054229037108144], [80.25324123069545, 13.054226376756175], [80.2532385174373, 13.055129870280027], [80.25234032995391, 13.055127276085823], [80.25234032212533, 13.055129879709876], [80.25143943078615, 13.055127274573396], [80.2514394229387, 13.055129881335068], [80.25055720527524, 13.055127327157177], [80.25055991257376, 13.054229043904252], [80.24963763402415, 13.054226370707143], [80.24963762613993, 13.054228983576508], [80.24873673485662, 13.054226369195167], [80.24873672695345, 13.054228985201949], [80.24785449588882, 13.054226421931894], [80.2478572106797, 13.05332882568848], [80.24875537905787, 13.053331435059656], [80.24875811032035, 13.052427245256872], [80.24783583883476, 13.05242456600025], [80.24783583091477, 13.052427184808575], [80.24695359013644, 13.052424618767008], [80.246956309834, 13.051526347632342], [80.24695358062479, 13.051526339690167], [80.24695630806605, 13.050625446609075], [80.24605268438495, 13.050622815602612], [80.24605540693858, 13.049724547285027], [80.24515178020765, 13.04972191329255], [80.24515450378118, 13.048824316902785], [80.24605266329417, 13.048826934791505], [80.24605540340308, 13.047922745238276], [80.24515177706107, 13.047920111584858], [80.2451545002446, 13.047022515316403], [80.24605266015081, 13.04702513287039], [80.2460526681016, 13.04702250896666], [80.24695356278448, 13.047025131359728], [80.2469562992282, 13.046120941492761], [80.24603405150366, 13.04611825708822], [80.24603404355324, 13.046120880992124], [80.24515177391498, 13.046118309877183], [80.24515449874042, 13.045220043866955], [80.24515176437396, 13.045220035894316], [80.24515449697313, 13.04431914284348], [80.24515176280231, 13.044319134871921], [80.24515449317293, 13.043418912143643], [80.24605265386559, 13.043421529028125], [80.24605539279962, 13.042517339098085], [80.24605266228114, 13.042517331147698], [80.24605538899112, 13.041617112162765], [80.24695355335669, 13.041619725596972], [80.24695356128204, 13.041617105837847], [80.24785445598954, 13.04161972408685], [80.24785446389593, 13.041617107462127], [80.24875535862228, 13.041619722576614], [80.24875536650974, 13.04161710908629], [80.2496562612549, 13.041619721066265], [80.24965626912345, 13.041617110710341], [80.25055716388741, 13.041619719555804], [80.25055717173707, 13.04161711233428], [80.2514580665198, 13.041619718045233], [80.25145807435061, 13.0416171139581], [80.25234033582517, 13.041619662736853], [80.25233763763559, 13.042517954755668], [80.252340342065, 13.042517962564443], [80.2523376358696, 13.04341885553492], [80.25234034049254, 13.043418863344753], [80.25233763410347, 13.04431975631417], [80.25324123030416, 13.044322364122534], [80.2532385347796, 13.045220658791193], [80.25416078070475, 13.045223317351208], [80.25416348846548, 13.044319828990439], [80.25504302870354, 13.044322361209968], [80.25504033966466, 13.04522066218641], [80.25594392632914, 13.045223260700437], [80.25594124034147, 13.046121564663535], [80.25594393249708, 13.046121572401386], [80.25594124069576, 13.04702175639367], [80.25504304161853, 13.047019173042262], [80.25504303385596, 13.047021765756476], [80.25414214244937, 13.047019171530481], [80.25413943192326, 13.047923362827243], [80.25414213098902, 13.047923370604739], [80.25413943015675, 13.048824263606697], [80.25504302083175, 13.048826865944829], [80.25504033083328, 13.049725166084258], [80.25594391845617, 13.04972776543481], [80.25594123151004, 13.050626068561911], [80.25684481608032, 13.050628664924503], [80.256842134312, 13.051526259826069], [80.25594393292144, 13.051523678766625], [80.25594122797658, 13.05242787012125], [80.25686350118731, 13.052430520490498], [80.25686350891799, 13.052427933218372], [80.2577644038203, 13.052430518977832], [80.25776441153226, 13.052427934842507], [80.2586653064532, 13.052430517465055], [80.25866531414643, 13.052427936466527], [80.25954751052703, 13.052430462445423], [80.25954483598585, 13.053328777693478], [80.259547516627, 13.05332878536485], [80.25954483421927, 13.054229678473579], [80.26046711486723, 13.054232316356766], [80.26046980374437, 13.053328124197625], [80.26046712310266, 13.053328116535809], [80.26046979982453, 13.052427947375007], [80.26134930892565, 13.052430459529916], [80.26134664087462, 13.053328781089084], [80.2613493149881, 13.05332878872315], [80.26134663910828, 13.054229681869403], [80.26226892013267, 13.054232313329978], [80.26227160029174, 13.053328851379874], [80.26316982119052, 13.053331410857941], [80.26316982879155, 13.053328845378882], [80.26407072382283, 13.053331409344372], [80.2640707314053, 13.053328847002312], [80.26497162645502, 13.053331407830695], [80.26497429876412, 13.052427214688384], [80.26407073959346, 13.052424646457121], [80.26407339545877, 13.051527052999502], [80.2649716233055, 13.05152960591417], [80.26497163086735, 13.051527047037343], [80.26587252593734, 13.051529604400596], [80.26587253348069, 13.051527048660361], [80.26677342856908, 13.051529602886909], [80.26677343609391, 13.051527050283264], [80.26767433120071, 13.05152960137311], [80.26767433870705, 13.051527051906053], [80.26857523383221, 13.051529599859201], [80.26857789266057, 13.050625405859], [80.26857524196222, 13.050625398367282], [80.26857788867687, 13.049725259430407], [80.2694761333134, 13.049727796429726], [80.26947878848755, 13.048823602121388], [80.26947614143104, 13.04882359465014], [80.2694787867229, 13.047922701100848], [80.26947613985574, 13.047922693630614], [80.26947878273124, 13.047022558647496], [80.27037703121972, 13.047025092042945], [80.27037703866571, 13.04702255280026], [80.27125920958589, 13.047025037816818], [80.27125657835887, 13.047923395067782], [80.27217883805578, 13.047925989972825], [80.27218148078123, 13.047022563457956], [80.27306100798832, 13.047025034900154], [80.27305838324924, 13.04792339845917], [80.27306101380368, 13.047923405846959], [80.27305838148517, 13.048824299240911], [80.2739619040358, 13.048826835331635], [80.27395928216657, 13.049725201718397], [80.27396190983448, 13.049725209089877], [80.27395928040237, 13.050626102500248], [80.27486280008242, 13.050628635762635], [80.27486018108398, 13.051527004977935], [80.27486280586443, 13.05152701233312], [80.27486017931963, 13.052427905759888], [80.27576369612817, 13.052430436193143], [80.27576108000146, 13.053328808237792], [80.27668336066326, 13.053331388142613], [80.27668599039475, 13.05242719263373], [80.27668336868965, 13.052427185305167], [80.27668598635108, 13.051527075455256], [80.27756549610811, 13.051529532329882], [80.27756288665849, 13.052427910847086], [80.2775655018359, 13.052427918148512], [80.27756288489438, 13.053328811629362], [80.27756550025879, 13.05332881893178], [80.27756288313014, 13.054229712411644], [80.27848516750106, 13.054232286068615], [80.2784877885776, 13.053328880254803], [80.27938606855471, 13.053331383596502], [80.27938607582485, 13.053328874583203], [80.28028697118498, 13.053331382080906], [80.28028958781566, 13.0524271858515], [80.28028697916493, 13.05242717859576], [80.2802895860519, 13.051526284832255], [80.27936731134754, 13.051523718129635], [80.27936730407872, 13.051526226982197], [80.27846641217587, 13.05152371661426], [80.27846640488887, 13.0515262286036], [80.27758427703682, 13.051523767482971], [80.27758688622207, 13.050625388898862], [80.27666461540912, 13.050622812738853], [80.27666198825573, 13.05152622452809], [80.27578247183543, 13.05152376456426], [80.27578508751068, 13.050625392289996], [80.27578246291742, 13.05062538494516], [80.2757850857466, 13.049724491270208], [80.27578246134105, 13.04972448392637], [80.27578508398264, 13.048823590250427], [80.27486282021795, 13.048821008019564], [80.27486281286097, 13.04882353207029], [80.27398066190226, 13.048821059075237], [80.27398328124521, 13.04792346746055], [80.27488154594685, 13.047925985430368], [80.27488418109877, 13.047021789906157], [80.2739806587486, 13.04701925736148], [80.2739832799785, 13.046120890581571], [80.27398064979987, 13.046120883205159], [80.27398327595229, 13.045220765072344], [80.27488154122113, 13.04522328255912], [80.27488154857345, 13.045220759318164], [80.2757824438509, 13.045223281045066], [80.27578507516472, 13.044319085151528], [80.27486282809475, 13.044316503795706], [80.27486282074277, 13.044319027036824], [80.27398065401907, 13.044316554790871], [80.2739832724243, 13.043418963480217], [80.27488153807126, 13.043421480644946], [80.27488417228152, 13.042517284806738], [80.27488154611665, 13.042517277452612], [80.27488417051845, 13.041616383786863], [80.27398064929065, 13.041613852220307], [80.27398326713326, 13.04071626109202], [80.27488153334738, 13.040718777773671], [80.27488416699269, 13.039814581747107], [80.27488154139164, 13.039814574395978], [80.27488416295725, 13.038914461102204], [80.27578243282773, 13.038916974346181], [80.27578506054493, 13.03801356190818], [80.2766833338822, 13.038016071875887], [80.2766833411901, 13.038013556197555], [80.27758423651082, 13.038016070362481], [80.27758685977749, 13.037111873605518], [80.2775842445191, 13.037111866312044], [80.27758685801551, 13.036210972585973], [80.27666464061168, 13.036208399219174], [80.27666463330512, 13.036210914736124], [80.27578244503506, 13.0362084499944], [80.27578505525688, 13.03531085951945], [80.27668332915988, 13.035313369005218], [80.27668595513424, 13.034409172240444], [80.27668333717862, 13.034409164931747], [80.27668595337254, 13.033508271220796], [80.27578244030933, 13.033505747423373], [80.27578504996997, 13.03260815713072], [80.27668332443868, 13.032610666134527], [80.27668594984952, 13.03170646918151], [80.27668333245627, 13.031706461875794], [80.27668594579758, 13.030806357139555], [80.2775842239195, 13.030808862708188], [80.27758684338751, 13.029905457944363], [80.27848512497359, 13.029907960238843], [80.27848774328267, 13.0290037627369], [80.27848513296685, 13.029003755470491], [80.27848774152196, 13.028102861717487], [80.27848513139313, 13.028102854452063], [80.27848773745546, 13.027202757155884], [80.2793860228809, 13.02720525585644], [80.27938863735946, 13.026301057986302], [80.2784851355052, 13.026298544937704], [80.27848773624058, 13.025400158659236], [80.27848512667269, 13.025400151396775], [80.27848773448036, 13.024499257639825], [80.27848512509946, 13.02449925037835], [80.2784877327203, 13.023598356620413], [80.27848512352637, 13.023598349359927], [80.27848773096034, 13.022697455601005], [80.2784851219534, 13.022697448341503], [80.2784877292005, 13.021796554581595], [80.2775655649576, 13.021793987211646], [80.27756555768505, 13.02179649701338], [80.2766646657823, 13.021793985700091], [80.27666204236104, 13.022698183338948], [80.27666465462335, 13.022698190625876], [80.27666204060097, 13.023599084121173], [80.27666465305049, 13.023599091409093], [80.27666203884077, 13.024499984903398], [80.2766646514775, 13.024499992192307], [80.27666203708043, 13.025400885685618], [80.27756554181467, 13.025403404935421], [80.27756294006281, 13.026300994772743], [80.27666465791991, 13.026298489924743], [80.27666465062426, 13.026301003664521], [80.27578242771287, 13.026298540567486], [80.27578503816389, 13.025400163736627], [80.2748628611433, 13.025397586056162], [80.27486285381225, 13.025400105896253], [80.27396196196881, 13.025397584544507], [80.27396195461952, 13.025400107515546], [80.27306106279443, 13.025397583032971], [80.2730610554269, 13.025400109134955], [80.27216016362016, 13.025397581521542], [80.2721575253659, 13.026301004379434], [80.27125926287398, 13.02629848085451], [80.27125925546886, 13.026301013381179], [80.27035836370007, 13.026298479343199], [80.27035835627662, 13.026301015001021], [80.26945746452625, 13.026298477832004], [80.26945745708448, 13.026301016620979], [80.26855656535257, 13.026298476320921], [80.26855655789242, 13.02630101824105], [80.267655666179, 13.026298474809948], [80.26765565870045, 13.026301019861231], [80.26675476700552, 13.02629847329909], [80.26675475950857, 13.02630102148153], [80.26585386783219, 13.026298471788344], [80.26585386031681, 13.02630102310194], [80.26495296865896, 13.026298470277709], [80.26495030401252, 13.027201918200157], [80.26405206791462, 13.027199369610603], [80.26404939760525, 13.02810356432293], [80.26405205659306, 13.028103571872453], [80.26404939584279, 13.029004465103618], [80.26495294666887, 13.02900702910301], [80.26495029652209, 13.02990536757878], [80.26495295263308, 13.02990537511187], [80.26495029475949, 13.030806268359578], [80.26587248975089, 13.030808882362383], [80.26587515401825, 13.029904687467063], [80.2658724979067, 13.02990467994342], [80.26587515004644, 13.029004536327164], [80.26675474507456, 13.029007026191378], [80.26675210140617, 13.029905370967388], [80.2676742934368, 13.029907978381901], [80.26767430091873, 13.029905432840035], [80.2685751960655, 13.029907976870602], [80.26857520352902, 13.029905434460494], [80.26947609869407, 13.029907975359189], [80.26947610613922, 13.029905436080838], [80.27037700132253, 13.029907973847664], [80.27037700874934, 13.02990543770107], [80.27125923951638, 13.0299079198561], [80.27125661185664, 13.030806280218492], [80.27216013714543, 13.030808819344857], [80.27215751253777, 13.031707182693847], [80.2721601429634, 13.031707190081885], [80.27215751077584, 13.032608083475507], [80.27216014138986, 13.03260809086455], [80.27215750901381, 13.033508984257171], [80.27216013981622, 13.033508991647215], [80.27215750725163, 13.03440988503883], [80.27306103004993, 13.034412421668744], [80.27305841019414, 13.035310012836872], [80.27216014631975, 13.035307490809965], [80.2721601389229, 13.03531002183117], [80.27127793046488, 13.035307541850703], [80.27128055898542, 13.034409182404104], [80.2703583495473, 13.034406586940861], [80.27035570284309, 13.035310017643877], [80.26945744880152, 13.03530748627277], [80.26945479639643, 13.0362116815188], [80.27035832929215, 13.03621422793044], [80.27035569707704, 13.0371125839948], [80.2703583351523, 13.03711259142553], [80.27035569531414, 13.038013484776236], [80.27035833357826, 13.038013492207977], [80.27035569355111, 13.038914385557671], [80.2703583320041, 13.038914392990423], [80.27035569402608, 13.039814522674613], [80.26945744093446, 13.03981199049325], [80.2694574334775, 13.039814531729712], [80.26855654176252, 13.03981198898053], [80.26855388513685, 13.040716183730215], [80.26855653048872, 13.040716191201764], [80.26855388559648, 13.041616327893285], [80.26765563944349, 13.041613789155697], [80.26765298138126, 13.042517230503028], [80.26677343006504, 13.04251474141486], [80.26677607630002, 13.041616399043718], [80.26585384110066, 13.041613786130391], [80.2658538335679, 13.04161634023146], [80.26495294192944, 13.041613784617914], [80.26495293437817, 13.041616341853551], [80.26405204275831, 13.041613783105541], [80.26404936939075, 13.042517976813796], [80.26405203142649, 13.042517984379744], [80.26404936762627, 13.043418877594455], [80.26497160913877, 13.043421497289689], [80.26497161669141, 13.043418939890069], [80.265853820683, 13.043421442781336], [80.26585117295002, 13.044319035723321], [80.26495293720872, 13.044316487148597], [80.2649502665408, 13.045220680852095], [80.26495292588632, 13.045220688402603], [80.26495026696875, 13.04612083934056], [80.2640520348904, 13.046118287322829], [80.2640493627522, 13.04702174195148], [80.26315113414616, 13.047019186653385], [80.26315112655163, 13.047021751145444], [80.26225023497595, 13.047019185140586], [80.26225022736286, 13.047021752768435], [80.26134933580586, 13.047019183627901], [80.26134932817416, 13.047021754391542], [80.26044843663591, 13.04701918211533], [80.26044842898557, 13.047021756014765], [80.25954753746606, 13.047019180602868], [80.25954752979706, 13.047021757638094], [80.2586653145283, 13.047019232577783], [80.25866798875677, 13.046121638602898], [80.25956619807057, 13.046124209239693], [80.25956888849232, 13.045220016699913], [80.25866531137903, 13.045217430867273], [80.2586679852245, 13.044319837013822], [80.25956619492445, 13.044322407321825], [80.25956620258964, 13.04431983094815], [80.26046709755606, 13.044322405809801], [80.2604671052026, 13.044319832571109], [80.26136800018753, 13.04432240429766], [80.26137068367899, 13.043418211263022], [80.26136800840708, 13.043418203631255], [80.26137068191403, 13.04251731024151], [80.26136800683356, 13.04251730261078], [80.26137068014921, 13.041616409220001], [80.26046711028441, 13.041613830359559], [80.26046977686539, 13.04071623704367], [80.26136799389583, 13.040718800462763], [80.26137067445214, 13.039815337852724], [80.262268894954, 13.039817897992327], [80.26226890255818, 13.039815331847372], [80.2631697975847, 13.039817896480503], [80.26317247357362, 13.038913702763583], [80.26226891076362, 13.038911130706344], [80.26227157245042, 13.03801280343808], [80.262268901587, 13.038012795831113], [80.26227157068635, 13.037111902416685], [80.26226890001413, 13.037111894810755], [80.2622715689224, 13.036211001395294], [80.26226889844139, 13.036210993790394], [80.26227156715858, 13.0353101003739], [80.26226889686878, 13.035310092770036], [80.26227156321684, 13.034409934687035], [80.2631511388236, 13.034412437691403], [80.26314848105957, 13.035310768873178], [80.26407069235229, 13.035313390176517], [80.26407336411393, 13.034409195961937], [80.2640707005332, 13.034409188396186], [80.26407336235059, 13.033508294940768], [80.2631511577406, 13.033505674003283], [80.26315115016155, 13.033508236027027], [80.2622689013213, 13.033505725572796], [80.26227156186788, 13.032607397309745], [80.26226889215164, 13.032607389708973], [80.26227156010457, 13.03170649628836], [80.26136799557516, 13.031703922405839], [80.26137065898122, 13.030805596961999], [80.26136798638935, 13.03080558934473], [80.26137065721804, 13.029904695940509], [80.26046708982986, 13.029902119239367], [80.26046975609448, 13.029003796613939], [80.25956618565773, 13.029001216928652], [80.25956885497071, 13.028102897287264], [80.25956617643847, 13.028102889635916], [80.25956885320768, 13.027201996265562], [80.25866527991381, 13.027199413763043], [80.25866795208368, 13.026301096938681], [80.2577457752772, 13.026298458196699], [80.25774576759487, 13.026301037690764], [80.25684487610499, 13.02629845668708], [80.25684217983952, 13.02720264998504], [80.25776435980204, 13.027205292121184], [80.25776436748473, 13.02720271262729], [80.2586466553964, 13.027205237397572], [80.25864398511094, 13.028102830425171], [80.2577457721363, 13.028100259882006], [80.25774576445188, 13.028102839707666], [80.25684487296434, 13.028100258372168], [80.25684217631286, 13.029004451544685], [80.25774575304985, 13.029007040745986], [80.25774307913517, 13.029904634042964], [80.25684486982317, 13.029902060057262], [80.25684486211799, 13.029904643346491], [80.25596257683053, 13.029902111963047], [80.25596525929026, 13.029003805090206], [80.25506167265851, 13.029001209653243], [80.25506435816533, 13.028102905763552], [80.25414217544912, 13.028100253843332], [80.25413947110735, 13.02900373944876], [80.25324127470755, 13.029001153176063], [80.25323856478667, 13.029905345541913], [80.25324126324884, 13.029905353317073], [80.25323856302255, 13.030806246321298], [80.25324126167801, 13.030806254097515], [80.2532385633657, 13.031706444075862], [80.25235896957281, 13.031703907852622], [80.25236166537337, 13.03080561391839], [80.2514394732251, 13.030802951841206], [80.25143675846984, 13.031706447283732], [80.25055716437122, 13.031703904943036], [80.2505598666504, 13.030805617311014], [80.24965626019885, 13.030803002634137], [80.24965896552406, 13.029904717984587], [80.24875535602673, 13.029902100325518], [80.2487580643975, 13.029003818658062], [80.24783587968157, 13.029001144121464], [80.2478358717895, 13.029003758562476], [80.24695354925402, 13.029001196563076], [80.24695626390836, 13.02810292102792], [80.24695353977357, 13.028102913113738], [80.2469562621437, 13.027202020004701], [80.2460340844786, 13.027199339421685], [80.24603135084655, 13.028102852875229], [80.24513318373913, 13.028100238754558], [80.24513317579132, 13.028102862422317], [80.24423228456877, 13.0281002372463], [80.24423227660196, 13.028102864045648], [80.2433313853985, 13.028100235738155], [80.24333137741272, 13.02810286566909], [80.24243048622837, 13.028100234230122], [80.24243047822354, 13.028102867292647], [80.24152958705835, 13.028100232722203], [80.2415268348362, 13.029004422708121], [80.2424304666293, 13.02900706546855], [80.24242773550968, 13.029905325183366], [80.24243047306541, 13.029905333185374], [80.24242773374417, 13.030806225961442], [80.24333136268862, 13.03080886591156], [80.24332863441788, 13.0317071284369], [80.24425082818873, 13.031709819557785], [80.24425083615915, 13.031707192252176], [80.24513315951839, 13.031709763951877], [80.2451304375315, 13.032608032609724], [80.24605263502191, 13.032610717501102], [80.2460553716063, 13.031706526817876], [80.24605264343263, 13.031706518880437], [80.24605536779272, 13.03080630264344], [80.2469535345146, 13.030808914071198], [80.24695354242705, 13.030806296330358], [80.24785443714605, 13.03080891256238], [80.24785444503955, 13.03080629795353], [80.24873675789198, 13.030808857187193], [80.24873404905638, 13.031707138618827], [80.24963765552131, 13.03170975668044], [80.2496349497317, 13.03260804109436], [80.24963766180771, 13.032608048947974], [80.24963494796675, 13.033508941873306], [80.24963766023698, 13.033508949727988], [80.24963494620165, 13.03440984265225], [80.25053855000644, 13.034412458068417], [80.25053584896025, 13.035310052920304], [80.24963766703254, 13.035307453031022], [80.24963494267112, 13.036211644210121], [80.24963765552404, 13.036211652068003], [80.24963494298021, 13.037111856541257], [80.24873676472149, 13.037109253204507], [80.24873675683868, 13.03711186602389], [80.24783586555183, 13.037109251694714], [80.2478358576501, 13.037111867647686], [80.2469349663823, 13.037109250185026], [80.2469322318175, 13.038013440675584], [80.24693495483858, 13.038013448592352], [80.24693223210241, 13.038913663372877], [80.24605266393792, 13.038911104501633], [80.24605538396686, 13.038012833981302], [80.24513316647332, 13.038010148007157], [80.24513315851361, 13.038012773529509], [80.24425085716145, 13.038010200738068], [80.24425358347776, 13.037111936353663], [80.24425084761238, 13.037111928371743], [80.24425358171149, 13.036211035330096], [80.24425084604196, 13.036211027349259], [80.24425357994532, 13.035310134306531], [80.24425084447168, 13.035310126326777], [80.2442535781793, 13.034409233282966], [80.24334994827376, 13.034406595868973], [80.24335267705129, 13.033508333956998], [80.24244904410084, 13.033505693561247], [80.24245177592307, 13.032607434630922], [80.24152957921447, 13.03260473692572], [80.24152957118513, 13.032607373966892], [80.24062868004515, 13.032604735417367], [80.24062867199673, 13.032607375591141], [80.23972778087592, 13.032604733909132], [80.23972502312208, 13.033508270162194], [80.23884543369225, 13.03350568774556], [80.23884817847257, 13.032607441422423], [80.23792598253786, 13.032604730892993], [80.23792597443202, 13.032607380464565], [80.23704362691731, 13.032604783985327], [80.23704637798005, 13.031706543794414], [80.23704361722365, 13.031706535666189], [80.2370463762136, 13.030805642769991], [80.2361427211753, 13.030802980826268], [80.23614547508379, 13.029904743443616], [80.236142711465, 13.029904735298398], [80.23614547331746, 13.029003842419081], [80.23522329130367, 13.029001123009861], [80.23522328314466, 13.029003781295968], [80.23434091283195, 13.029001176214823], [80.23434367282347, 13.02810294479056], [80.23342149453326, 13.028100219156006], [80.23342148633688, 13.028102883534482], [80.23253910605843, 13.028100272456923], [80.2325418723287, 13.027202047162051], [80.23253909627532, 13.027202038943168], [80.23254187056229, 13.02630114613709], [80.23253909470778, 13.026301137919324], [80.232541868796, 13.025400245112126], [80.23161970089659, 13.025397513624045], [80.2316169152431, 13.026301076534308], [80.23071880016083, 13.026298412957193], [80.23071879190879, 13.026301086386805], [80.22981790099206, 13.026298411450957], [80.22981789272067, 13.026301088011772], [80.22893549251194, 13.026298464943336], [80.22893827133672, 13.025400251905081], [80.22893548265448, 13.025400243611099], [80.2289382695701, 13.024499350879687], [80.22803458677369, 13.024496661787513], [80.22803736843825, 13.023598451552594], [80.22713368260375, 13.023595759483996], [80.2271364673062, 13.022697552225395], [80.22713367271147, 13.022697543896015], [80.22713646553972, 13.02179665119979], [80.22621431214763, 13.02179390123296], [80.22621430380434, 13.021796589454333], [80.22533187426463, 13.021793954877804], [80.22533466504142, 13.020895753570693], [80.22533186433625, 13.020895745204706], [80.22533466327495, 13.019994852544873], [80.22443096852872, 13.019992151723613], [80.22443376214224, 13.019093953217254], [80.22353006436006, 13.019091249421324], [80.2235328610093, 13.018193053889537], [80.22353005439676, 13.018193045488031], [80.22353285924298, 13.0172921528635], [80.22261072329725, 13.017289391021178], [80.22261071488177, 13.017292090895015], [80.22170982412834, 13.017289389517046], [80.22170981569334, 13.017292092520083], [80.22080892495954, 13.017289388013026], [80.22080891650499, 13.017292094145263], [80.21990802579086, 13.017289386509118], [80.21990519937508, 13.018192988312801], [80.21900712505818, 13.018190285843273], [80.21900711656333, 13.018192998408404], [80.21810622588983, 13.01819028433949], [80.21810339272182, 13.019093892536093], [80.21720532515761, 13.019091183673542], [80.21720531662237, 13.019093902672358], [80.21630442598962, 13.019091182169868], [80.21630158606834, 13.019994796760116], [80.21540352525786, 13.019992081503831], [80.2154035166821, 13.019994806937147], [80.21450262609021, 13.019992080000272], [80.21450261749474, 13.019994808563402], [80.21360172692266, 13.019992078496822], [80.21359887697197, 13.02089570259159], [80.2127008261916, 13.020892977830691], [80.21269797100197, 13.021797162143645], [80.21270081423181, 13.021797170775738], [80.21269796923373, 13.022698062918153], [80.21270081266735, 13.02269807155142], [80.21269796746539, 13.023598963692653], [80.21270081110279, 13.023598972327092], [80.21269796745376, 13.024499308246027], [80.21179992076902, 13.02449657967573], [80.21179706324146, 13.025400210865296], [80.21089902003838, 13.025397479009072], [80.21089615902889, 13.026301113484841], [80.20999811930797, 13.026298378342313], [80.20999525481605, 13.027202016104654], [80.20909721857777, 13.02719927767545], [80.20909435060292, 13.028102918724729], [80.20819631784781, 13.028100177008481], [80.20819630910306, 13.028102929072235], [80.20729541868212, 13.02810017550485], [80.20729540991746, 13.028102930700241], [80.20639451951655, 13.02810017400133], [80.20639164150343, 13.02900382456154], [80.20549361878726, 13.029001073334268], [80.20549360998152, 13.029003834970394], [80.20459271962204, 13.029001071830859], [80.2045927107963, 13.029003836598829], [80.20369182045694, 13.02900107032757], [80.2036918116112, 13.029003838227379], [80.20279092129195, 13.029001068824392], [80.20278802996114, 13.029904732008438], [80.20189002056358, 13.029901968157242], [80.20189001167655, 13.029904742499], [80.20100751805039, 13.029902023369706], [80.20101039804706, 13.029003908726368], [80.20008822379766, 13.029001064315539], [80.20008821487167, 13.029003844742714], [80.19918732463313, 13.029001062812808], [80.19918731568701, 13.029003846371836], [80.19828642546871, 13.029001061310197], [80.19828641650246, 13.02900384800107], [80.1973855263044, 13.029001059807694], [80.19738551731798, 13.029003849630413], [80.19648462714022, 13.029001058305308], [80.19648171286437, 13.029904743272109], [80.19560210241384, 13.029902014673354], [80.19560500183609, 13.029003918942623], [80.1956020918229, 13.029003909911262], [80.19560500006465, 13.028103017913196], [80.1946828303746, 13.028100154465825], [80.19467990975261, 13.029003845477423], [80.19380029563682, 13.029001110926941], [80.19380320132649, 13.028103021319296], [80.19288103204677, 13.02810015146206], [80.19288102296044, 13.028102956763751], [80.19199848885998, 13.028100207181275], [80.19200140081611, 13.027202123695984], [80.1910975846899, 13.027199304884698], [80.19110049967475, 13.026301224369348], [80.19019668052007, 13.0262984025884], [80.19019959853317, 13.025400325042611], [80.18927744007694, 13.025397442952718], [80.18927450042162, 13.026301152093419], [80.18837653935208, 13.026298342286054], [80.1883735962081, 13.027202054717575], [80.18747563862745, 13.027199241619286], [80.1874726919943, 13.028102957342002], [80.18657473790303, 13.028100140952416], [80.18657472867413, 13.028102968175713], [80.1856738387401, 13.028100139451487], [80.18567382949072, 13.028102969806449], [80.18477293957727, 13.028100137950673], [80.18477293030742, 13.028102971437301], [80.18389036539756, 13.028100194147587], [80.18389330501346, 13.027202588575765], [80.18479124642457, 13.02720541403509], [80.18479420408356, 13.026301236295057], [80.18387204353621, 13.026298334782512], [80.1838720342484, 13.0263011710362], [80.18298945966528, 13.026298391005492], [80.18299240356949, 13.02540033867246], [80.18298944879616, 13.025400329360775], [80.18299240179692, 13.02449943764152], [80.18208855393388, 13.024496587863874], [80.18209150065327, 13.023598538314603], [80.18116935072858, 13.023595627781543], [80.18116934138294, 13.02359847288029], [80.18026845156574, 13.023595626281837], [80.18026844219953, 13.023598474511246], [80.17936755240302, 13.023595624782246], [80.17936754301621, 13.02359847614232], [80.17846665324042, 13.023595623282766], [80.1784636732666, 13.024499799776125], [80.17846664085349, 13.0244998091794], [80.17846367149357, 13.02540070054649], [80.17846663929309, 13.025400709951045], [80.17846366972041, 13.02630160131685], [80.17938582902893, 13.026304522067644], [80.17938583841875, 13.026301670341121], [80.18028673166836, 13.02630452056783], [80.18028674103759, 13.026301671972377], [80.18116932590466, 13.026304461238972], [80.18116637523926, 13.027202507201268], [80.18207022353671, 13.027205360746475], [80.18206727589724, 13.02810340967652], [80.18207023130505, 13.02810341900252], [80.1820672755765, 13.029003868019489], [80.18116934136646, 13.029001032781961], [80.1811693320132, 13.029003878978154], [80.18026844220432, 13.0290010312816], [80.18026546748851, 13.029905207808422], [80.18116931965487, 13.029908065058416], [80.18116636814625, 13.030806110283997], [80.18207021728598, 13.030808964565518], [80.1820672688042, 13.031707012759682], [80.18297111491682, 13.031709864072338], [80.18296816946237, 13.03260791523547], [80.18297112267021, 13.032607924547253], [80.18296816914692, 13.03350837148304], [80.18207023272292, 13.03350553845005], [80.18207022338389, 13.033508382427833], [80.18116933356126, 13.033505536949036], [80.18116636105121, 13.034409713366708], [80.18116932120013, 13.034409722722167], [80.18116635927714, 13.035310614137382], [80.18116931963803, 13.035310623494107], [80.18116635894037, 13.036211077750615], [80.18026842971544, 13.036208237948085], [80.1802684203314, 13.036211088740867], [80.17936753055437, 13.036208236446967], [80.17936752114967, 13.036211090373232], [80.17848496381465, 13.036208293082964], [80.17848792622647, 13.035310258541218], [80.17758405964273, 13.035307390788246], [80.17758702508154, 13.034409359215598], [80.17758404863665, 13.03440934976748], [80.17758702330701, 13.033508458183986], [80.17758404707526, 13.033508448737152], [80.17758702153262, 13.032607557152378], [80.17758404551398, 13.032607547706826], [80.17758701975833, 13.03170665612077], [80.17758404395282, 13.0317066466765], [80.17758701798418, 13.030805755089164], [80.17666484243641, 13.030802826947033], [80.17666483297738, 13.030805689170398], [80.17576394327509, 13.030802825447022], [80.17576393379534, 13.030805690802671], [80.17486304411388, 13.030802823947127], [80.17486303461338, 13.030805692435049], [80.17396214495277, 13.030802822447335], [80.17396213543151, 13.03080569406755], [80.17307953878696, 13.030802879318887], [80.17308251935357, 13.02990486258594], [80.17307952768483, 13.029904853040543], [80.17308251757909, 13.029003961553796], [80.17216034975027, 13.029001017783456], [80.17216034019003, 13.029003895298416], [80.17125945058929, 13.029001016284225], [80.17125944100822, 13.029003896931068], [80.17035855142841, 13.029001014785107], [80.17035554075314, 13.029905189047145], [80.17125942852725, 13.029908080976785], [80.17125644140833, 13.03080609152276], [80.1712594365488, 13.030806101100925], [80.17125643963347, 13.031706992292248], [80.17125943498847, 13.03170700187171], [80.17125643785849, 13.032607893061732], [80.17125943342802, 13.032607902642498], [80.1712564360834, 13.033508793831208], [80.17125943186745, 13.033508803413275], [80.17125643430816, 13.034409694600685], [80.17125943030673, 13.034409704184053], [80.17125643253281, 13.035310595370161], [80.17217862350621, 13.03531354375734], [80.17217863307472, 13.035310665133142], [80.17306121754099, 13.035313483817507], [80.17305823561914, 13.036211499553081], [80.17398043034976, 13.036214441726525], [80.17398043987795, 13.036211569184019], [80.17488133299116, 13.036214440226193], [80.17488134249858, 13.036211570816974], [80.17576391355583, 13.036214380430348], [80.175760942518, 13.037111988437402], [80.17486303318972, 13.03710912977575], [80.174860036931, 13.0380133045059], [80.17486302074771, 13.03801331401124], [80.17486003515559, 13.038914205275805], [80.17486301918592, 13.038914214782437], [80.17486003474876, 13.039814693096664], [80.17398045701991, 13.039811889228588], [80.17398343647572, 13.03891387120051], [80.17307955284713, 13.038910986934388], [80.17308253397857, 13.038013378677448], [80.17398043347134, 13.038016243665108], [80.1739834329246, 13.037112069136402], [80.17306123486928, 13.037109126774768], [80.17305823341931, 13.038012894290354], [80.17217864867462, 13.038010084640467], [80.17218163418325, 13.037112072550055], [80.1721786375404, 13.037112062973447], [80.17218163240764, 13.036211171517786], [80.1712594381098, 13.036208222942005], [80.17125642898172, 13.037112396909112], [80.17125942562389, 13.037112406496387], [80.17125642853789, 13.038012897515733], [80.17035853582898, 13.03801002310627], [80.17035552432061, 13.03891380014467], [80.16947594240699, 13.038910981143594], [80.16947893784648, 13.038012978703977], [80.16947593120906, 13.038012969063432], [80.16947893607039, 13.03711207767138], [80.16855673907018, 13.037109119274286], [80.16855672941472, 13.037112010988128], [80.16767413406237, 13.037109176557504], [80.16767713425699, 13.036211567429916], [80.1685750144989, 13.036214450726153], [80.16857803184203, 13.035310668257166], [80.16947591558099, 13.035313548256658], [80.16947592521208, 13.035310660233186], [80.17037681822285, 13.035313546756997], [80.17037983011431, 13.034409372866703], [80.16945764291019, 13.034406418278117], [80.16945763327958, 13.034409306301773], [80.16855674375024, 13.034406416778571], [80.16855673409873, 13.034409307935324], [80.16765584459043, 13.03440641527914], [80.16765583491797, 13.03440930956899], [80.16677322676743, 13.034406472573881], [80.16677623085201, 13.033508478662036], [80.16677321551424, 13.033508468965243], [80.16677622778825, 13.03260796267549], [80.1676741056183, 13.032610848345458], [80.1676741152873, 13.03260795461351], [80.16857500826005, 13.032610846846348], [80.16857802604464, 13.031706673182514], [80.1676741246934, 13.031703771483947], [80.16767712489721, 13.0308057738565], [80.16767411346537, 13.030805764184606], [80.1676771231219, 13.0299048728237], [80.16767411190574, 13.029904863153117], [80.16767712004614, 13.029004361146164], [80.16857500202316, 13.029007242966507], [80.168575011666, 13.02900435310991], [80.16947590466432, 13.029007241467722], [80.16947891699586, 13.028103463584616], [80.17037680574623, 13.028106338999073], [80.17037981591415, 13.027202164606901], [80.17037681511665, 13.02720215500293], [80.17037981413968, 13.026301263574435], [80.16947592054638, 13.02629836930275], [80.16947891166996, 13.025400761227683], [80.17037680106955, 13.025403636089809], [80.17037981059116, 13.024499461509503], [80.16947591742543, 13.024496567611271], [80.16947890812, 13.023598959656395], [80.17037679795239, 13.023601834150288], [80.17037680754564, 13.02359895166902], [80.17127770059261, 13.023601832651932], [80.17127771016504, 13.02359895330114], [80.17217860323271, 13.023601831153462], [80.17218160443494, 13.022698063704338], [80.17307950431396, 13.022700928685438], [80.17308250338777, 13.021796753296679], [80.17307951364756, 13.02179674376295], [80.17308250161443, 13.020895852264546], [80.1730795120885, 13.020895842732115], [80.17308249984121, 13.019994951232418], [80.17307951052955, 13.019994941701283], [80.173082496702, 13.019094462171354], [80.17398040071953, 13.019097323309518], [80.17398041022315, 13.019094454272826], [80.1748813033587, 13.01909732181125], [80.17488429504115, 13.018193145759303], [80.17488131266776, 13.01819313627223], [80.17488429188202, 13.017292663820033], [80.1757639463489, 13.017295460366121], [80.17576097838672, 13.01819348927173], [80.17668310707813, 13.018196417845367], [80.17668609201432, 13.017292241319192], [80.17668311636399, 13.01729223187479], [80.176686088836, 13.016391766253983], [80.17756574629945, 13.016394556519154], [80.17756278501713, 13.017292591909435], [80.17848491079675, 13.01729551387946], [80.17848788898762, 13.01639133687998], [80.17848492005942, 13.016391327478143], [80.17848788721574, 13.015490435848509], [80.17756576810848, 13.015487514286855], [80.17756575869191, 13.015490370254648], [80.17666486894504, 13.015487512788575], [80.17666485950784, 13.015490371885228], [80.17578222007671, 13.015487569271613], [80.17578518732479, 13.01458953992785], [80.17486307217649, 13.014586608959757], [80.17486306269922, 13.014589474129775], [80.17396217301327, 13.014586607461927], [80.17396216351528, 13.014589475760603], [80.17307951069697, 13.014586664088958], [80.17308248743221, 13.01368864400755], [80.17216037624469, 13.01368570363433], [80.17215737712236, 13.014589469488632], [80.17127770548323, 13.014586661198532], [80.17128068868458, 13.013688647415773], [80.17127769436536, 13.013688637852171], [80.17128068691213, 13.012787746383436], [80.1703767997583, 13.012784858061897], [80.1703797857656, 13.011886847055164], [80.1703767886226, 13.011886837473373], [80.17037978399328, 13.010985946022723], [80.17037678706525, 13.010985936442234], [80.1703797822211, 13.010085044990287], [80.17037678550803, 13.0100850354111], [80.17037978044905, 13.00918414395785], [80.17037678395091, 13.009184134379968], [80.17037977867712, 13.008283242925414], [80.16947588935935, 13.008280352388766], [80.1694788775304, 13.007382343596607], [80.16855679048915, 13.007379391822619], [80.16855678087691, 13.007382277407082], [80.1676558913258, 13.007379390326454], [80.16765588169272, 13.007382279037971], [80.16677317998217, 13.007379447210951], [80.16677617763281, 13.006481447675302], [80.16585409455513, 13.006478486502953], [80.1658510729499, 13.007382661293473], [80.16585408202572, 13.007382670962787], [80.16585107117764, 13.008283562062344], [80.16675496998893, 13.008286465254546], [80.1667519718319, 13.009184464535405], [80.16765586762608, 13.00918736476698], [80.16765287248639, 13.010085367008575], [80.1676558757043, 13.010085376640074], [80.16765287071397, 13.010986267777657], [80.1676558741473, 13.010986277410472], [80.16765287025596, 13.01188677449238], [80.16675498438171, 13.011883892988484], [80.1667549747212, 13.011886785757971], [80.16587228516478, 13.01188394999348], [80.16587528711987, 13.010985954544168], [80.16495318761295, 13.010982989164221], [80.16495317791193, 13.010985888003264], [80.16405228845052, 13.010982987668068], [80.16404925923364, 13.011887161728454], [80.16495316536717, 13.011890071968853], [80.1649501598874, 13.012788064201954], [80.164953173512, 13.012788073900092], [80.16495015811425, 13.013688964970706], [80.16495317195499, 13.013688974670163], [80.16495015634098, 13.01458986573946], [80.1658722691771, 13.014592831937204], [80.16587529243894, 13.01368865764313], [80.16587227859748, 13.013688647954378], [80.16587528937134, 13.012788143786604], [80.16675496219797, 13.012790970036912], [80.1667519629686, 13.013688968380283], [80.16675497030194, 13.01368897803791], [80.16675196119557, 13.014589869149251], [80.16675496874456, 13.014589878808195], [80.16675196072437, 13.015490380168904], [80.16585407899272, 13.015487494818078], [80.16585406930604, 13.015490391461112], [80.16495317983077, 13.015487493321272], [80.16495015279406, 13.01639166727696], [80.16585405676886, 13.016394575307446], [80.165851053448, 13.017292569750985], [80.16585406489861, 13.017292579434786], [80.16585105296441, 13.018193084829662], [80.16495317515997, 13.018190195815526], [80.16495014875235, 13.019093987457717], [80.16405227444143, 13.01909109514982], [80.16405226470755, 13.019093998797642], [80.16315137528017, 13.0190910936528], [80.1631513655253, 13.019094000430307], [80.16226868720084, 13.019091150976369], [80.16227170380947, 13.018193169630749], [80.16226867586785, 13.018193159851466], [80.16227170203523, 13.017292268597316], [80.16134958007132, 13.01728928899713], [80.16134957027704, 13.017292201659277], [80.16044868091018, 13.017289287500667], [80.16044867109484, 13.017292203292097], [80.15954778174914, 13.017289286004317], [80.15954473590438, 13.018193096111393], [80.158646881032, 13.018190185338744], [80.15864383169212, 13.019093998740717], [80.15776417415734, 13.019091143753872], [80.15776720693555, 13.01819317816159], [80.15684508271073, 13.018190182346391], [80.1568450728096, 13.018193110843331], [80.15596236738143, 13.018190240021223], [80.15596540641012, 13.017292280540516], [80.15506146321479, 13.017289337733084], [80.1550645052596, 13.016391381212836], [80.1541423883409, 13.016388376198481], [80.15413932306096, 13.01729220476728], [80.15324148762514, 13.017289275533034], [80.15324147764055, 13.017292216358761], [80.15235875538738, 13.017289333402012], [80.15236180713212, 13.01639138633304], [80.1514396908602, 13.016388371712468], [80.15143661575284, 13.017292209605058], [80.15053879014513, 13.017289271047034], [80.15053878009668, 13.017292221260643], [80.14963789098536, 13.017289269551924], [80.14963788091559, 13.017292222894831], [80.14873699182571, 13.01728926805693], [80.14873698173459, 13.01729222452913], [80.14783609266617, 13.017289266562043], [80.14783300314207, 13.01819343639076], [80.14783607990633, 13.018193446498975]], [[80.20999805036647, 13.06593801516753], [80.2099951751165, 13.066842195750146], [80.20999803833918, 13.066842204500817], [80.20999517504266, 13.067742561651837], [80.20909714806628, 13.067739815332864], [80.20909427081853, 13.068643464275935], [80.20819624733596, 13.068640714661111], [80.20819336659409, 13.069544366900304], [80.20731390530842, 13.069541670913168], [80.20731677162296, 13.068643542046662], [80.20731389491898, 13.068643533223812], [80.20731676984748, 13.067742641018576], [80.207313893349, 13.067742632196927], [80.20731676807212, 13.066841739990496], [80.20731389177912, 13.066841731170037], [80.2073167662969, 13.06594083896241], [80.20641299641417, 13.065938066059358], [80.20641586515906, 13.065039939640327], [80.20641298601006, 13.065039930802207], [80.20641586338397, 13.06413903861214], [80.20549355770046, 13.06413620595363], [80.205493548848, 13.064138974508833], [80.20459265853982, 13.064136204445985], [80.20458976568204, 13.065039868286288], [80.20369175781072, 13.065037103774674], [80.20369174891682, 13.065039878787008], [80.20279085865042, 13.065037102267144], [80.20278795737826, 13.06594128132762], [80.20279084653392, 13.065941290237546], [80.20278795560257, 13.066842182100848], [80.20279084496462, 13.066842191011979], [80.20278795545815, 13.067742574549257], [80.20188995478442, 13.067739803267765], [80.20188705123377, 13.068643477174799], [80.20098905405597, 13.068640702596038], [80.20098904509675, 13.068643487741461], [80.20010668285369, 13.068640758431114], [80.20010957494516, 13.06774265467228], [80.19920577867266, 13.067739856128407], [80.19920867380546, 13.06684175535044], [80.19920576810561, 13.066841746348649], [80.19920867202917, 13.065940854321378], [80.1992057665369, 13.065940845320805], [80.19920867025301, 13.06503995329232], [80.19830487135245, 13.065037152128022], [80.1983077691131, 13.064139053970159], [80.19830486076927, 13.064139044951771], [80.1983077657468, 13.063238645870134], [80.1992057512408, 13.06324142866092], [80.19920866332548, 13.062337746693911], [80.20010665231477, 13.062340526188102], [80.2001066612849, 13.062337739330658], [80.20100755495626, 13.06234052468134], [80.20100756390622, 13.062337740962986], [80.20190845759765, 13.062340523174468], [80.20190846652743, 13.062337742595203], [80.20280936023892, 13.062340521667485], [80.2028122589696, 13.061436852353248], [80.20371026131197, 13.06143961919475], [80.20371027020026, 13.061436845071421], [80.20461116395289, 13.061439617687652], [80.20461117282107, 13.061436846703197], [80.20551206659368, 13.06143961618043], [80.20551495525862, 13.06053595639901], [80.20641296766607, 13.060538713707796], [80.20641297649291, 13.060535949178279], [80.20729534300224, 13.060538655409225], [80.20729247844669, 13.061436785989855], [80.20819624062463, 13.06143955490762], [80.20819337911102, 13.062337688469086], [80.20819624784349, 13.062337697253781], [80.20819337733654, 13.063238589242967], [80.20911568029351, 13.063241412080412], [80.20911568906389, 13.063238656437234], [80.20999803586865, 13.063241353903575], [80.2099951804404, 13.064139493427856], [80.21089893349028, 13.064142253401126], [80.2108960811054, 13.065040395907392], [80.21089894065206, 13.065040404635742], [80.21089608104181, 13.06594075801595], [80.20999805036647, 13.06593801516753]], [[80.20999807389639, 13.052424502612958], [80.20999520343585, 13.053328145457385], [80.20911568225995, 13.053325458520408], [80.20911853841206, 13.052427320132786], [80.20819627557103, 13.05242449959948], [80.20819626679415, 13.05242725643759], [80.20731387547484, 13.05242455476486], [80.20731673791043, 13.051526422513335], [80.20731386511044, 13.051526413713185], [80.20731673445012, 13.050626050938034], [80.20821475570095, 13.050628800076835], [80.20821763203251, 13.049725151758752], [80.20911565677271, 13.04972789760546], [80.20911566552529, 13.049725144610976], [80.21001655941143, 13.049727896099096], [80.21001656814406, 13.049725146240872], [80.21089895861348, 13.049727838175837], [80.21089610948052, 13.050625983519863], [80.21179985623867, 13.050628737674696], [80.21179701187548, 13.051526340212856], [80.21089897462701, 13.051523603282808], [80.2108961076558, 13.052427242834984], [80.20999807389639, 13.052424502612958]], [[80.20999809896402, 13.03801008922201], [80.20999809024602, 13.038012836963423], [80.2090971997994, 13.038010087716954], [80.2090971910615, 13.038012838592211], [80.2081963006349, 13.038010086212012], [80.2081934252034, 13.038914268347494], [80.20819628860615, 13.038914277101256], [80.20819342513576, 13.039814633493231], [80.2072953983395, 13.039811886380367], [80.20729538955935, 13.039814643877383], [80.20639449917545, 13.039811884875435], [80.20639161678892, 13.040716066489559], [80.20639448712289, 13.040716075285612], [80.20639161501724, 13.041616967263264], [80.20639448555664, 13.04161697606051], [80.2063916149298, 13.042517339749406], [80.20549359531479, 13.042514585879747], [80.20549358649107, 13.042517350177553], [80.20459269615134, 13.042514584374713], [80.2045898082677, 13.043418243981622], [80.20369179542239, 13.043415483705957], [80.20369178655741, 13.043418254451305], [80.20280934675556, 13.043415539008974], [80.2028122233559, 13.04251742075038], [80.2028093363048, 13.042517411862018], [80.20281222158349, 13.041616519721803], [80.202809334739, 13.041616510834643], [80.20281221816037, 13.040716134206814], [80.20371022528015, 13.040718896984481], [80.2037131157453, 13.039815235027453], [80.20461112635314, 13.039817994514296], [80.20461401500009, 13.038913813229604], [80.20461113529579, 13.038913804386171], [80.2046140115582, 13.038013435058673], [80.20551202586084, 13.038016191078736], [80.20551491082348, 13.037112009470041], [80.20459270554298, 13.037109179357104], [80.20459269670646, 13.037111945723966], [80.2037102383948, 13.037109234514258], [80.20371311031867, 13.036211111847383], [80.2027909087796, 13.036208275512633], [80.2027908999042, 13.036211047968752], [80.2019084316156, 13.036208330763847], [80.20191130981306, 13.035310214224747], [80.20190842115552, 13.03531020532596], [80.20191130804156, 13.034409313196074], [80.20190841959085, 13.034409304298492], [80.20191130627018, 13.033508412167398], [80.20100752431173, 13.033505626766123], [80.20101040349209, 13.032608023888038], [80.20190840592403, 13.032610791300057], [80.20191130107919, 13.031707124708236], [80.20280930699755, 13.031709888830841], [80.20280931586618, 13.031707117443245], [80.20369179640117, 13.031709830745546], [80.20368892542456, 13.032607954419527], [80.20461111383587, 13.03261078678954], [80.20461112266564, 13.032608021488766], [80.20549359322737, 13.032610728797628], [80.20549072852305, 13.033508858597648], [80.20641292067432, 13.033511684747348], [80.20641579964393, 13.032608033541123], [80.20731382174668, 13.032610782278004], [80.20731669723118, 13.031707134360236], [80.2081962923826, 13.031709823494413], [80.20819343759833, 13.032607962929953], [80.20911562702, 13.032610779269751], [80.2091184959478, 13.031707137576838], [80.20999809077581, 13.031709820593342], [80.20999524246862, 13.032607966333341], [80.2099980979195, 13.032607975039012], [80.20999524069853, 13.033508867107493], [80.21091743385789, 13.033511677225881], [80.21091744254934, 13.03350893367593], [80.21179988603551, 13.033511619595123], [80.21179704379954, 13.034409771285025], [80.2127192406959, 13.03441257518113], [80.2127192493489, 13.034409837720606], [80.21360168286165, 13.034412517644373], [80.21359884865916, 13.03531011878055], [80.21270080115625, 13.035307391226137], [80.21270079250132, 13.035310129038525], [80.21179990199093, 13.035307389721071], [80.2117970402592, 13.036211572833766], [80.2117998900091, 13.036211581504464], [80.21179704022846, 13.037111924021145], [80.21089899969455, 13.037109189890156], [80.2108961360127, 13.038012826641843], [80.20999809896402, 13.03801008922201]], [[80.18477285380551, 13.065944097442612], [80.18476990830096, 13.066841705803666], [80.18389043270773, 13.066838930584565], [80.18389338138907, 13.065941322420667], [80.18477285380551, 13.065944097442612]], [[80.18296811941568, 13.058733599898838], [80.18207018895292, 13.058730761789853], [80.18207017957833, 13.058733610881678], [80.18116928979454, 13.058730760285792], [80.18116631274862, 13.059634504141348], [80.1802683890715, 13.059631659615224], [80.18026837965428, 13.059634515167074], [80.17936748991346, 13.059631658111279], [80.17936748047553, 13.059634516801843], [80.17846659075556, 13.059631656607449], [80.17846658129689, 13.059634518436727], [80.17756569159775, 13.059631655103727], [80.17756270119268, 13.060535411613154], [80.17668320083986, 13.060532613045485], [80.17668617545242, 13.059634589810415], [80.17668318977368, 13.059634580305538], [80.17668617367424, 13.058733688778647], [80.1757638948467, 13.058730751263793], [80.17576388532697, 13.05873362232521], [80.17486299568914, 13.058730749760521], [80.17486298614857, 13.058733623960459], [80.17396209653165, 13.058730748257364], [80.17396208697026, 13.058733625595815], [80.17306119737431, 13.058730746754314], [80.17306118779206, 13.05873362723129], [80.17216029821708, 13.058730745251378], [80.17216028861392, 13.058733628866879], [80.17127778203404, 13.058730802651796], [80.17128077568896, 13.05783279800218], [80.17127777084622, 13.05783278837472], [80.17128077391033, 13.056931896969768], [80.1712777692824, 13.056931887343612], [80.17128077213182, 13.056030995937355], [80.1712777677187, 13.056030986312503], [80.17128076903538, 13.055130490383181], [80.17217865786324, 13.05513336508606], [80.17218166661539, 13.054229591211579], [80.17307955894422, 13.054232462614316], [80.17308256419568, 13.053328692039704], [80.17398046002499, 13.053331560142672], [80.1739804695778, 13.05332868409538], [80.17488136266864, 13.053331558640272], [80.1748813722006, 13.053328685730092], [80.17578226531217, 13.053331557137758], [80.17578227482333, 13.053328687364688], [80.17666478302895, 13.053331497132417], [80.17666180982197, 13.05422952178085], [80.17758407216245, 13.054232455101213], [80.17758706098945, 13.053328700108628], [80.17848497324206, 13.053331552629542], [80.17848498269093, 13.053328692267797], [80.17938587588512, 13.053331551126583], [80.17938588531328, 13.053328693901934], [80.18028677852807, 13.053331549623502], [80.18028678793554, 13.053328695535965], [80.18118768117091, 13.053331548120317], [80.1811876905577, 13.053328697169874], [80.18207017817366, 13.053331488432958], [80.18206722442687, 13.054229532028867], [80.18298948802052, 13.054232446081762], [80.18298949736732, 13.054229601223101], [80.18387197498964, 13.05423238648689], [80.1838690275196, 13.055130436214936], [80.18479129487025, 13.055133344042316], [80.18479130417712, 13.055130505276235], [80.18569219751276, 13.05513334253834], [80.18569515698948, 13.054229615414219], [80.1865930985903, 13.054232440066537], [80.1865931078548, 13.054229607757067], [80.18749400123244, 13.05423243856245], [80.18749401047644, 13.054229609390278], [80.18837647094651, 13.05423237923356], [80.18837353969528, 13.055130444751287], [80.189277368571, 13.055133278736506], [80.18927444035484, 13.05603134722984], [80.18927737620949, 13.056031356430783], [80.18927443857878, 13.05693224800145], [80.19017826462773, 13.05693507919294], [80.19017533923854, 13.057833150480207], [80.19017827224789, 13.057833159663195], [80.1901753389748, 13.058733586992533], [80.18927738222402, 13.058730773826397], [80.18927443475248, 13.05963448961972], [80.18837648149889, 13.059631673155796], [80.18837647226708, 13.059634500459284], [80.18747558233984, 13.059631671650836], [80.18747557308751, 13.059634502093028], [80.18659312800106, 13.05963172815874], [80.18659606670877, 13.05873366998655], [80.18569222382274, 13.058730825859776], [80.18569516556568, 13.057832770663687], [80.18477288799397, 13.057829865468786], [80.18477287868251, 13.057832704963088], [80.18387198883514, 13.057829863964495], [80.18387197950307, 13.057832706597104], [80.18297108967641, 13.05782986246032], [80.18296811941568, 13.058733599898838]], [[80.1676558661136, 13.016391289215026], [80.16677319556479, 13.016388455664819], [80.166776194058, 13.015490847753371], [80.16767407601314, 13.01549372991379], [80.1676740856572, 13.01549083971465], [80.16857497865267, 13.01549372841675], [80.16857498827584, 13.015490841346278], [80.16947588129206, 13.015493726919598], [80.16947589089439, 13.01549084297779], [80.17035855429968, 13.015493667126876], [80.17035556870033, 13.016391274741775], [80.16945767408427, 13.016388401638398], [80.16945466448891, 13.017292177368756], [80.16857500233908, 13.017289359400348], [80.1685779958814, 13.016391355626936], [80.1676558757598, 13.016388398643775], [80.1676558661136, 13.016391289215026]], [[80.1613708115336, 13.021796775470863], [80.16046688665965, 13.021793850621386], [80.16046990915528, 13.020896241183369], [80.16136776687259, 13.020899146215108], [80.16137080674427, 13.019995342010555], [80.16226866795664, 13.01999824374745], [80.16226867773301, 13.019995333840454], [80.16315135295193, 13.019998183468354], [80.16314833906877, 13.02089616770892], [80.16315136114974, 13.0208961774609], [80.16314833729427, 13.021797068477438], [80.16405224902675, 13.021799983936925], [80.1640492392146, 13.02269759313629], [80.16315136905112, 13.02269469697765], [80.16314833500127, 13.02359849576516], [80.162250468333, 13.023595596311418], [80.16225045855047, 13.02359850715436], [80.16136779238676, 13.023595653755995], [80.1613708133086, 13.022697676504412], [80.16136778102558, 13.022697666697422], [80.1613708115336, 13.021796775470863]], [[80.15416361537798, 13.02179713068077], [80.15504325709962, 13.021799998383267], [80.15504021484035, 13.022697609260732], [80.15416056995248, 13.022694741353847], [80.15416361537798, 13.02179713068077]], [[80.15594111965032, 13.020896154057361], [80.15594416777594, 13.020896163978112], [80.15594111905371, 13.021796706630322], [80.15506147100399, 13.021793841954002], [80.15506451413609, 13.020895886384345], [80.15506145949857, 13.020895876432037], [80.1550645111902, 13.01999533072511], [80.15594415940842, 13.019998195023904], [80.15594111965032, 13.020896154057361]], [[80.15326271068324, 13.019094426715851], [80.15414236258133, 13.019097296954145], [80.15413931657241, 13.019995249875914], [80.15414237099027, 13.019995259837726], [80.15413931479685, 13.02089615064335], [80.15414236943366, 13.020896160606519], [80.15413931418, 13.021796709855947], [80.15325966578469, 13.02179383906558], [80.15326271538572, 13.020895889798794], [80.153259654237, 13.020895879804002], [80.15326271360995, 13.019994988764271], [80.15325965268063, 13.019994978770837], [80.15326271068324, 13.019094426715851]], [[80.16585099967386, 13.045220115326492], [80.16497144029017, 13.045217279824499], [80.16497445217134, 13.044319669657781], [80.16585400838342, 13.044322504958025], [80.16585099967386, 13.045220115326492]], [[80.16585100500804, 13.04251741227683], [80.1649714356028, 13.042514577288436], [80.16497444683684, 13.04161696730216], [80.16585401307113, 13.0416198020888], [80.16585100500804, 13.04251741227683]], [[80.17306120343666, 13.049724617060011], [80.17216031384754, 13.049721736927493], [80.1721603042574, 13.049724618694675], [80.17127776638709, 13.049721794191086], [80.17128075790835, 13.048823787678108], [80.17037686221175, 13.048820891896336], [80.17037985676141, 13.04792288835412], [80.17037685101887, 13.047922878720106], [80.17037985498406, 13.047021987321616], [80.17037684945653, 13.047021977688905], [80.17037985320682, 13.046121086289112], [80.17037684789433, 13.046121076657709], [80.17037985142973, 13.045220185256607], [80.17037684633223, 13.045220175626511], [80.1703798483356, 13.044319679339774], [80.17125940352823, 13.044322496270627], [80.17125641299556, 13.0452205038343], [80.17217864067719, 13.045223454421842], [80.17217865026001, 13.045220573763979], [80.17306120034685, 13.04522339432976], [80.17305821608306, 13.046121408019594], [80.17398044752467, 13.04612435238861], [80.1739804570671, 13.046121477816891], [80.17486299716526, 13.046124292388154], [80.17486001917138, 13.047022312204877], [80.17576389479221, 13.047025191894745], [80.17576091982752, 13.047923214682514], [80.17576390273142, 13.047923224181272], [80.17576091805087, 13.048824115452513], [80.17576390116814, 13.04882412495256], [80.17576091764438, 13.049724602655363], [80.17486301132311, 13.049721741433368], [80.17486300179549, 13.04972461379102], [80.17396211216446, 13.049721739931293], [80.17396210261602, 13.049724615425458], [80.17306121300595, 13.04972173842934], [80.17306120343666, 13.049724617060011]], [[80.17307956222618, 13.044316392011584], [80.17308254598596, 13.043418378068342], [80.17217865805222, 13.043415489717072], [80.17218164483955, 13.042517478743703], [80.17217864690946, 13.042517469159288], [80.1721816430632, 13.041616577711428], [80.17125942874495, 13.041613627935444], [80.17125941914566, 13.041616511173594], [80.1703768497051, 13.04161368512888], [80.17037984122602, 13.040716076196796], [80.171277730228, 13.040718951074926], [80.17128073880994, 13.039815177023948], [80.17216031053555, 13.039817990043694], [80.17215732430945, 13.040716001694316], [80.17307953551256, 13.040718948073732], [80.17308253753164, 13.03981518024947], [80.17396210891921, 13.039817987147964], [80.17395912917264, 13.040716005108624], [80.17488134079666, 13.040718945072086], [80.17488135031053, 13.040716074741468], [80.17578224343855, 13.040718943571102], [80.17578523699167, 13.039814768818713], [80.17578225274704, 13.039814759321422], [80.17578523383729, 13.03891428430079], [80.17668314295727, 13.038917140132082], [80.17668613142187, 13.03801338512668], [80.17756570881468, 13.038016179445073], [80.1775627424509, 13.038914210395445], [80.17756571670054, 13.038914219839876], [80.17756274207282, 13.0398146882593], [80.17666482682627, 13.039811835275863], [80.17666183646831, 13.040716010229252], [80.17756570412404, 13.040718882310633], [80.17756273712502, 13.041616912706129], [80.17846660175236, 13.041619781817275], [80.17846363778193, 13.04251781518311], [80.17846660962203, 13.042517824611972], [80.17846363600637, 13.043418715953445], [80.17846660805915, 13.043418725383585], [80.17846363423068, 13.044319616723776], [80.17938586025392, 13.044322541440515], [80.17938586966929, 13.044319686048292], [80.18026839544372, 13.044322481784585], [80.18026543732084, 13.045220520907936], [80.18116929307104, 13.045223381290272], [80.18116633797841, 13.046121423385337], [80.18116930088298, 13.04612143275732], [80.18116633763171, 13.047021889931], [80.18026841096719, 13.047019047948105], [80.1802654334123, 13.047922792558833], [80.17936751024446, 13.047919947278922], [80.17936750082316, 13.04792280358758], [80.17846661108503, 13.047919945776506], [80.17846660164301, 13.04792280522126], [80.1775657119257, 13.0479199442742], [80.17756570246297, 13.047922806855057], [80.17668317892459, 13.047920001192487], [80.17668615056935, 13.047021975365842], [80.1757822747496, 13.047019098896838], [80.17578524942384, 13.046121076041624], [80.17488137057487, 13.046118196601471], [80.1748843482781, 13.045220176717296], [80.17398046640038, 13.045217294306383], [80.17398344713214, 13.044319277392871], [80.17307956222618, 13.044316392011584]], [[80.16767718049813, 13.059634987852375], [80.16855667936474, 13.059637816868042], [80.16855367675495, 13.060535427761511], [80.16767417471308, 13.060532598544757], [80.16767718049813, 13.059634987852375]], [[80.16857808519744, 13.062337691824249], [80.1694575738571, 13.062340518286298], [80.16945457385798, 13.063238129194819], [80.16857508202243, 13.063235302531906], [80.16857808519744, 13.062337691824249]], [[80.1739620744996, 13.059637808169347], [80.1739590914165, 13.060535418071401], [80.17307959039027, 13.060532607244134], [80.17308257664864, 13.059634997541856], [80.1739620744996, 13.059637808169347]], [[80.17307959352212, 13.06233440893673], [80.17308258020776, 13.061436799113906], [80.17396207136755, 13.061439610080274], [80.1739590878576, 13.062337220102876], [80.17307959352212, 13.06233440893673]], [[80.1820701985218, 13.041619776022236], [80.18206724895478, 13.042517383243673], [80.18118768258829, 13.04251460335704], [80.18119063532626, 13.041616996333438], [80.1820701985218, 13.041619776022236]], [[80.18296814817099, 13.04341872448609], [80.18297110391686, 13.043418733813063], [80.18296814784566, 13.044319183661283], [80.18208858832683, 13.044316406500451], [80.18209153967874, 13.043418360998063], [80.18208857740942, 13.043418351640444], [80.18209153646171, 13.042517898732328], [80.18297109614979, 13.042520675527859], [80.18296814817099, 13.04341872448609]], [[80.17758411285246, 13.06593801957673], [80.1775870854907, 13.065039994291347], [80.17668320867269, 13.06503711727891], [80.17668618434523, 13.064139094969264], [80.17668319759943, 13.064139085457949], [80.17668618256641, 13.063238193937492], [80.17668319603403, 13.063238184427464], [80.17668617941797, 13.06233770635884], [80.1775840862402, 13.062340563820408], [80.17758409572266, 13.062337698485393], [80.17848498888456, 13.06234056231647], [80.17848499834625, 13.062337700120572], [80.17936746493754, 13.06234050233215], [80.17936449934739, 13.063238534609482], [80.1802683625601, 13.06324140183603], [80.18026540000453, 13.06413943708903], [80.18026837041583, 13.06413944650717], [80.18026539822617, 13.065040337859541], [80.18026836884974, 13.065040347278956], [80.18026539785252, 13.06594081286108], [80.17936747895727, 13.065937963944252], [80.17936746951038, 13.065940823917185], [80.17846657980019, 13.06593796243966], [80.17846657033255, 13.065940825552714], [80.17758411285246, 13.06593801957673]], [[80.16947590026913, 13.014586658308454], [80.16947888860422, 13.01368905101435], [80.1703585574181, 13.013691865214733], [80.1703555722473, 13.014589472709526], [80.16947590026913, 13.014586658308454]], [[80.19830486036822, 13.058730846185268], [80.19830775668366, 13.057832746766048], [80.19738547622967, 13.057829886540702], [80.19738546720413, 13.057832682098866], [80.19650305358012, 13.057829942431814], [80.19650595617853, 13.05693184914928], [80.19558367947545, 13.056928982693849], [80.19558367041056, 13.056931784348995], [80.19468278031512, 13.056928981188312], [80.19468277122992, 13.05693178598155], [80.19380034418229, 13.056929037227247], [80.19380325630709, 13.056030953239006], [80.19289944000452, 13.056028134927118], [80.1929023536235, 13.055130529101888], [80.19380032129013, 13.055133328997531], [80.1938032527563, 13.054229151179623], [80.19380033037747, 13.054229142073215], [80.19380325098109, 13.053328250149937], [80.19380032881122, 13.053328241044762], [80.193803249206, 13.052427349120245], [80.19380032724511, 13.052427340016308], [80.19380324587692, 13.051526927561701], [80.1946827699928, 13.051529666215258], [80.19467986207097, 13.05242775438066], [80.19560212187497, 13.052430623087309], [80.19560504616312, 13.051526444678803], [80.19560213093813, 13.051526435616738], [80.19560504281576, 13.050626029996733], [80.19650302138429, 13.050628819649248], [80.1965030304195, 13.050626022567592], [80.19740392402474, 13.050628818144354], [80.19740393303971, 13.050626024199179], [80.19828636833176, 13.050628759456744], [80.19828347358965, 13.051526860430576], [80.199187265957, 13.051529658958067], [80.19918437425179, 13.052427762908659], [80.19918727336614, 13.052427771881085], [80.19918437247752, 13.053328663681473], [80.1991872717992, 13.053328672655114], [80.19918437230898, 13.05422906580172], [80.19828638165703, 13.054226284704491], [80.19828346649187, 13.055130463521401], [80.19920573713655, 13.055133319965245], [80.19920864734327, 13.054229639596324], [80.2000881604453, 13.054232360364592], [80.20008527136548, 13.05513046693269], [80.20100754241778, 13.05513331695358], [80.20101044605556, 13.05422964281905], [80.20188995883113, 13.054232357460352], [80.20188707623954, 13.055130470343533], [80.20280934769856, 13.055133313941464], [80.20280935659852, 13.05513053792513], [80.20369175564835, 13.05513325550811], [80.20368887934, 13.05603137452728], [80.20369176296053, 13.056031383403823], [80.20368887921379, 13.056931760783396], [80.20279087276215, 13.056928994742192], [80.20279086385901, 13.056931771292671], [80.20188997360091, 13.056928993235754], [80.20188707254603, 13.057832665019292], [80.20098907287256, 13.057829892565309], [80.20098906392789, 13.057832675570335], [80.20008817371168, 13.05782989105899], [80.20008816474682, 13.057832677202294], [80.1991872745509, 13.05782988955278], [80.19918436343184, 13.058733570867872], [80.19830486036822, 13.058730846185268]], [[80.1983048399852, 13.047019135149306], [80.19830773201396, 13.04612153088808], [80.19920572147704, 13.046124310303151], [80.1992057304455, 13.046121523525017], [80.20010662411654, 13.046124308798467], [80.20010663306482, 13.046121525155796], [80.20100752675593, 13.046124307293661], [80.20100753568406, 13.04612152678646], [80.20188997294424, 13.046124248887274], [80.2018870938401, 13.04702185286372], [80.20098909167119, 13.04701908253492], [80.20098908274106, 13.047021863399145], [80.20008819250887, 13.047019081029907], [80.20008818355862, 13.047021865029997], [80.1991872933467, 13.047019079525004], [80.19918728437626, 13.04702186666097], [80.1983048399852, 13.047019135149306]], [[80.1991873105604, 13.03710917033318], [80.19918730160335, 13.037111955501963], [80.19828641139704, 13.037109168829586], [80.19828350179719, 13.038012849173453], [80.19738551066978, 13.038010068161496], [80.19738550167115, 13.038012859776845], [80.19648461150675, 13.038010066658018], [80.19648460248791, 13.038012861407234], [80.19558371234385, 13.038010065154653], [80.19558370330476, 13.038012863037736], [80.19468281318106, 13.038010063651408], [80.1946828041217, 13.038012864668346], [80.19378191401837, 13.038010062148265], [80.19377898780803, 13.038913758238571], [80.19288101329225, 13.038910961480095], [80.19287808203734, 13.039815140159748], [80.19288100107228, 13.0398151492568], [80.19287808026402, 13.040716040931827], [80.1928809995079, 13.040716050030115], [80.19287808004313, 13.041616462890808], [80.19199851232948, 13.041613719903783], [80.19200142740608, 13.040715639144047], [80.19107921184069, 13.040712760143432], [80.19107920269634, 13.040715574237803], [80.19017831267882, 13.040712758640419], [80.1901783035141, 13.040715575869262], [80.18929580293921, 13.040712814706225], [80.18929872752831, 13.039814743229067], [80.18929579219049, 13.039814734040602], [80.18929872423627, 13.038914308475105], [80.19019668256654, 13.038917117605278], [80.19019962182126, 13.038013409298276], [80.19109758364303, 13.038016215135364], [80.19110052094433, 13.037112036729052], [80.19109759275632, 13.037112027585104], [80.19110051917117, 13.036211135699071], [80.1910975911928, 13.036211126556362], [80.19110051739814, 13.035310234669089], [80.1910975896294, 13.03531022552762], [80.19110051562524, 13.034409333639102], [80.19109758806611, 13.03440932449888], [80.19110051385245, 13.033508432609127], [80.19109758650296, 13.033508423470144], [80.1911005120798, 13.03260753157915], [80.19109758493993, 13.03260752244141], [80.19110050876542, 13.031707105394382], [80.19199847534269, 13.031709906862822], [80.19200140635243, 13.030806206216482], [80.19289937641878, 13.030809004393756], [80.19289938550803, 13.03080619873168], [80.19378190681479, 13.030808945736759], [80.19377900042451, 13.031707034914524], [80.19470118325793, 13.031709902356349], [80.1947011923079, 13.031707102778507], [80.19558370364054, 13.031709843792024], [80.19558080351906, 13.032607939093698], [80.19558371110685, 13.03260794812009], [80.19558080174711, 13.033508839866116], [80.19650299166042, 13.033511701284642], [80.19650590829141, 13.032607521356919], [80.19650300070299, 13.032607512340874], [80.19650590492392, 13.031707115052953], [80.19740389117219, 13.031709897848863], [80.19740390016149, 13.031707107667778], [80.19830479381004, 13.031709896346143], [80.19830480277916, 13.031707109297306], [80.19920569644778, 13.031709894843308], [80.19920570539675, 13.031707110926721], [80.20008819961774, 13.031709836544863], [80.20008531568764, 13.032607947609172], [80.20008820698261, 13.032607956534713], [80.20008531391628, 13.033508848382128], [80.2009890956823, 13.033511637000654], [80.200986216217, 13.034409240291492], [80.20008821441627, 13.034406469329744], [80.20008531037315, 13.03531064992804], [80.20098909255064, 13.035313438906122], [80.20098621267255, 13.036211042317621], [80.20008821128813, 13.036208271001172], [80.20008530845669, 13.037111944940404], [80.1991873105604, 13.03710917033318]], [[80.19289941806926, 13.043415523050438], [80.19290232876922, 13.042517918070054], [80.19378188646685, 13.042520658132082], [80.19377897893807, 13.043418263307457], [80.19289941806926, 13.043415523050438]], [[80.18569219876447, 13.044316412298475], [80.18569513715262, 13.04341835417309], [80.18569218792885, 13.043418344897733], [80.18569513537787, 13.04251745314244], [80.18569218636515, 13.042517443868343], [80.18569513212368, 13.04161700439243], [80.1865930766952, 13.041619826518186], [80.18659308594214, 13.041616996751618], [80.18749397933573, 13.04161982501562], [80.1874969290671, 13.04071610682794], [80.1883764944371, 13.04071886492349], [80.18837356632079, 13.04161693317851], [80.18927739206516, 13.041619764427926], [80.18927446698048, 13.042517835655449], [80.18927739968682, 13.042517844837684], [80.18927446520632, 13.043418736427089], [80.19017828812736, 13.043421564885918], [80.19017536738957, 13.044319170766453], [80.18927740726247, 13.044316360475213], [80.18927739807233, 13.044319181562722], [80.1883765081013, 13.044316358971995], [80.18837356072784, 13.045220075003932], [80.18749400554817, 13.045217316045752], [80.18749693766351, 13.044319251791704], [80.18657470977931, 13.044316355965886], [80.1865747005278, 13.044319186459237], [80.18569219876447, 13.044316412298475]], [[80.18749401532182, 13.062340547270876], [80.18749402457712, 13.062337716466088], [80.18839491796491, 13.062340545765702], [80.18839786927917, 13.06143682655264], [80.18927735759745, 13.0614395854135], [80.18927442791981, 13.062337652631093], [80.1892773652438, 13.062337661840774], [80.18927442614287, 13.063238553402693], [80.19017825365164, 13.063241385869208], [80.19017532831091, 13.06413899307728], [80.1892773728264, 13.06413617883325], [80.18927736360881, 13.064139003902966], [80.1883764736678, 13.064136177327635], [80.18837646442972, 13.064139005537058], [80.18747557450934, 13.064136175822131], [80.18747556525074, 13.064139007171258], [80.18659313583953, 13.064136232397376], [80.18659607559454, 13.063238175139414], [80.18659312499392, 13.06323816585691], [80.18659607234422, 13.062337724113295], [80.18749401532182, 13.062340547270876]], [[80.18569517978433, 13.065039978909144], [80.18569222549503, 13.06503996960355], [80.18569517654429, 13.06413952407427], [80.1865746553217, 13.064142292630676], [80.18657171527867, 13.065040349821158], [80.18657466303334, 13.065040359096143], [80.18657171497121, 13.065940801560817], [80.18569223636386, 13.065938032640855], [80.18569517978433, 13.065039978909144]], [[80.195602165424, 13.071346258238364], [80.19560508345883, 13.070445366297992], [80.19560216385516, 13.070445357210094], [80.19560508012286, 13.06954494655026], [80.1964845370007, 13.069547682374349], [80.19648163142665, 13.070445773241673], [80.19648454449293, 13.07044578229931], [80.19648162964951, 13.071346674014128], [80.19648454292386, 13.071346683072994], [80.19648162787225, 13.07224757478658], [80.19648454135465, 13.072247583846671], [80.19648162765995, 13.073147991920232], [80.1956021776489, 13.073145255407526], [80.1956050870137, 13.072247168357002], [80.19560216699297, 13.072247159266638], [80.19560508523621, 13.071346267327495], [80.195602165424, 13.071346258238364]], [[80.19650593862288, 13.048824230031453], [80.1973854722737, 13.048826959002094], [80.19738257629324, 13.049724563957962], [80.19650303946972, 13.049721834793205], [80.19650593862288, 13.048824230031453]], [[80.19828348777915, 13.044319654248847], [80.19828638828922, 13.044319663230505], [80.1982834860059, 13.045220555021569], [80.19828638672352, 13.045220564004442], [80.19828348583545, 13.046120958293407], [80.19740393580997, 13.046118232849352], [80.19740683247686, 13.045220134062788], [80.19650303163496, 13.045217330549681], [80.19650592975032, 13.044319726089727], [80.19740391306777, 13.04432251137931], [80.19740682733408, 13.04341882691199], [80.1982863808696, 13.043421551833063], [80.19828348777915, 13.044319654248847]], [[80.19828637303439, 13.047926056597897], [80.1982834805126, 13.048823661333385], [80.19740394051115, 13.04882093539575], [80.19740683620542, 13.047923330854166], [80.19828637303439, 13.047926056597897]], [[80.20371314944781, 13.056932350019665], [80.20461115611369, 13.056935112859984], [80.20461404868568, 13.056030932768689], [80.2046111650645, 13.056030923902425], [80.20461404525365, 13.05513055005257], [80.20551205561885, 13.055133309422443], [80.20551206445857, 13.055130542818528], [80.20641295825874, 13.055133307915877], [80.20641296707839, 13.055130544449439], [80.20731386089848, 13.055133306409202], [80.20731386969814, 13.055130546080226], [80.20819625161495, 13.055133248244607], [80.20819339152892, 13.056031383051844], [80.20909714923876, 13.056034147743421], [80.20909429389363, 13.05693175111679], [80.20819626773199, 13.056929003783189], [80.20819625894919, 13.056931761505213], [80.20729536857009, 13.056929002276073], [80.2072924872255, 13.057832655351055], [80.20639446784031, 13.057829901605603], [80.20639445901628, 13.057832665780957], [80.20549356867873, 13.057829900098607], [80.20549355983466, 13.057832667412232], [80.20459266951727, 13.057829898591716], [80.20459266065312, 13.057832669043625], [80.20371027445562, 13.057829954051966], [80.20371314944781, 13.056932350019665]], [[80.20551205828706, 13.050625516054907], [80.20551493396431, 13.049725146928056], [80.20639446264207, 13.04972784543781], [80.20639159729338, 13.050625975000246], [80.20639446988727, 13.050625983809441], [80.20639159552029, 13.051526875773934], [80.20639446831964, 13.051526884584323], [80.20639159542444, 13.052427250887108], [80.20551207025865, 13.052424551859728], [80.20551493918136, 13.051526425922178], [80.20551205985444, 13.05152641708198], [80.20551493740803, 13.050625524893906], [80.20551205828706, 13.050625516054907]], [[80.20549070716663, 13.045220044396949], [80.2046111551051, 13.045217343610759], [80.20461402396701, 13.044319740582727], [80.20549357285692, 13.04432244117675], [80.20549070716663, 13.045220044396949]], [[80.20279087057058, 13.047025148388363], [80.20278799286562, 13.047923265862757], [80.20279087789324, 13.04792327474855], [80.2027879927375, 13.04882365327895], [80.20190845355286, 13.048820942653366], [80.20191133462743, 13.047922828626387], [80.20190844307412, 13.04792281971067], [80.20191133121662, 13.047022438119194], [80.20279087057058, 13.047025148388363]], [[80.20280933935531, 13.045220629259681], [80.20369177290023, 13.045223345031998], [80.20368889884773, 13.046121466020288], [80.20369178020053, 13.046121474883595], [80.20368889873004, 13.04702184964276], [80.2028093530253, 13.047019142406409], [80.20281223044677, 13.046121024864718], [80.20190844884996, 13.046118240105535], [80.20191132766915, 13.045220636541426], [80.20280933046861, 13.045223403317934], [80.20280933935531, 13.045220629259681]], [[80.20821764090115, 13.054229655706319], [80.20909715237822, 13.054232345839862], [80.20909429744175, 13.0551299490923], [80.2082147827907, 13.05512725876747], [80.20821764090115, 13.054229655706319]], [[80.20641295621323, 13.047922811289686], [80.20641582800008, 13.047022446170379], [80.20731384679486, 13.047025197722142], [80.20731385558378, 13.047022438986156], [80.20819626573638, 13.047025139677563], [80.20819340918351, 13.047922742604298], [80.20729538424382, 13.047919993909805], [80.20729250496468, 13.048823645226793], [80.20641296659223, 13.048820949913187], [80.20641583145392, 13.047922820105066], [80.20641295621323, 13.047922811289686]], [[80.20729536967833, 13.04522333922556], [80.20729251028398, 13.046120942189505], [80.20641296188762, 13.046118247363935], [80.2064158244538, 13.045220644591712], [80.20729536967833, 13.04522333922556]], [[80.20190847642174, 13.07315133476452], [80.20191138255359, 13.072247156401884], [80.20100759174724, 13.072244363281984], [80.20101047980326, 13.071346757806294], [80.20190847328314, 13.071349532832864], [80.20190848222501, 13.071346750472024], [80.20280937592558, 13.071349531324795], [80.20280938484728, 13.071346752105052], [80.2037102785679, 13.07134952981661], [80.20371028746945, 13.07134675373796], [80.20459262657653, 13.071349471195473], [80.20458975147066, 13.072247076387788], [80.20369174525752, 13.072244310464553], [80.20369173635397, 13.072247086898862], [80.20279084609815, 13.072244308956154], [80.2027879431692, 13.073148487513388], [80.20279083397621, 13.07314849643297], [80.2027879430193, 13.07404888163931], [80.20188994379983, 13.074046109119925], [80.20188993485354, 13.074048892193497], [80.20100759488939, 13.074046164980592], [80.2010104833583, 13.073148559383911], [80.20190847642174, 13.07315133476452]], [[80.21001962820165, 13.148823728405109], [80.21001674306927, 13.148823719536361], [80.21001962641526, 13.147922827377203], [80.20911584773074, 13.147920047801001], [80.20911872364141, 13.14702243864847], [80.21001672940079, 13.147025200295051], [80.21001673826184, 13.147022431401739], [80.21091763205206, 13.147025198776829], [80.21092052219466, 13.146121023606065], [80.21091764096502, 13.146121014761107], [80.21092052040878, 13.145220122578275], [80.21091763938381, 13.145220113734501], [80.21092051696768, 13.144319739518151], [80.21181852996091, 13.144322494365188], [80.21182141618941, 13.143418318807809], [80.21181853886107, 13.143418309986592], [80.21182141440403, 13.142517417780128], [80.21181853728014, 13.1425174089601], [80.21182141261876, 13.141616516752453], [80.21091764189453, 13.141613744772119], [80.21092051148128, 13.140715617439344], [80.21001673769392, 13.140712842459175], [80.21001961034355, 13.139814718126134], [80.21001672726034, 13.139814709269322], [80.21001960855845, 13.138913817098246], [80.21001672568012, 13.138913808242625], [80.21001960512237, 13.138013432370718], [80.21091761624993, 13.138016189131308], [80.21092050434154, 13.137112013328231], [80.21091762515866, 13.137112004495174], [80.21092050255692, 13.136211112300458], [80.21091762357871, 13.13621110346859], [80.21092050077245, 13.135310211272687], [80.21091762199889, 13.13531020244201], [80.21092049898807, 13.134409310244914], [80.21091762041918, 13.13440930141543], [80.21092049720383, 13.133508409217148], [80.21091761883962, 13.133508400388848], [80.21092049375602, 13.132608029250415], [80.21181850942394, 13.132610781827289], [80.21182139298926, 13.131706605448128], [80.2118185183186, 13.131706596642351], [80.21182139120553, 13.130805704420474], [80.21181851673929, 13.130805695615884], [80.21182138774756, 13.1299053284987], [80.21271940733644, 13.129908077417488], [80.21272228699219, 13.129003900652124], [80.21179973849468, 13.129001076795028], [80.21179972969698, 13.129003836033787], [80.21091761976123, 13.129001132863053], [80.21092048483416, 13.12810352530131], [80.21181850153071, 13.128106277004912], [80.21182138407183, 13.127202100309871], [80.21089884249834, 13.127199273604239], [80.21089883368289, 13.127202035645231], [80.21001671398419, 13.127199329700979], [80.21001958192069, 13.126301722104188], [80.21091759572585, 13.126304476591777], [80.21091760453932, 13.126301714902889], [80.2118184983743, 13.126304475075942], [80.21182137882819, 13.125400824549144], [80.21271939944451, 13.125403572595614], [80.21272227807722, 13.124499395514428], [80.21181851447913, 13.124496630070668], [80.21182137694014, 13.123598496199287], [80.21181850410925, 13.123598487404191], [80.21182137347809, 13.122698122179425], [80.21271939471086, 13.122700869702465], [80.21272227104099, 13.121797223006372], [80.21362029578086, 13.121799967222563], [80.21362030452816, 13.121797215870549], [80.21452119842839, 13.121799965706932], [80.21452120715566, 13.12179721750726], [80.21540332860593, 13.121799906989034], [80.21540047951834, 13.122698054013597], [80.2163042262119, 13.122700806479038], [80.21630138018412, 13.123598956500075], [80.21720512381759, 13.12360170596875], [80.21720228085012, 13.124499858986663], [80.21720513090833, 13.124499867652988], [80.21720227906808, 13.125400759761511], [80.21720512932906, 13.12540076842901], [80.2172022772859, 13.126301660536374], [80.21720512774968, 13.126301669205038], [80.21720227550362, 13.127202561311227], [80.21720512617017, 13.127202569981058], [80.21720227544864, 13.128102916525311], [80.2163230338828, 13.128100240779942], [80.21632588084066, 13.127202091746863], [80.21540333826562, 13.127199281185613], [80.2154004705346, 13.128102919759659], [80.2145024375332, 13.128100180506811], [80.21449956459317, 13.129004357723474], [80.21450242551585, 13.129004366455655], [80.21449956281015, 13.129905258497997], [80.21450242393631, 13.129905267231358], [80.214499561027, 13.13080615927252], [80.21450242235665, 13.130806168007059], [80.21449955924372, 13.131707060047043], [80.21450242077687, 13.131707068782758], [80.21449955746033, 13.132607960821561], [80.21542212001991, 13.132610775759774], [80.21542498869451, 13.131707136549307], [80.21630421040562, 13.131709815985776], [80.21630136235812, 13.132607964247516], [80.21630421752587, 13.132607972944358], [80.21630136228995, 13.133508324211396], [80.215403327211, 13.1335055870503], [80.21540045634222, 13.13440976408385], [80.21540331520093, 13.134409772803052], [80.21540045455855, 13.135310664858471], [80.21540331362053, 13.135310673578852], [80.21540045447938, 13.136211028863888], [80.21450242331893, 13.136208288046179], [80.21449954854143, 13.13711246469413], [80.2154221279186, 13.137115280579913], [80.21542213664584, 13.137112532558417], [80.21632303056789, 13.13711527906221], [80.21632303927511, 13.137112534196465], [80.21720510009993, 13.137115220227214], [80.21720225410625, 13.138013370609368], [80.2181248374466, 13.138016176990162], [80.21812769743126, 13.137112546144683], [80.21902573851509, 13.137115274508423], [80.21902574716233, 13.137112539109921], [80.21992664116395, 13.137115272990266], [80.21992664979125, 13.137112540747513], [80.22082754381266, 13.137115271471997], [80.22082755242005, 13.137112542384989], [80.22172844646127, 13.137115269953618], [80.22172845504876, 13.137112544022354], [80.22261049520623, 13.137115211450963], [80.22260766880736, 13.138013380887791], [80.2235302533393, 13.138016167879561], [80.22353309349012, 13.137112555849722], [80.22441229357572, 13.137115208524843], [80.22440947370865, 13.138013384313037], [80.22531319117743, 13.138016108011334], [80.22531037617269, 13.138913714102415], [80.22441230925862, 13.138911007262616], [80.2244094701425, 13.13981518586444], [80.22441229735769, 13.139815194391375], [80.22440947014579, 13.140715517741164], [80.22351140694212, 13.140712807421204], [80.22351139838901, 13.140715527906726], [80.22261050778918, 13.140712805902055], [80.22261049921619, 13.140715529544325], [80.22170960863633, 13.140712804383023], [80.22170676098338, 13.141616423605345], [80.22080870790218, 13.141613703702593], [80.22080585673949, 13.1425173262344], [80.21990780716825, 13.142514603022063], [80.21990779853321, 13.142517336482387], [80.219006908016, 13.142514601503148], [80.21900689936099, 13.142517338120628], [80.21810600886384, 13.142514599984349], [80.21810600018885, 13.142517339758978], [80.21720510971181, 13.14251459846566], [80.21720224511753, 13.143418233719125], [80.2163042089788, 13.143415497785039], [80.21630420026261, 13.143418244048688], [80.21540330982711, 13.143415496266469], [80.21540043841391, 13.144319137968088], [80.21450240909456, 13.144316395585749], [80.21449953247944, 13.145220571664659], [80.21450239706515, 13.145220580418048], [80.21449953069414, 13.146121472439155], [80.21450239548335, 13.146121481193722], [80.21449952890872, 13.147022373213648], [80.21540328432359, 13.147025133609601], [80.215400429574, 13.147923275703024], [80.21632304953891, 13.147926090629005], [80.21632305826019, 13.14792334366674], [80.2172239521895, 13.14792608910988], [80.21722396089075, 13.147923345305779], [80.21810598028831, 13.147926030169659], [80.21810313514197, 13.148824181621924], [80.2190068778873, 13.148826929656233], [80.21900403580818, 13.149725084111498], [80.21990777548599, 13.149727829142524], [80.21990493647459, 13.150625986601177], [80.21990778254668, 13.150625995241432], [80.21990493642609, 13.151526337963864], [80.21900689219588, 13.151523609886057], [80.21900403217943, 13.152427240594262], [80.21810599146231, 13.152424509204364], [80.2181031279325, 13.153328143224925], [80.21720509072898, 13.153325408522573], [80.21720222197607, 13.15422958455613], [80.21720507872682, 13.154229593261071], [80.21720222189848, 13.15512994686725], [80.21630418841316, 13.155127208678657], [80.21630131765075, 13.156030849498537], [80.21540328768027, 13.15602810799655], [80.21540327892755, 13.156030859865957], [80.21450238853035, 13.156028106476569], [80.21450237975752, 13.156030861506146], [80.21360148938054, 13.156028104956697], [80.21360148058757, 13.156030863146453], [80.21270059023085, 13.156028103436947], [80.2127005814177, 13.156030864786867], [80.21181856984045, 13.15602815984749], [80.21182143941093, 13.15513003216776], [80.21181855942466, 13.155130023331093], [80.2118214376239, 13.15422913114006], [80.21091766405235, 13.154226356682036], [80.21092053648627, 13.153328231828452], [80.2109176536191, 13.15332822297396], [80.21092053469938, 13.152427330800649], [80.2109176520369, 13.15242732194735], [80.21092053291261, 13.151526429772844], [80.21091765045483, 13.151526420920737], [80.21092053112596, 13.150625528745044], [80.21091764887288, 13.15062551989413], [80.21092052933946, 13.149724627717246], [80.21001675351603, 13.14972185096518], [80.21001962820165, 13.148823728405109]], [[80.20911580347052, 13.122694823988178], [80.20911867365638, 13.12179721653842], [80.20999793349247, 13.121799915751387], [80.20999506649675, 13.122697523392153], [80.20911580347052, 13.122694823988178]], [[80.20911579242077, 13.116388518035508], [80.20911866117561, 13.115490911010964], [80.20999794454296, 13.115493609091732], [80.20999507897673, 13.116391216307287], [80.20911579242077, 13.116388518035508]], [[80.1784880757387, 13.110985945193377], [80.17756560221862, 13.11098300259183], [80.17756559266581, 13.110985878020799], [80.17666470306763, 13.110983001082023], [80.17666169714181, 13.111886771108386], [80.1757823877002, 13.11188395985716], [80.17578537765694, 13.1109859503391], [80.17488148350826, 13.11098305755462], [80.1748844765105, 13.110085051022484], [80.17398057931659, 13.110082155252368], [80.17398357406043, 13.10918454239353], [80.17488145982418, 13.109187418722296], [80.1748844716258, 13.108283643226722], [80.17578236090404, 13.108286516244156], [80.17578237049405, 13.108283635250421], [80.17666468730923, 13.108286455392262], [80.17666170116733, 13.109184468753563], [80.17756558491966, 13.109187354891617], [80.17756260182327, 13.110085371238577], [80.17848507199814, 13.110088313653147], [80.1784880708169, 13.109184550489733], [80.17938597307705, 13.109187411174888], [80.17938896974432, 13.108283240383772], [80.17938598237387, 13.108283230871944], [80.17938896659705, 13.107382750535342], [80.18026828561757, 13.107385548615195], [80.18026531271649, 13.108283574842122], [80.18026829352986, 13.108283584322901], [80.18026531093193, 13.109184475612556], [80.18026829195763, 13.109184485094614], [80.18026530914726, 13.110085376382983], [80.1802682903853, 13.11008538586632], [80.18026530736246, 13.110986277153412], [80.18026828881281, 13.110986286638033], [80.18026530694618, 13.111886764630835], [80.17936739894904, 13.111883906445188], [80.17936738943676, 13.111886775756854], [80.17848509555617, 13.1118839642251], [80.1784880757387, 13.110985945193377]], [[80.17846649812891, 13.10738227231436], [80.17758418507175, 13.107379458533982], [80.17758716745315, 13.106481441749775], [80.17758417395282, 13.106481432198718], [80.17758716566851, 13.105580540718034], [80.17758417238143, 13.105580531168265], [80.17758716253837, 13.104680044938172], [80.17846649196836, 13.104682848662137], [80.17846351318776, 13.105580869102418], [80.17936738957972, 13.10558374816152], [80.17936441384423, 13.106481771587003], [80.17936739751067, 13.106481781086071], [80.17936441342248, 13.107382261174232], [80.17846650765566, 13.107379400768558], [80.17846649812891, 13.10738227231436]], [[80.17848507510999, 13.100172253212973], [80.1784880525416, 13.099274231782173], [80.17848506402312, 13.099274222262322], [80.17848805075808, 13.098373330750551], [80.17848506245262, 13.098373321231989], [80.17848804761377, 13.097472840264098], [80.17938595265835, 13.097475698584878], [80.17938596214928, 13.097472832385481], [80.18028685530706, 13.097475697076467], [80.18028686477714, 13.097472834024034], [80.18116920210181, 13.097475636659969], [80.1811662347782, 13.098373668080445], [80.18208866217438, 13.098376595027469], [80.18209164502349, 13.09747284673477], [80.18297100047278, 13.097475633750296], [80.18296803965863, 13.098373671506437], [80.18297100830965, 13.098373680910786], [80.18296803787584, 13.099274572277212], [80.18387189651334, 13.099277434203795], [80.18386893853352, 13.100175474761024], [80.18387190433165, 13.100175484147178], [80.18386893675059, 13.101076375531907], [80.18387190276009, 13.101076384919326], [80.18386893638183, 13.10197684699277], [80.18297101284391, 13.101974003314698], [80.182971003429, 13.101976858020109], [80.18207011369105, 13.101974001805303], [80.18207010425537, 13.101976859658876], [80.18118778610555, 13.10197405927269], [80.18119075419355, 13.101076028704293], [80.18026831695634, 13.101073097953355], [80.18026830748032, 13.10107596192038], [80.17938597929913, 13.101073155515046], [80.17938895368698, 13.100175131100084], [80.17848507510999, 13.100172253212973]], [[80.17846653269405, 13.087562449950221], [80.17756564303835, 13.087559580929625], [80.17756264462898, 13.08846375275567], [80.17846652025696, 13.088466631475523], [80.17846354665281, 13.089364242487799], [80.17756563990137, 13.089361382595888], [80.17756264106461, 13.090265554295941], [80.17756562745238, 13.090265563813606], [80.17756263928224, 13.091166455066086], [80.177565625883, 13.091166464585038], [80.17756263885546, 13.092066947151082], [80.1766647360415, 13.092064083587788], [80.17666472649488, 13.09206695830975], [80.17578235311885, 13.092064141227963], [80.17578533840512, 13.091166127636196], [80.17578234198237, 13.091166118065264], [80.1757853366224, 13.090265226604265], [80.17578234041335, 13.090265217034629], [80.1757853348398, 13.089364325572333], [80.17578233884446, 13.089364316003989], [80.17578533305733, 13.088463424540405], [80.17488144422192, 13.088460536387736], [80.17488443191114, 13.087562525221118], [80.17488143307033, 13.08756251563444], [80.17488442879758, 13.08666202435729], [80.17578232323872, 13.08666489299025], [80.17578233279767, 13.086662016409926], [80.17668322588646, 13.086664891483597], [80.17668622572351, 13.085761126804996], [80.17756562578126, 13.085763930064148], [80.17756264819283, 13.08666195121538], [80.17848503118162, 13.086664888469956], [80.17848504067798, 13.086662021323283], [80.17938593382904, 13.08666488696297], [80.17938594330457, 13.086662022960839], [80.18026832177078, 13.086664826658945], [80.18026535511405, 13.087562437223493], [80.17936744134678, 13.087559583943918], [80.17936743186915, 13.087562448312474], [80.17846654219251, 13.087559582436716], [80.17846653269405, 13.087562449950221]], [[80.17846655630382, 13.079451474937654], [80.17846654681692, 13.079454340801187], [80.1775841363732, 13.079451532279158], [80.1775871108218, 13.078553922129935], [80.17848501707249, 13.07855677975232], [80.17848502655728, 13.078553914255673], [80.17938591971884, 13.078556778246314], [80.1793889077508, 13.077653024575222], [80.18026833746897, 13.077655817112024], [80.18026537153565, 13.078553849417004], [80.18026834534315, 13.078553858855573], [80.18026536975529, 13.079454750187491], [80.18118772657874, 13.079457676202264], [80.18119070824187, 13.078553928593463], [80.18208862765722, 13.078556773727605], [80.18208863705898, 13.078553920801895], [80.18298953030312, 13.078556772221146], [80.18298953968416, 13.07855392243817], [80.1838719326512, 13.078556712255383], [80.18386898093819, 13.079454321624409], [80.18297105208161, 13.079451482469906], [80.18296807528826, 13.080355656090594], [80.1838719295114, 13.080358514164029], [80.18386897737659, 13.08125612365389], [80.18297104894546, 13.081253284137436], [80.18296807172757, 13.082157457632208], [80.18297103656988, 13.082157467013692], [80.1829680713667, 13.083057927299395], [80.1820701466535, 13.083055084297865], [80.18206716572797, 13.083959257462617], [80.18207013426535, 13.083959266867357], [80.18206716535592, 13.084859730945341], [80.18116924436163, 13.084856884457974], [80.1811692349294, 13.084859741988485], [80.18028685363453, 13.084856941720316], [80.1802898195761, 13.083959331698237], [80.18118773441829, 13.083962181043775], [80.18119071854935, 13.08305800807867], [80.18028685049462, 13.083055140025978], [80.18028981740461, 13.082157108758715], [80.18028683947591, 13.082157099304894], [80.18028981562374, 13.08125620772734], [80.18028683790754, 13.081256198274797], [80.18028981384299, 13.080355306695973], [80.17938594317131, 13.08035243603159], [80.17938891269804, 13.079454407375701], [80.17846655630382, 13.079451474937654]], [[80.16495296647592, 13.126304493428401], [80.16494993487798, 13.12720210945257], [80.16407068038603, 13.127199255314308], [80.16407371517516, 13.126301639492034], [80.16495296647592, 13.126304493428401]], [[80.16315120796621, 13.115487482605763], [80.16315119806889, 13.115490409370974], [80.16225030881763, 13.115487481097219], [80.16225029889898, 13.115490411013633], [80.16134940966916, 13.115487479588788], [80.16134939972916, 13.115490412656403], [80.16044851052082, 13.115487478080466], [80.16044850055945, 13.115490414299288], [80.15954761137259, 13.115487476572262], [80.15954760138983, 13.11549041594229], [80.15864671222447, 13.11548747506417], [80.1586467022203, 13.1154904175854], [80.15776434159038, 13.115487534137527], [80.15776739645126, 13.114589917935565], [80.15866522150512, 13.114592851695269], [80.15866523150709, 13.114589909549537], [80.15956612415867, 13.11459285018739], [80.15956613413924, 13.114589911192459], [80.16046702681213, 13.114592848679399], [80.1604670367713, 13.11458991283527], [80.16136792946547, 13.114592847171295], [80.16136793940328, 13.11458991447797], [80.16226883211868, 13.114592845663077], [80.16227189142376, 13.11368902525766], [80.16316973320174, 13.113691943184357], [80.16316974309555, 13.113689016979281], [80.16407063585463, 13.113691941676024], [80.16407064572712, 13.113689018621546], [80.16495298849969, 13.11369188004268], [80.16494995872318, 13.114589851060913], [80.16495299678017, 13.114589860908719], [80.1649499581357, 13.115490396236872], [80.1640521071149, 13.115487484114423], [80.1640520972389, 13.115490407728434], [80.16315120796621, 13.115487482605763]], [[80.16407063121788, 13.10467965555044], [80.16407367166474, 13.103778764381874], [80.1640706296485, 13.103778754518405], [80.1640736686783, 13.102878219077752], [80.16497151967366, 13.102881128525308], [80.16497152950895, 13.10287821085666], [80.1658724223249, 13.102881127018053], [80.16587546681947, 13.101976958883805], [80.16587243178992, 13.101976949065463], [80.16587546381216, 13.101076420746587], [80.16677332183835, 13.101079323570708], [80.16677333162858, 13.101076412570201], [80.16765570804914, 13.101079262295055], [80.16765269104974, 13.101977245446923], [80.16855660566169, 13.101980161797032], [80.16855359170346, 13.102878147931122], [80.16945750327399, 13.10288106129873], [80.1694544923574, 13.10377905041542], [80.16945751143359, 13.103779060141452], [80.16945449057208, 13.104679951184554], [80.16945750986339, 13.104679960911895], [80.16945449004422, 13.105580476954774], [80.16857515574345, 13.105577642290807], [80.1685781702648, 13.104679656836122], [80.16765572255316, 13.104676680166252], [80.1676526851457, 13.105580480194305], [80.16675482183322, 13.105577579490317], [80.16675481203552, 13.105580491606307], [80.16585392268289, 13.105577577982519], [80.165853912864, 13.105580493247496], [80.16495302353268, 13.105577576474833], [80.16495301369257, 13.105580494888795], [80.16407064264854, 13.105577635019516], [80.16407367345087, 13.104679665415238], [80.16407063121788, 13.10467965555044]], [[80.14875531223404, 13.11368571790924], [80.14875839934203, 13.11278810014727], [80.14965619182671, 13.112791064823803], [80.14965929690563, 13.111887200985866], [80.1505386047458, 13.1118901013941], [80.15053552327404, 13.112788022039593], [80.15053861336874, 13.112788032227703], [80.15053552252378, 13.113688620150263], [80.1496377238865, 13.11368565832978], [80.14963771366966, 13.113688631983814], [80.14875531223404, 13.11368571790924]], [[80.15506160324028, 13.103778771470243], [80.15506467623995, 13.10287788051297], [80.1550616016722, 13.102877870437146], [80.15506467335257, 13.101977302090475], [80.15594401710173, 13.101980182144306], [80.15594095756774, 13.102878123907061], [80.15594402558109, 13.10287813395094], [80.15594095578079, 13.103779024674566], [80.15594402401277, 13.103779034719798], [80.15594095510197, 13.104679600242626], [80.155061614882, 13.104676719638908], [80.15506467802712, 13.103778781547428], [80.15506160324028, 13.103778771470243]], [[80.15684184682094, 13.110085004726153], [80.15596252692272, 13.110082126160313], [80.15596558701205, 13.109184509985935], [80.15684490372317, 13.109187388347907], [80.15684184682094, 13.110085004726153]], [[80.15506162116154, 13.108280323017372], [80.1550646840814, 13.107382706796065], [80.15594400768256, 13.107385587887208], [80.15594094794935, 13.108283204312608], [80.15506162116154, 13.108280323017372]], [[80.15956615255969, 13.124499486742614], [80.15956921305163, 13.123598929025883], [80.16044847529653, 13.123601797838623], [80.16044542684904, 13.124499750922311], [80.1604484836976, 13.124499760891474], [80.16044542620098, 13.125400315530998], [80.1595661641287, 13.125397446343417], [80.15956921597383, 13.12449949674365], [80.15956615255969, 13.124499486742614]], [[80.16857822567955, 13.132607588854523], [80.16765567384031, 13.132604605958777], [80.16765566402415, 13.13260752049464], [80.16677339769916, 13.132604664759475], [80.16677642517188, 13.131706691259485], [80.16587249350195, 13.131703762456482], [80.16587552402288, 13.130805791945367], [80.16587248207142, 13.13080578208453], [80.16587552223332, 13.129904890912167], [80.1658724804982, 13.129904881052658], [80.1658755192453, 13.12900434509224], [80.16677337052846, 13.129007253639267], [80.16677338035974, 13.129004336877546], [80.16767427318287, 13.129007252128634], [80.1676742829929, 13.129004338520922], [80.16857517583718, 13.129007250617887], [80.16857518562598, 13.129004340164185], [80.16947607849136, 13.129007249107032], [80.16947608825897, 13.12900434180733], [80.17035835683335, 13.129007187556118], [80.17035534297464, 13.129905174437958], [80.17035836500617, 13.129905184180947], [80.17035534118578, 13.13080607520715], [80.17035836343224, 13.130806084951454], [80.17035533939679, 13.131706975976343], [80.17035836185819, 13.13170698572196], [80.17035533760767, 13.132607876745537], [80.170358360284, 13.132607886492467], [80.17035533706293, 13.13350840683293], [80.16945747056089, 13.133505509813736], [80.16945746078584, 13.133508418224762], [80.16857520451896, 13.133505568520135], [80.16857822567955, 13.132607588854523]], [[80.17035534780095, 13.12810300073663], [80.16947609769073, 13.12810016490006], [80.16947911306437, 13.127202550009109], [80.17035835998321, 13.127205385645093], [80.17035534780095, 13.12810300073663]], [[80.16947607565712, 13.11548755305307], [80.1694790880252, 13.114589939009248], [80.17035838201829, 13.114592772267418], [80.1703553728386, 13.115490386511844], [80.16947607565712, 13.11548755305307]], [[80.17398056045228, 13.099271345093113], [80.17398355263427, 13.098373732959839], [80.17486290623508, 13.098376547796235], [80.17485991723761, 13.09927416012903], [80.17398056045228, 13.099271345093113]], [[80.17846356981823, 13.07765252928922], [80.17758413323548, 13.077649730585446], [80.17758710725906, 13.076752120556977], [80.17846654066246, 13.076754919062076], [80.17846356981823, 13.07765252928922]], [[80.17578236568689, 13.099271348001967], [80.17578535133997, 13.09837373619645], [80.1766647046045, 13.098376544887604], [80.17666172213592, 13.099274156892212], [80.17578236568689, 13.099271348001967]], [[80.17217882604098, 13.139811880276547], [80.17218183438098, 13.13891426509158], [80.1730610370376, 13.138917093691848], [80.17305803189178, 13.139814709076738], [80.17217882604098, 13.139811880276547]], [[80.19828627957418, 13.112784839019893], [80.19828335242273, 13.11368853429153], [80.19740405367672, 13.113685796521063], [80.19740696584778, 13.112787711260308], [80.19648448126752, 13.112784835994765], [80.1964815475163, 13.113688537526835], [80.19558358054007, 13.11368573531775], [80.19558064175406, 13.114589909376896], [80.19558356829683, 13.114589918515213], [80.19558063997061, 13.115490810149165], [80.19648445676204, 13.115493630973786], [80.19648154063138, 13.116391712634861], [80.19648446431061, 13.116391721755173], [80.19648154038002, 13.117292141580707], [80.19558357424174, 13.117289338659269], [80.19558356509431, 13.117292152340873], [80.19468267508927, 13.117289337146447], [80.19468266592135, 13.117292153979605], [80.19378177593693, 13.117289335633734], [80.19377883123485, 13.118193047449157], [80.19289954847152, 13.118190293474699], [80.1929024779771, 13.117292224975937], [80.19289953768651, 13.117292215762328], [80.19290247619293, 13.116391323946026], [80.19289953611165, 13.116391314733658], [80.19290247440888, 13.115490422916109], [80.1928995345369, 13.115490413704988], [80.19290247262497, 13.114589521886202], [80.19199863954992, 13.114586688622305], [80.1920015714829, 13.113688622569956], [80.19107908477658, 13.113685727756941], [80.1910790755314, 13.113688556474685], [80.1901781856242, 13.113685726245116], [80.19017817635844, 13.113688558113617], [80.18927728647198, 13.1136857247334], [80.18927727718557, 13.113688559752676], [80.18837638731985, 13.113685723221806], [80.18837637801279, 13.113688561391838], [80.18747548816783, 13.113685721710318], [80.1874754788401, 13.113688563031115], [80.18659322226856, 13.113685779029614], [80.18659617211229, 13.112788168206746], [80.18749410321617, 13.112791001452292], [80.18749707112119, 13.111886829078822], [80.18659321911906, 13.111883977333664], [80.18659616997776, 13.110985929762274], [80.18659320820008, 13.110985920412979], [80.18659616819366, 13.11008502873161], [80.1865932066269, 13.110085019383579], [80.18659616640967, 13.109184127700948], [80.18659320505385, 13.10918411835418], [80.18659616462583, 13.108283226670292], [80.18569231020429, 13.108280372485336], [80.1856952634822, 13.107382327353315], [80.18569229927026, 13.107382317988364], [80.18569526169848, 13.106481426322551], [80.1856922976977, 13.106481416958864], [80.18569525991491, 13.10558052529179], [80.18569229612528, 13.105580515929365], [80.18569525813143, 13.104679624261028], [80.18569229455296, 13.104679614899872], [80.18569525491644, 13.103779158715096], [80.18657458620358, 13.103781934607452], [80.18657163694185, 13.1046799837555], [80.18747548381499, 13.10468283410529], [80.18747253760041, 13.105580886239947], [80.18839499328459, 13.105583792202149], [80.18839500257954, 13.105580955842681], [80.18929589593321, 13.105583790691632], [80.18929590520753, 13.105580957480925], [80.19019679858171, 13.10558378918101], [80.19019680783543, 13.10558095911905], [80.19107907898187, 13.105583729233532], [80.1910761455859, 13.106481793863555], [80.1919799765927, 13.106484628730254], [80.1919770462456, 13.107382696348202], [80.19197998423326, 13.107382705558651], [80.19197704446269, 13.108283597120046], [80.19197998265963, 13.108283606331742], [80.19197704267967, 13.10918449789189], [80.1919799810859, 13.109184507104828], [80.1919770408965, 13.11008539866373], [80.19289951439181, 13.110088289482546], [80.19289952359006, 13.110085467966636], [80.19380041704044, 13.110088287970925], [80.19380336128287, 13.109184113993775], [80.1938004261544, 13.109184104811883], [80.1938033579884, 13.10828367721168], [80.194701316542, 13.108286484525994], [80.19470132569676, 13.108283669668857], [80.19560221919016, 13.108286483014366], [80.19560222832445, 13.108283671306577], [80.19650312183822, 13.108286481502624], [80.19650313095205, 13.10828367294418], [80.19740402448618, 13.108286479990767], [80.19740403357957, 13.108283674581669], [80.19828626774138, 13.108286420436151], [80.19828335978265, 13.10918450988061], [80.19920583135571, 13.109187377932779], [80.19920584040955, 13.109184578643738], [80.20008806453714, 13.10918731847333], [80.20008516288814, 13.110085414077767], [80.20098896214681, 13.110088217967824], [80.20098606355012, 13.110986316562808], [80.20098896958622, 13.110986325573807], [80.20098606334926, 13.111886727413204], [80.20008807945604, 13.11188394120955], [80.20008515911282, 13.112787630043474], [80.19918717872767, 13.11278484053262], [80.19918716966816, 13.112787640714958], [80.19828627957418, 13.112784839019893]], [[80.20010964630399, 13.104680085376131], [80.20098897160243, 13.104682812253525], [80.20098607424093, 13.105580911925214], [80.20098897903529, 13.105580920928912], [80.2009860740448, 13.10648132133506], [80.20010674891799, 13.106478594100803], [80.20010964966325, 13.105580497889777], [80.20010673831331, 13.105580488855828], [80.20010964630399, 13.104680085376131]], [[80.19918718070332, 13.105580917546341], [80.1991842675723, 13.106481809274692], [80.19918717912903, 13.10648181832028], [80.19918426579048, 13.107382710047403], [80.19918717755459, 13.107382719094215], [80.19918426557457, 13.108283126594802], [80.1983049468376, 13.108280392884048], [80.19830785451036, 13.107382303371942], [80.19830493618969, 13.107382294294801], [80.19830785272828, 13.1064814023427], [80.19738539143884, 13.1064785316582], [80.19738538234711, 13.10648133688844], [80.19648449228475, 13.106478530146452], [80.1964844831726, 13.106481338525843], [80.19560223583885, 13.106478586813642], [80.19560515287006, 13.105580506449826], [80.1947013316479, 13.105577684507676], [80.19470425172878, 13.104679607132496], [80.19470132092282, 13.104679597977293], [80.19470424842252, 13.103779174888016], [80.19560221132438, 13.103781978181878], [80.19560514599004, 13.102878275716522], [80.19650311239894, 13.102881075704286], [80.19650604355783, 13.101977376544754], [80.1974040134733, 13.101980173226792], [80.1974069411259, 13.10107647737272], [80.19828628034315, 13.101079212814703], [80.19828337403683, 13.101977303699723], [80.199187177955, 13.101980112310459], [80.19918427469842, 13.102878206183805], [80.2000880755666, 13.102881011805934], [80.20008517536024, 13.103779108667984], [80.2000880830177, 13.10377911768957], [80.20008517515663, 13.104679520925448], [80.19918719289474, 13.104676733010445], [80.19918426935403, 13.105580908501972], [80.19918718070332, 13.105580917546341]], [[80.19918719486641, 13.097472810580806], [80.19918428517663, 13.098373215449529], [80.19828630475119, 13.098370425649012], [80.19828629569089, 13.098373226120474], [80.1974040268987, 13.098370482086658], [80.19740693555475, 13.097472393761397], [80.19650312270984, 13.097469579781219], [80.19650603441401, 13.0965714944431], [80.1955836104299, 13.09656861944605], [80.19558360131086, 13.096571429000585], [80.19468271127475, 13.096568617935727], [80.19467977317382, 13.097472792992246], [80.19558358907996, 13.097475613372737], [80.1955806753718, 13.09837322191406], [80.1946827081308, 13.098370419606177], [80.19467977113887, 13.099274124544078], [80.19380041801227, 13.099271377109893], [80.19380333989623, 13.098373301636414], [80.19380040727634, 13.098373292469393], [80.19380333811485, 13.097472400606641], [80.19380040570398, 13.097472391440856], [80.19380333633357, 13.096571499576877], [80.19288091296477, 13.096568614915425], [80.19287796829063, 13.097472789569391], [80.19288090070083, 13.097472798745656], [80.19287796801916, 13.098373226763414], [80.19199861120792, 13.098370473349041], [80.1920015393942, 13.097472404029936], [80.19199860043258, 13.097472394823145], [80.1920015376127, 13.096571502999952], [80.19109770544608, 13.096568670196334], [80.1911006364706, 13.095670603681564], [80.19017821707186, 13.095667709551137], [80.19017526423205, 13.096571429585381], [80.18927731634619, 13.096568608876167], [80.18927730708359, 13.096571440459288], [80.18837641719183, 13.096568607366638], [80.1883734575492, 13.097472333833217], [80.18749409655692, 13.097469565222122], [80.1874970408085, 13.096571511559606], [80.18657461888347, 13.09656860434791], [80.18657460955899, 13.096571445371863], [80.18569228975275, 13.09656866146355], [80.18569524030379, 13.095670613953505], [80.18479138556467, 13.09566775916069], [80.18479433916008, 13.094769714635033], [80.18389048137684, 13.094766856858113], [80.18389343659554, 13.093869246821082], [80.18479136226759, 13.093872085661422], [80.18479137162882, 13.0938692390713], [80.18569226491515, 13.093872084152771], [80.1856922742557, 13.093869240708802], [80.1865931675626, 13.093872082644014], [80.18659613287039, 13.092968350884124], [80.18749406863957, 13.09297118016763], [80.18749703189995, 13.092067006406982], [80.18749407782542, 13.092066997104816], [80.18749703011862, 13.091166105376463], [80.18657462830595, 13.091163199342501], [80.18657461898903, 13.091166039277523], [80.18567372915122, 13.091163197833957], [80.18567371981368, 13.091166040914725], [80.1847913777055, 13.091163254922243], [80.18479432881827, 13.090265645289154], [80.18569225863543, 13.090268480281852], [80.18569522638914, 13.089364746118319], [80.18659315971266, 13.0893675778059], [80.18659316902624, 13.089364738415567], [80.18749406235939, 13.08936757629757], [80.18749407165235, 13.08936474005237], [80.18839496500601, 13.089367574789126], [80.18839792266611, 13.088463850179291], [80.18929586608256, 13.088466672313269], [80.1892988202376, 13.087562951007548], [80.19019676715887, 13.08756576983751], [80.19019971780936, 13.08666205183553], [80.19109766823496, 13.086664867361849], [80.19109767744193, 13.086662044238707], [80.19199857088076, 13.086664865853283], [80.19199858006724, 13.08666204587467], [80.19289947352647, 13.086664864344604], [80.19289948269245, 13.086662047510513], [80.19378180958121, 13.086664804846258], [80.19377889031792, 13.08756288278787], [80.19468270719699, 13.087565704344524], [80.19467979097851, 13.088463785270253], [80.19558360481251, 13.088466603842507], [80.19558069163932, 13.089364687752745], [80.19558361234843, 13.089364696856553], [80.19558068985941, 13.090265588525059], [80.19648450085487, 13.090268404293148], [80.19648159052046, 13.091166491007757], [80.19740399460832, 13.091169361631136], [80.1974040036784, 13.091166559624197], [80.19830489725392, 13.091169360121235], [80.19830490630365, 13.091166561259822], [80.19918719684554, 13.091169300878953], [80.19918429606464, 13.092067396910993], [80.19918720430285, 13.092067405937042], [80.19918429428482, 13.092968297683736], [80.19918720273041, 13.09296830671101], [80.19918429250487, 13.093869198456478], [80.19918720115786, 13.09386920748497], [80.19918429230086, 13.094769611396691], [80.19828631104045, 13.094766822306383], [80.1982833865026, 13.095670998291359], [80.19920580775879, 13.095673863441698], [80.1992058167943, 13.095671066832415], [80.20008808816421, 13.095673804185795], [80.20008519119018, 13.096571411807385], [80.1991872070517, 13.096568625488468], [80.19918428538381, 13.097472801547429], [80.19918719486641, 13.097472810580806]], [[80.19828631889922, 13.090262318128156], [80.19828630984993, 13.090265116989759], [80.19740401273671, 13.09026237444543], [80.19740691797003, 13.089364767122728], [80.19830489411127, 13.08936755818881], [80.19830781711325, 13.088463381758205], [80.19740400959098, 13.088460572747428], [80.19740691440948, 13.087562965545807], [80.19830489096913, 13.08756575625637], [80.19830490001395, 13.087562958110528], [80.19920579361413, 13.087565754746796], [80.19920580263864, 13.087562959745666], [80.20008810232694, 13.087565695612806], [80.20008520562385, 13.088463795529615], [80.20008810975945, 13.08846380453049], [80.20008520384464, 13.089364696302473], [80.20098899836897, 13.089367496062161], [80.20098610610408, 13.090265103100522], [80.2000881172122, 13.090262321148296], [80.20008810820356, 13.090265113718843], [80.19918721805567, 13.090262319638173], [80.19918720902669, 13.090265115354242], [80.19828631889922, 13.090262318128156]], [[80.18569525099886, 13.101076020137999], [80.18569228826499, 13.101076010781897], [80.18569524921604, 13.100175119107247], [80.18569228669331, 13.10017510975241], [80.18569524743334, 13.099274218076495], [80.18569228512176, 13.099274208722923], [80.18569524421493, 13.098373753991284], [80.18659317541564, 13.09837658748207], [80.18659318474184, 13.098373746276822], [80.18749407806355, 13.098376585972654], [80.18749408736909, 13.098373747914554], [80.18839498071134, 13.098376584463123], [80.18839498999625, 13.098373749552167], [80.18927729320093, 13.098376524517336], [80.18927435496178, 13.0992745842654], [80.19019678757803, 13.099277482410894], [80.190196796823, 13.099274653613554], [80.19107908999986, 13.09927742255936], [80.19107615806263, 13.100175488461343], [80.19199859444487, 13.100178380357773], [80.19199860364998, 13.100175557674861], [80.19289949709233, 13.100178378847462], [80.19289950627692, 13.10017555931209], [80.19378178598487, 13.100178319144426], [80.19377886512332, 13.10107592818811], [80.19288090510516, 13.101073119090472], [80.19288089591852, 13.101075938986149], [80.19198000595092, 13.101073117579944], [80.19197999674377, 13.101075940623572], [80.1910791067968, 13.101073116069532], [80.1910790975691, 13.101075942261103], [80.1901782076428, 13.10107311455923], [80.19017819839455, 13.101075943898744], [80.18927730848893, 13.101073113049038], [80.18927729922007, 13.101075945536508], [80.18837640933515, 13.101073111538964], [80.18837640004568, 13.101075947174381], [80.1874755101815, 13.101073110029002], [80.18747254618384, 13.10197684052207], [80.18657460945647, 13.101974009353407], [80.18657460012444, 13.101976851466192], [80.18569229918931, 13.101974066550438], [80.18569525099886, 13.101076020137999]], [[80.18747258538717, 13.082157018205805], [80.18659316722457, 13.08215424935302], [80.18659610971078, 13.08125664064815], [80.18747552469294, 13.081259409304447], [80.18747258538717, 13.082157018205805]], [[80.18477280984862, 13.091169324161172], [80.184769857014, 13.092067369534982], [80.18477281763583, 13.09206737888903], [80.18476985666304, 13.092967835228547], [80.18387192770248, 13.09296499648502], [80.18387191832102, 13.092967846221473], [80.18298957561767, 13.09296505370832], [80.18299253367734, 13.092067443630034], [80.1838904564803, 13.092070285234067], [80.18389343124767, 13.09116654445973], [80.18477280984862, 13.091169324161172]], [[80.18118775939003, 13.086658744868341], [80.1811907224941, 13.085761134888205], [80.1820701217149, 13.08576392279725], [80.18206716179233, 13.086661532975176], [80.18118775939003, 13.086658744868341]], [[80.18116921938687, 13.087565726159957], [80.18116625577991, 13.088463336621752], [80.18028685991582, 13.088460545109045], [80.18028982670471, 13.087562934845261], [80.18116921938687, 13.087565726159957]], [[80.18298958210539, 13.108286504166909], [80.1829895915284, 13.108283648368136], [80.18389048475505, 13.10828650265675], [80.18389049415728, 13.108283650007339], [80.18477277996497, 13.108286442289657], [80.18476982455842, 13.109184053492045], [80.1838718994234, 13.10918121149572], [80.18387189001908, 13.109184064509414], [80.18297100027137, 13.109181209985346], [80.18297099084629, 13.1091840661488], [80.1820887013079, 13.109181267507775], [80.1820916664353, 13.108283656178104], [80.18298958210539, 13.108286504166909]], [[80.18389346156734, 13.10648185784079], [80.18477278311273, 13.10648464038147], [80.18476982812761, 13.107382251462777], [80.18389050339576, 13.107379468724975], [80.18389346156734, 13.10648185784079]], [[80.18479135265116, 13.082157090853052], [80.1847943110027, 13.081256637417127], [80.18567372631695, 13.081259412211573], [80.18567077904278, 13.082157462764481], [80.18567373407085, 13.082157472083978], [80.18567077871033, 13.083057922451593], [80.18479136356686, 13.0830551472933], [80.18479431422274, 13.082157100203274], [80.18479135265116, 13.082157090853052]], [[80.18479139814582, 13.102874965942442], [80.18479435199743, 13.101977355522877], [80.18567369016525, 13.101980134155307], [80.185670739499, 13.102877744771783], [80.18479139814582, 13.102874965942442]], [[80.18929593957537, 13.119091188490955], [80.18929888232992, 13.11819313286334], [80.18839503538125, 13.118190286184877], [80.1883979811869, 13.117292233547534], [80.1883950244937, 13.117292224230809], [80.18839797795219, 13.116391774593977], [80.18929591480948, 13.116394602298582], [80.18929887551607, 13.115490875424987], [80.19019681588557, 13.115493699819524], [80.19019682515304, 13.11549086777058], [80.19109771853523, 13.11549369830759], [80.19109772778211, 13.11549086940961], [80.19197996083973, 13.11549363826341], [80.19197702841088, 13.116391704066581], [80.19197996849148, 13.116391713289477], [80.19197702662669, 13.11729260483841], [80.1919799669166, 13.117292614062553], [80.19197702632812, 13.118193050686273], [80.19107907690628, 13.118190231931123], [80.19107906765485, 13.118193061550942], [80.1901781777545, 13.118190230418756], [80.1901752196364, 13.11909395493784], [80.18929593957537, 13.119091188490955]], [[80.19830786877154, 13.114589511605946], [80.19830494878772, 13.114589502518994], [80.19830786543544, 13.113689090028773], [80.19918715746996, 13.113691824693882], [80.19918425153115, 13.114589916229084], [80.1991871649547, 13.114589925285674], [80.19918425130892, 13.115490334700413], [80.19830495944642, 13.11548759967769], [80.19830786877154, 13.114589511605946]], [[80.19560520488257, 13.13260800173024], [80.1965031643706, 13.13261080759408], [80.19650610244226, 13.131707102561412], [80.19738532754764, 13.131709846663927], [80.19738241095405, 13.1326079282526], [80.19828622515138, 13.132610746156487], [80.19828331161509, 13.13350883074033], [80.19828623267978, 13.133508839843062], [80.19828330982934, 13.134409731512887], [80.19828623110172, 13.134409740616848], [80.19828330958042, 13.135310158610348], [80.19740409154245, 13.135307416901187], [80.19740700867659, 13.134409335965467], [80.19650318734382, 13.134406514591673], [80.19650610753546, 13.133508436651558], [80.19560228314545, 13.133505612282447], [80.19560520488257, 13.13260800173024]], [[80.20191153425873, 13.14972512805499], [80.20279069102992, 13.149727856943345], [80.20278778991084, 13.150625954003688], [80.20279069847638, 13.150625963027442], [80.20278778969346, 13.151526368743836], [80.20190863309573, 13.151523639499702], [80.20191153760886, 13.150625545908847], [80.2019086224644, 13.150625536854708], [80.20191153425873, 13.14972512805499]], [[80.20551512250924, 13.144319231842855], [80.20551222196396, 13.144319222878735], [80.20551511911994, 13.143418829011878], [80.20641311247454, 13.14342160250646], [80.2064131214118, 13.143418821688917], [80.2073140151258, 13.143421600989125], [80.20731402404277, 13.143418823328744], [80.20819609719369, 13.143421541507518], [80.20819321874427, 13.144319150921987], [80.20729521588706, 13.144316383441268], [80.20729231287972, 13.14522055794417], [80.20819609402974, 13.14522334341041], [80.20819321517087, 13.14612095294657], [80.20729521272659, 13.146118185115014], [80.20729520380523, 13.146120963482414], [80.20639431357638, 13.146118183597244], [80.20639430463474, 13.146120965122622], [80.20549341442631, 13.146118182079586], [80.20549340546435, 13.146120966762934], [80.20461133146648, 13.14611823878753], [80.20461422335039, 13.145220628970563], [80.20551221298268, 13.145223405954084], [80.20551512250924, 13.144319231842855]], [[80.20371328809651, 13.126301214701709], [80.2037103851069, 13.126301205721122], [80.20371328631248, 13.125400313673085], [80.20371038352938, 13.12540030469371], [80.20371328292966, 13.124499909201074], [80.20459253364663, 13.124502627366354], [80.2045896448045, 13.12540073578414], [80.20459254102174, 13.125400744733309], [80.20458964302071, 13.12630163655748], [80.20551217983268, 13.126304485684418], [80.20551218876734, 13.126301705075427], [80.20641308248183, 13.126304484169262], [80.20641309139624, 13.126301706713619], [80.20729522804177, 13.126304424889566], [80.20729235021028, 13.127202033306338], [80.20639434673392, 13.127199266025679], [80.20639433781753, 13.127202043835434], [80.20549344758139, 13.127199264510308], [80.20549343864474, 13.127202045473815], [80.20459254842895, 13.127199262995045], [80.20459253947203, 13.127202047112307], [80.20371039566156, 13.127199319477507], [80.20371328809651, 13.126301214701709]], [[80.20551217776426, 13.119093994116806], [80.20551506913577, 13.1181936069119], [80.20639434306553, 13.118196317784186], [80.20639146217934, 13.119094433795915], [80.20639435039233, 13.119094442696161], [80.20639146039666, 13.119995334569479], [80.20729523909424, 13.119998118228066], [80.2072923626972, 13.1208957262196], [80.20639435777419, 13.120892960168721], [80.20639434886621, 13.120895736739664], [80.20551218984613, 13.12089301644789], [80.20551507432276, 13.119994904075558], [80.20551217934114, 13.119994895143996], [80.20551507253984, 13.11909400304716], [80.20551217776426, 13.119093994116806]], [[80.20551218195637, 13.116388512197899], [80.2055150637862, 13.115490904544064], [80.20639434779933, 13.11549361492888], [80.20639146915809, 13.116391222774604], [80.20551218195637, 13.116388512197899]], [[80.20371326313155, 13.113688600301117], [80.20371036303307, 13.113688591337482], [80.2037132613493, 13.112787699272515], [80.2028094677989, 13.112784904421845], [80.20281236021003, 13.111886799956013], [80.20280945724542, 13.111886790974511], [80.2028123584279, 13.110985898927305], [80.2019085620296, 13.110983101264138], [80.2019114556968, 13.110085493342197], [80.20280944352048, 13.110088272848506], [80.20280945249421, 13.110085485979814], [80.20371034616784, 13.110088271335648], [80.2037103551213, 13.110085487616688], [80.20461124881511, 13.11008826982267], [80.20461125774833, 13.110085489253448], [80.20551215146224, 13.110088268309577], [80.20551216037524, 13.110085490890098], [80.20641305410929, 13.110088266796378], [80.20641595065663, 13.109184600635368], [80.20729525802707, 13.109187306807865], [80.2072923824441, 13.11008542777151], [80.20819615563657, 13.110088206300897], [80.20819328310793, 13.110986330256525], [80.20819616291313, 13.11098633910563], [80.20819328297891, 13.111886714479237], [80.20729527269003, 13.111883953315491], [80.20729526381426, 13.11188672496612], [80.20639437353537, 13.111883951801852], [80.20639147628864, 13.112787618724667], [80.2054934728054, 13.112784851124895], [80.20549057042753, 13.113689027442625], [80.20639435095457, 13.113691813025323], [80.20639147272362, 13.114589420749637], [80.20549346965416, 13.114586652798037], [80.20549056848661, 13.11549032337909], [80.20461127776257, 13.115487609888831], [80.20461416427061, 13.114589499617407], [80.20371037356904, 13.11458670758004], [80.20371326313155, 13.113688600301117]], [[80.20369168552071, 13.106478542243558], [80.20369167657131, 13.106481325429822], [80.20279078636582, 13.106478540731029], [80.20279077739615, 13.106481327066426], [80.201908554149, 13.106478597016284], [80.20191144678482, 13.105580989397625], [80.20280943564875, 13.105583768020397], [80.20280944461642, 13.105580982040847], [80.20371033829552, 13.105583766508076], [80.20371034724295, 13.10558098367726], [80.20461124094221, 13.105583764995641], [80.20461414467255, 13.104679588304057], [80.2037103562278, 13.104676798232626], [80.20371324191959, 13.103779191051828], [80.20461123779391, 13.10378196306482], [80.20461124671868, 13.103779183737615], [80.20551214044023, 13.103781961552492], [80.2055121493448, 13.103779185373622], [80.20641304308644, 13.103781960040056], [80.20641305197083, 13.10377918700951], [80.20729526748674, 13.103781901097529], [80.20729239312925, 13.104680023129344], [80.20729527477606, 13.104680031990224], [80.2072923913487, 13.105580923903043], [80.20819616352114, 13.10558370154279], [80.20819329366874, 13.106481308405384], [80.20729528214146, 13.10647854829482], [80.207292389434, 13.107382211033672], [80.20639438141129, 13.107379447618499], [80.20639437252133, 13.107382221534387], [80.20551216618621, 13.107379503698247], [80.2055150475923, 13.106481388649792], [80.20459258467574, 13.106478543756205], [80.20459257574656, 13.10648132379333], [80.20369168552071, 13.106478542243558]], [[80.2036887619727, 13.115490825565036], [80.2036916592035, 13.115490834521196], [80.20368876179506, 13.11639122762605], [80.2028094741071, 13.11638850782062], [80.20281236733979, 13.115490404070856], [80.20280946354828, 13.115490395084503], [80.20281236395992, 13.114589998903924], [80.20369165181992, 13.114592718353762], [80.2036887619727, 13.115490825565036]], [[80.20100760903527, 13.082154272624539], [80.20101049936225, 13.081256666483199], [80.2018899117144, 13.081259386034736], [80.20188702456784, 13.082156992369082], [80.20100760903527, 13.082154272624539]], [[80.20101054921784, 13.106481888570114], [80.2018898676374, 13.10648461270063], [80.20188697312169, 13.107382715182755], [80.20188987505202, 13.10738272416858], [80.20188697293304, 13.108283121744403], [80.20100765468518, 13.108280397257438], [80.20101055258488, 13.107382298235937], [80.20100764409803, 13.107382289219883], [80.20101054921784, 13.106481888570114]], [[80.22801589108728, 13.14251732174337], [80.22711500039043, 13.142514615177431], [80.22711499191425, 13.142517323380586], [80.22621410123726, 13.142514613657617], [80.22621409274129, 13.142517325017911], [80.22533208536909, 13.142514669034124], [80.22533490109439, 13.141617063040297], [80.22623296761145, 13.141619767173578], [80.22623580045577, 13.14071558830694], [80.22623297632556, 13.1407155798088], [80.22623579867262, 13.139814687281007], [80.22623297474314, 13.139814678784013], [80.22623579688961, 13.138913786255076], [80.22623297316082, 13.138913777759228], [80.22623579510672, 13.138012885229148], [80.22533207745175, 13.138010164773178], [80.22533489397297, 13.13711198591556], [80.22533206735999, 13.137111977402213], [80.22533489039233, 13.136211658292753], [80.2262329581212, 13.136214361397302], [80.2262329666084, 13.13621165141726], [80.227133860769, 13.136214359878359], [80.22713668910993, 13.13531018043936], [80.22713386946909, 13.135310171967843], [80.22713668551192, 13.134409859943633], [80.22801589506577, 13.13441249982335], [80.22801308885943, 13.13531068883375], [80.22801590192941, 13.135310697275905], [80.22801308707727, 13.136211589609895], [80.22801590034724, 13.136211598053189], [80.228013085295, 13.137112490386038], [80.22891678950114, 13.137115201208008], [80.22891398596387, 13.138013392874184], [80.22981768710274, 13.138016100693578], [80.22981488663298, 13.138914295362435], [80.23071858470406, 13.13891700017887], [80.23071578730227, 13.139815197850783], [80.23161948230512, 13.139817899663873], [80.23161668797181, 13.140716100339242], [80.23161948909564, 13.140716108709501], [80.23161668618937, 13.141617001115808], [80.23161948751225, 13.141617009487193], [80.23161668440679, 13.142517901892376], [80.23161948592876, 13.142517910264887], [80.23161668447511, 13.143418207833113], [80.23071859542131, 13.143415522097518], [80.23071858702285, 13.143418217843605], [80.22983660004004, 13.143415577207454], [80.22983940142241, 13.142517383507968], [80.22891679869713, 13.142514618217405], [80.22891679026041, 13.142517320106272], [80.22801589954372, 13.142514616697364], [80.22801589108728, 13.14251732174337]], [[80.22082752011539, 13.123601757021186], [80.2208275287054, 13.123599030540305], [80.22170961974784, 13.123601698662544], [80.22170679486436, 13.124499304397204], [80.22080873792807, 13.12449658777163], [80.22080872933614, 13.124499314600202], [80.21992663802531, 13.124496643220484], [80.21992946937014, 13.123599037519325], [80.22082752011539, 13.123601757021186]], [[80.21990783314415, 13.121797170398995], [80.2199049917579, 13.122698062571107], [80.21990783156491, 13.12269807117535], [80.21990499173256, 13.12359840661879], [80.21902573382901, 13.123595740907597], [80.21902856999095, 13.122697581476535], [80.21902572361955, 13.122697572842686], [80.21902856820941, 13.121796680449766], [80.21902572204056, 13.12179667181708], [80.219028566428, 13.120895779422996], [80.2181060467783, 13.120892979868941], [80.21810603813134, 13.12089571545946], [80.21720514762345, 13.120892978352865], [80.21720513895656, 13.120895717095715], [80.21632302124173, 13.120893033970617], [80.21632586485951, 13.119995427892155], [80.2172239032142, 13.119998159231672], [80.21722676415695, 13.119093980791702], [80.2163230180827, 13.119091232268334], [80.21632586129536, 13.118193626311447], [80.21722390005863, 13.118196357303963], [80.21722390872127, 13.118193619259607], [80.21812480270523, 13.118196355788319], [80.21812765994912, 13.117292177026787], [80.21812481151247, 13.117292168380011], [80.21812765642419, 13.116391827962373], [80.21902570219618, 13.116394552345284], [80.21902855574214, 13.115490373262425], [80.21902571099105, 13.11549036463789], [80.21902855396162, 13.114589472235664], [80.21902570941305, 13.114589463612294], [80.21902855218121, 13.113688571208915], [80.21810605940045, 13.113685773164118], [80.21810605076284, 13.113688507359575], [80.21720516024467, 13.113685771648905], [80.21720230218104, 13.114589401354197], [80.2163042595119, 13.114586670971685], [80.21630139794435, 13.115490303981483], [80.21542210915106, 13.115487627403663], [80.21542495654163, 13.114589479078411], [80.21452120495726, 13.11458672509268], [80.21452405540535, 13.113688579762082], [80.21452119466157, 13.113688571040143], [80.21452405191214, 13.112788218338071], [80.21542208530278, 13.112790954550446], [80.21542495119938, 13.11188677599685], [80.21542209414207, 13.111886767297248], [80.2154249476967, 13.110986418373232], [80.21630424674136, 13.110989094119626], [80.21630140333899, 13.111887246428154], [80.21720514435017, 13.111889993610635], [80.21720230400511, 13.112788148913344], [80.2181247932408, 13.112790950005804], [80.21812480187651, 13.11278821615931], [80.21902569588659, 13.112790948490696], [80.2190257045024, 13.112788217794526], [80.21990784033348, 13.11279089018124], [80.21990500956531, 13.113689054819133], [80.21990784735165, 13.113689063411773], [80.21990500778513, 13.11458995559434], [80.21990784577353, 13.114589964188136], [80.21990500600484, 13.11549085636954], [80.21990784419529, 13.115490864964498], [80.21990500422442, 13.116391757144743], [80.2208087332032, 13.116394492522087], [80.22080590489142, 13.117292659630454], [80.22080874020553, 13.11729266820788], [80.22080590311086, 13.118193560405762], [80.22170962923046, 13.118196292961736], [80.22170680377808, 13.119094462891686], [80.22170963621491, 13.119094471451588], [80.2217068037728, 13.119994799342406], [80.22080874582211, 13.119992083579413], [80.22080589953482, 13.12089570196932], [80.21990784508836, 13.120892982901434], [80.21990499353922, 13.121797161795916], [80.21990783314415, 13.121797170398995]], [[80.22083035090027, 13.114590031227532], [80.22172840697851, 13.11459274587135], [80.2217284155371, 13.114590024278955], [80.22262930962407, 13.114592744355576], [80.22263214781178, 13.113689133666913], [80.22353021069158, 13.11369184187658], [80.22353304537747, 13.112788234490804], [80.22441233627195, 13.112790882879406], [80.2244095218019, 13.113689063368406], [80.2253132338801, 13.113691782368567], [80.22531042247009, 13.114589965853781], [80.22531324077985, 13.11458997432885], [80.2253104225024, 13.115490287826825], [80.22441235033776, 13.115487585451444], [80.22440951646276, 13.11639176569565], [80.22441233845409, 13.116391774192737], [80.22440951648517, 13.117292091463272], [80.2235114480247, 13.117289385612738], [80.22351143950151, 13.117292101596597], [80.22262933322888, 13.117289440790845], [80.22263215494003, 13.116391267447359], [80.22262932310737, 13.116391258901066], [80.22263215315984, 13.115490366421037], [80.22170965286904, 13.115487580903132], [80.2217068108973, 13.116391195298561], [80.22082752641978, 13.116388537017437], [80.22083035445122, 13.115490369841506], [80.22082751626016, 13.115490361256713], [80.22083035090027, 13.114590031227532]], [[80.21272224253026, 13.107382810366488], [80.21360155549097, 13.107385494693865], [80.21359870482915, 13.108283100735498], [80.21271938868178, 13.10828041621797], [80.21272224253026, 13.107382810366488]], [[80.21092046332735, 13.116391289689838], [80.21091758885146, 13.116391280884136], [80.21092045986977, 13.11549091424387], [80.21179974291533, 13.115493606172627], [80.21179688220263, 13.116391741746053], [80.21179975011738, 13.116391750521865], [80.21179688042103, 13.11729264252027], [80.21179974853996, 13.11729265129727], [80.211796880322, 13.118193015098065], [80.21091760080932, 13.118190322655952], [80.21092046510918, 13.117292190717576], [80.21091759042865, 13.117292181910681], [80.21092046332735, 13.116391289689838]], [[80.21722388586474, 13.110088248629175], [80.21722389451685, 13.110085512156175], [80.21810604669473, 13.11008819024968], [80.21810321175974, 13.110985795693216], [80.21720516497558, 13.11098306913496], [80.21720515632153, 13.110985805957352], [80.2163230038733, 13.110983124608255], [80.21632584526292, 13.110085519198293], [80.21722388586474, 13.110088248629175]], [[80.21992953897357, 13.158734168357439], [80.22082758178678, 13.158736894592192], [80.22083043652691, 13.15783326918632], [80.22172848285439, 13.157835992107996], [80.22172849146853, 13.157833262186468], [80.22262938550558, 13.157835990587001], [80.22262939409978, 13.157833263825834], [80.22351135795083, 13.157835931833777], [80.22350853021423, 13.15873410043874], [80.22441225554704, 13.15873683131817], [80.2244094308817, 13.159635002929468], [80.22441226251784, 13.159635011481688], [80.22440943086873, 13.160535339976086], [80.22351137211396, 13.160532625875778], [80.22350852661977, 13.161436242606467], [80.22261047137917, 13.161433525192995], [80.2226104627796, 13.161436252820598], [80.22172850817545, 13.161433581068357], [80.22173134297589, 13.160535419454828], [80.2208086746632, 13.160532621311498], [80.22080866602488, 13.16053535508818], [80.21992670134898, 13.160532677285715], [80.21992954249198, 13.159634521859662], [80.21992669110652, 13.159634513198013], [80.21992953897357, 13.158734168357439]], [[80.22533212121614, 13.167742612249334], [80.22533495287465, 13.166841719775638], [80.22533211963008, 13.166841711224397], [80.22533494930997, 13.165941384404404], [80.2262330103733, 13.165944093165765], [80.22623584686151, 13.165040485232916], [80.22711494198612, 13.1650431335671], [80.22711212574043, 13.165941313506218], [80.22801583958032, 13.165944033049962], [80.22801302640876, 13.1668422159978], [80.22801584647947, 13.16684222447982], [80.22801302462217, 13.167743116773888], [80.22801584489292, 13.167743125257049], [80.22801302283547, 13.168644017549969], [80.22801584330627, 13.168644026034269], [80.22801302284915, 13.169544343601661], [80.22711495286089, 13.169541640356238], [80.2271149443504, 13.169544353727078], [80.22621405371123, 13.16954163883316], [80.2262140451809, 13.169544355367165], [80.22533213293866, 13.169541694602042], [80.22533495644886, 13.16864352182782], [80.22533212280233, 13.168643513274283], [80.2253349546617, 13.167742620801725], [80.22533212121614, 13.167742612249334]], [[80.22533204996687, 13.127202066128536], [80.22533487078375, 13.12630174958897], [80.2262141109357, 13.12630439420306], [80.22621129999375, 13.127202578426644], [80.22713384496073, 13.127205350252126], [80.22713385341679, 13.127202645150934], [80.22801590772666, 13.127205292227957], [80.22801310494042, 13.128102897126873], [80.22711502569354, 13.12810020174961], [80.22711501723559, 13.128102907195663], [80.22621412653848, 13.128100200231533], [80.22621129824225, 13.129003801369544], [80.2253320616265, 13.129001156251608], [80.22533487615117, 13.128102975655285], [80.22533205154744, 13.128102967153405], [80.2253348743697, 13.127202074629267], [80.22533204996687, 13.127202066128536]], [[80.22533203159293, 13.111884040061813], [80.2253348405097, 13.110986436137765], [80.22621413780752, 13.11098907805865], [80.22621133207828, 13.111886682169795], [80.22533203159293, 13.111884040061813]], [[80.24062571977606, 13.138012785611737], [80.23974651931142, 13.138010188199424], [80.23974928164726, 13.137112584945214], [80.24062847891813, 13.137115182173938], [80.24062571977606, 13.138012785611737]], [[80.23253927895486, 13.131706557720067], [80.2325420763076, 13.130805665043864], [80.23253927737285, 13.130805656696038], [80.23254207265865, 13.129905365681765], [80.23344016822759, 13.129908042509552], [80.23344297209698, 13.129003861283094], [80.23344017684384, 13.129003852957098], [80.23344297031642, 13.12810296025805], [80.23253928096743, 13.128100267101438], [80.23254206918465, 13.12720206094326], [80.2325392710461, 13.127202052599936], [80.23254206740421, 13.126301159918112], [80.23253926946472, 13.126301151575912], [80.23254206562392, 13.125400258892965], [80.23253926788347, 13.12540025055189], [80.23254206197218, 13.12449996092996], [80.23344015874144, 13.124502636738312], [80.23344016705668, 13.124499954224602], [80.23432220678245, 13.124502579142257], [80.23431942560471, 13.12540079226709], [80.235241965613, 13.125403534662986], [80.23524197389031, 13.125400858284562], [80.23614286825826, 13.125403533144214], [80.23614287651607, 13.125400859918907], [80.23702490276236, 13.125403475702], [80.23702213117681, 13.126301698173098], [80.23792580036685, 13.126304375187216], [80.2379230318481, 13.127202600659926], [80.23792580700488, 13.127202608876667], [80.23792303006839, 13.128103501437279], [80.23792580542256, 13.128103509655126], [80.23792302828852, 13.129004402214631], [80.23792580384011, 13.129004410433588], [80.23792302650853, 13.129905302991983], [80.23792580225754, 13.129905311212049], [80.23792302664427, 13.130805582384506], [80.23702491166091, 13.130802920977152], [80.23702490341516, 13.130805592240444], [80.23614289617657, 13.130802975514362], [80.23614567192998, 13.129904757177092], [80.23522311493092, 13.129902017097773], [80.23522031737429, 13.130806198638954], [80.23612399407517, 13.130808882856607], [80.23612121804507, 13.131707101126324], [80.2361240007573, 13.13170710938755], [80.23612121626448, 13.132608001903453], [80.2361239991746, 13.132608010165791], [80.23612121638183, 13.133508288643776], [80.23522310860291, 13.133505620458605], [80.23522310031483, 13.133508298542495], [80.23432220944754, 13.133505618938859], [80.2343222011399, 13.133508300177873], [80.23344019308144, 13.133505673682567], [80.2334429792205, 13.132607465383273], [80.23253928888244, 13.132604771365944], [80.23254207808866, 13.131706566069019], [80.23253927895486, 13.131706557720067]], [[80.23163841954164, 13.151523687812498], [80.23164121432542, 13.15062608227943], [80.23252036246825, 13.150628709586275], [80.23251757088146, 13.151526315304885], [80.23163841954164, 13.151523687812498]], [[80.23884837532196, 13.132607455120239], [80.2388455989801, 13.132607446906803], [80.2388483735416, 13.131706554095842], [80.23884559739716, 13.131706545883516], [80.2388483698376, 13.130806277781396], [80.23974648832994, 13.13080893283466], [80.23974649651664, 13.130806271204614], [80.24062849001065, 13.130808875537365], [80.2406257303037, 13.131707109676377], [80.24154829520324, 13.131709830755456], [80.24154830335229, 13.131707175264916], [80.242430286801, 13.13170977355696], [80.24242753342818, 13.132608013873506], [80.24243029334735, 13.13260802199993], [80.24242753164826, 13.133508914651392], [80.24243029176371, 13.13350892277891], [80.24242753182143, 13.13440917834493], [80.24152940111064, 13.134406531940941], [80.24152939295757, 13.134409188108108], [80.24062850195457, 13.134406530420302], [80.24062572511973, 13.135310082584512], [80.23974651455704, 13.135307485638355], [80.23974927823268, 13.134409255458706], [80.23884561035743, 13.134406583320256], [80.23884837710246, 13.133508356144633], [80.23884560056317, 13.133508347930091], [80.23884837532196, 13.132607455120239]], [[80.23882668213005, 13.136214284154963], [80.2388239166363, 13.13711188783407], [80.23794471249558, 13.137109284416406], [80.23794748118289, 13.136211680921333], [80.23882668213005, 13.136214284154963]], [[80.26497443650824, 13.123599118218454], [80.26585367998761, 13.123601626945305], [80.26585101536973, 13.124499225309151], [80.26497176869981, 13.124496716404792], [80.26497443650824, 13.123599118218454]], [[80.26225010075342, 13.12359575682527], [80.26225009305226, 13.12359833844643], [80.26136815666864, 13.123595809686051], [80.26137083948858, 13.12269750116267], [80.26046725247164, 13.122694907364851], [80.26046993625104, 13.121797308569283], [80.26136813594222, 13.121799886738778], [80.26137083381573, 13.120896409386393], [80.26226903699971, 13.120898984258766], [80.26226904469706, 13.120896403295866], [80.26316993964096, 13.120898982737154], [80.26316994731951, 13.120896404926329], [80.26405188636407, 13.120898927039656], [80.26404921363338, 13.12179724550588], [80.2649717465074, 13.121799880651677], [80.26497175414949, 13.121797308981073], [80.26585368316017, 13.121799825054339], [80.26585101892186, 13.122697423296012], [80.2649527998191, 13.122694860547963], [80.26495279217531, 13.122697432546572], [80.26405190065853, 13.122694859025803], [80.26404921222327, 13.123598327526214], [80.26315099991363, 13.123595758347314], [80.26315099223127, 13.123598336815595], [80.26225010075342, 13.12359575682527]], [[80.26407085974485, 13.120893111514228], [80.26407353006303, 13.119995513426295], [80.26495278714098, 13.11999802462871], [80.2649501200125, 13.120895622894372], [80.26407085974485, 13.120893111514228]], [[80.24693484193001, 13.10828041666092], [80.24693483392414, 13.108283049025943], [80.2460527853549, 13.108280470263967], [80.24605551833996, 13.107382870072996], [80.24695366836664, 13.107385495704749], [80.24695641590812, 13.106481970891565], [80.24785456942797, 13.106484593226499], [80.24785457741183, 13.106481964514469], [80.24875547206915, 13.106484591708433], [80.24875548003389, 13.106481966145283], [80.24965637471021, 13.106484590190254], [80.24965638265586, 13.106481967775979], [80.25053842383889, 13.106484533855305], [80.25053570730032, 13.107382133569295], [80.24963754099171, 13.107379520374204], [80.24963480306664, 13.108283036189189], [80.24873664025066, 13.108280419697584], [80.24873663228306, 13.108283045763649], [80.24783574109027, 13.108280418179191], [80.24783573310356, 13.108283047394742], [80.24693484193001, 13.10828041666092]], [[80.2298177889731, 13.085760554758119], [80.22891689815789, 13.085757865335163], [80.22891688979261, 13.0857605563893], [80.2280159989971, 13.085757863821978], [80.22801599061225, 13.085760558020588], [80.2271337910597, 13.085757918270092], [80.22713658949786, 13.084859722996313], [80.22713378108055, 13.084859714588614], [80.22713658772265, 13.083958821970587], [80.22713377950575, 13.083958813564028], [80.2271365859476, 13.083057920944864], [80.226232883722, 13.08305521425597], [80.22623568481468, 13.082157021624743], [80.22623287372714, 13.082157013200856], [80.22623568303976, 13.081256120598916], [80.22623287215282, 13.081256112176172], [80.22623567942136, 13.080355810847063], [80.22713376295908, 13.080358500191908], [80.22713377135595, 13.080355804056326], [80.22801598982745, 13.08035844285125], [80.22801319741689, 13.081256044589141], [80.22711510770772, 13.081253358113386], [80.22711229133898, 13.082157541332972], [80.22803466874741, 13.082160300604885], [80.22803467712697, 13.08215760726781], [80.22893557138794, 13.082160299092235], [80.22893557974795, 13.08215760889864], [80.22983647402835, 13.082160297579478], [80.22983648236885, 13.08215761052935], [80.23071868425296, 13.082160240377036], [80.23071589934104, 13.083058448930368], [80.2316195818691, 13.083061139868288], [80.23161680001117, 13.083959351412082], [80.23161958859654, 13.083959359711448], [80.23161680012613, 13.084859642184508], [80.23071869805483, 13.084856967522343], [80.23071589589802, 13.085760544805957], [80.22981779731883, 13.085757866848468], [80.2298177889731, 13.085760554758119]], [[80.23252053459241, 13.052430506135657], [80.23251776462725, 13.05332810522645], [80.23163824742899, 13.053325494871096], [80.23164102056771, 13.052427895965923], [80.23252053459241, 13.052430506135657]], [[80.23074011767304, 13.050626092774374], [80.23161963854021, 13.050628705691791], [80.2316168657197, 13.051526304814585], [80.2307373416794, 13.051523691711326], [80.23074011767304, 13.050626092774374]], [[80.23074011413215, 13.048824291190867], [80.23161964168385, 13.048826903792936], [80.23161686926036, 13.049724502794577], [80.23073733853596, 13.04972189000666], [80.23074011413215, 13.048824291190867]], [[80.23074011059177, 13.047022489607352], [80.231619644827, 13.047025101894064], [80.23161687280053, 13.047922700774564], [80.23073733539303, 13.04792008830201], [80.23074011059177, 13.047022489607352]], [[80.23163822659815, 13.046120962125512], [80.23164100640611, 13.045220689631167], [80.23252054716694, 13.045223298540959], [80.23251777686538, 13.046121520490788], [80.23344002169759, 13.046124253045724], [80.23344002991553, 13.046121585414529], [80.23434092433274, 13.046124251536748], [80.23434093253138, 13.046121587040982], [80.23522324318763, 13.046124195126861], [80.2352204843626, 13.047021793335047], [80.23432236075672, 13.047019138299794], [80.23432235255625, 13.047021803137683], [80.23342146159018, 13.047019136790603], [80.2334214533704, 13.047021804764324], [80.23252056242377, 13.047019135281527], [80.23252055418466, 13.047021806391074], [80.23163823642658, 13.047019188904112], [80.23164101009043, 13.046120970387229], [80.23163822659815, 13.046120962125512]], [[80.23074010174301, 13.042517985648589], [80.2316196526827, 13.042520597146808], [80.23161688164873, 13.043418195724529], [80.23073732753785, 13.043415584040462], [80.23074010174301, 13.042517985648589]], [[80.23073732439667, 13.041613782335872], [80.23074009820441, 13.04071618406508], [80.23163820701187, 13.040718850289462], [80.23163821526178, 13.04071617741696], [80.23253910964655, 13.040718848781367], [80.23254189514505, 13.0398152864868], [80.23344001071213, 13.039817946311057], [80.23344001892228, 13.039815279878184], [80.2343223549888, 13.039817889937208], [80.23431959235575, 13.040716119228938], [80.23522325261608, 13.040718789432393], [80.23522049302726, 13.0416170217056], [80.23522325921898, 13.041617029875063], [80.2352204932078, 13.042517288286799], [80.23432236860589, 13.042514634100439], [80.2343195889913, 13.043418190903335], [80.2334214678693, 13.043415533431554], [80.23342145965398, 13.043418200720556], [80.23253913274652, 13.04341558694863], [80.23254190237692, 13.042517364586677], [80.23163822857147, 13.042514684642109], [80.23164100124583, 13.041616465261718], [80.23073732439667, 13.041613782335872]], [[80.2208273957735, 13.052430580904725], [80.2208274042722, 13.05242786815958], [80.22170974424213, 13.052430523589512], [80.22170693524832, 13.053328124530186], [80.22080886228899, 13.053325421541572], [80.2208088537884, 13.053328134634844], [80.21992651354839, 13.053325475961854], [80.21992932896815, 13.052427875054315], [80.2208273957735, 13.052430580904725]], [[80.21362013863597, 13.031709870782624], [80.2136229927285, 13.03080568695864], [80.2136201474602, 13.03080567832493], [80.21362298919765, 13.029905344036662], [80.21450258989456, 13.029908011436472], [80.21449975818501, 13.030806173290435], [80.21540348752492, 13.030808910936784], [80.21540065885155, 13.031707075765993], [80.21540349454808, 13.031707084351725], [80.21540065885877, 13.032607412529417], [80.21450260418447, 13.032604691724268], [80.21449975464436, 13.033508315148948], [80.21360170345308, 13.033505591056638], [80.21360169482028, 13.03350832538451], [80.21271925818525, 13.033505645624068], [80.21272209690146, 13.032607490714446], [80.21271924796704, 13.032607482058594], [80.21272209337994, 13.031707144008946], [80.21362013863597, 13.031709870782624]], [[80.21452391157369, 13.041617055915928], [80.21540346871011, 13.04161972235123], [80.21540063938173, 13.042517323657304], [80.21452107907434, 13.042514657032235], [80.21452391157369, 13.041617055915928]], [[80.21902567229027, 13.088460607704492], [80.21902849883209, 13.08756300427843], [80.21992655441782, 13.087565719995348], [80.2199265629813, 13.087562997322461], [80.22080878368955, 13.087565662111848], [80.22080596359118, 13.08846326557126], [80.2199079018336, 13.088460552723072], [80.2199078932682, 13.088463275744273], [80.21902567229027, 13.088460607704492]], [[80.21900700582182, 13.086658749534413], [80.21900416046411, 13.087562367785758], [80.2181061050888, 13.08755964886038], [80.21810609648496, 13.087562377997303], [80.2172238654922, 13.087559703938377], [80.21722669835472, 13.086662100262284], [80.21812474755947, 13.086664822055749], [80.21812759769274, 13.085760641087372], [80.21722386234221, 13.085757902236217], [80.21722669480016, 13.084860298681438], [80.2181247444129, 13.084863020128088], [80.2181247530125, 13.084860291689253], [80.21900699003409, 13.084862962175068], [80.21900416224462, 13.085761129080149], [80.21992655127055, 13.085763918068123], [80.2199265598317, 13.085761195743387], [80.2208087868407, 13.085763860211062], [80.22080596714507, 13.086661463549135], [80.21990790498135, 13.086658751046585], [80.21990789641828, 13.086661473719648], [80.21900700582182, 13.086658749534413]], [[80.21450249819495, 13.088463285542227], [80.21362025662052, 13.08846059896047], [80.21362310445274, 13.08756245167896], [80.21271935243394, 13.087559696652827], [80.21272220331629, 13.08666155235942], [80.21181844824761, 13.08665879434547], [80.2118213004741, 13.085761189793608], [80.21271933013016, 13.08576393016061], [80.21272219804706, 13.0848602906169], [80.21362023120048, 13.084863027685065], [80.21362023989947, 13.084860283525757], [80.21452113384319, 13.084863026173895], [80.21452114252226, 13.084860285158685], [80.21540339327119, 13.084862968002827], [80.21540055247232, 13.085761122251748], [80.21630429088695, 13.085763867496894], [80.2163014531385, 13.086662024733833], [80.21630429795384, 13.086662033370988], [80.21630145136164, 13.087562925508657], [80.21630429637993, 13.087562934146979], [80.21630145133109, 13.0884632736363], [80.2154034060382, 13.088460545162262], [80.21540339737359, 13.088463283908949], [80.21450250687948, 13.088460543650433], [80.21450249819495, 13.088463285542227]], [[80.22531334342317, 13.056931730538672], [80.22443103286743, 13.056929086639634], [80.22443383282663, 13.056031486263585], [80.22533191523965, 13.056034177214997], [80.22533192364492, 13.056031479462215], [80.22623281787713, 13.056034175705841], [80.22623563162189, 13.055129990850697], [80.22531335497074, 13.05512723076217], [80.22531334656588, 13.055129928515132], [80.22443102972409, 13.055127284936248], [80.22443382928257, 13.054229684681323], [80.22533191209969, 13.054232375288906], [80.22533192050268, 13.054229677882057], [80.22623281473693, 13.054232373779975], [80.22623282312038, 13.05422967951036], [80.22713371737406, 13.054232372270922], [80.22713372573799, 13.054229681138555], [80.22803462001107, 13.054232370761762], [80.2280346283555, 13.054229682766634], [80.22891693466352, 13.054232313854413], [80.22891414940572, 13.055130521452341], [80.22891694141765, 13.055130529774068], [80.22891414763492, 13.056031422228747], [80.2289169398465, 13.056031430551597], [80.22891414586401, 13.056932323005139], [80.2289169382752, 13.05693233132912], [80.22891414409295, 13.05783322378154], [80.2289169367038, 13.05783323210665], [80.22891414420414, 13.058733517721201], [80.22803464643862, 13.058730894163723], [80.22803743565822, 13.057832690522833], [80.2271151485882, 13.057829936297688], [80.22711514021898, 13.057832628293013], [80.22623283965292, 13.05782999040131], [80.22623563516456, 13.056931792902255], [80.2253133518303, 13.056929032439795], [80.22531334342317, 13.056931730538672]], [[80.22711234993615, 13.053328114876678], [80.22623283179374, 13.053325486141905], [80.22623562444672, 13.052427886316329], [80.22711513941559, 13.052430514864174], [80.22711234993615, 13.053328114876678]], [[80.22533468791852, 13.033508968092244], [80.22621427319407, 13.033511596367978], [80.22621148466006, 13.034409195263894], [80.22533189621547, 13.034406566800993], [80.22533468791852, 13.033508968092244]], [[80.22353019165108, 13.092064218400642], [80.22353300268807, 13.09116661550534], [80.22443107392644, 13.091169316285033], [80.22443108239587, 13.091166608643352], [80.22533197656858, 13.09116931477175], [80.22533198501837, 13.091166610275554], [80.22623287921064, 13.09116931325835], [80.22623288764078, 13.09116661190765], [80.2271150717201, 13.091169255705518], [80.22711227180905, 13.092067449870337], [80.22711507855489, 13.092067458277564], [80.22711227003285, 13.092968350646453], [80.22711507697883, 13.092968359054817], [80.22711227009938, 13.093868660346656], [80.22621418650068, 13.09386596834703], [80.2262141780664, 13.093868670388504], [80.22531328734128, 13.093865966833198], [80.22531327888734, 13.09386867202097], [80.22443109741594, 13.09386602156285], [80.22443390741009, 13.092967837348912], [80.22443108736682, 13.092967828872005], [80.22443390563342, 13.092066936322846], [80.22353019165108, 13.092064218400642]], [[80.22443106532005, 13.080355214523317], [80.22443387894549, 13.079454906833103], [80.22531329382585, 13.079457546273469], [80.22531049000119, 13.080355736370047], [80.2253133006869, 13.080355744801693], [80.2253104882264, 13.08125663714597], [80.22531329911273, 13.081256645578755], [80.22531048828573, 13.082156950434175], [80.2244310769266, 13.082154310488857], [80.2244338843232, 13.081256124010224], [80.22443106689401, 13.08125611554821], [80.22443388254817, 13.080355222984185], [80.22443106532005, 13.080355214523317]], [[80.22172838642823, 13.092064215483976], [80.22173120399003, 13.091166612279821], [80.22261057576652, 13.091169262997282], [80.22260776138752, 13.092066866389425], [80.22172838642823, 13.092064215483976]], [[80.22533197008639, 13.076748906834966], [80.22533477119553, 13.075851305279553], [80.22621419931819, 13.075853941016794], [80.22621140138818, 13.07675154275934], [80.22533197008639, 13.076748906834966]], [[80.22803459775105, 13.030802967751086], [80.22803737891405, 13.029905369746155], [80.22891697706493, 13.029907988211178], [80.2289141990701, 13.030805586402622], [80.22803459775105, 13.030802967751086]], [[80.23071597198583, 13.046121517089746], [80.23071875547753, 13.046121525361379], [80.2307159721226, 13.047021801372162], [80.2298364312168, 13.04701918599536], [80.22983921136615, 13.04612097378871], [80.22983642134982, 13.046120965488207], [80.22983920769757, 13.045220686416432], [80.23071874877246, 13.045223301449296], [80.23071597198583, 13.046121517089746]], [[80.24965906958305, 13.083959455885205], [80.25053846335211, 13.083962010174794], [80.25053575165592, 13.084859608366703], [80.24965635470579, 13.084857053895872], [80.24965906958305, 13.083959455885205]], [[80.2487339467466, 13.084859611585715], [80.24785454949016, 13.084857050975614], [80.24785727088836, 13.083959452666404], [80.24873666496372, 13.083962013094828], [80.2487339467466, 13.084859611585715]], [[80.26044566626115, 13.091165897718477], [80.25956629444893, 13.09116337595243], [80.25956897480071, 13.0902657791446], [80.26044834343034, 13.090268300731811], [80.26044566626115, 13.091165897718477]], [[80.24333132982535, 13.054229655903272], [80.24332858847004, 13.055130548669114], [80.24333132825244, 13.055130556682498], [80.2433285867011, 13.056031449447257], [80.2433313266794, 13.056031457461728], [80.24332858694152, 13.056931689971194], [80.24243043596991, 13.056929061137124], [80.24242768272136, 13.057832592587525], [80.24152953523111, 13.057829960466497], [80.24152677650797, 13.058734148380271], [80.24152952360453, 13.058734156436245], [80.2415267767307, 13.059634396213141], [80.24064728449672, 13.059631815400655], [80.24065002847026, 13.058733567723003], [80.23972773532672, 13.058730858284376], [80.23972772722738, 13.05873350651407], [80.23884547771169, 13.058730911634246], [80.23884822798155, 13.057832670101023], [80.23884546802061, 13.05783266197923], [80.23884822621167, 13.056931769076765], [80.23794457195885, 13.056929108471627], [80.23794732508203, 13.056030869753492], [80.23704366778009, 13.05602820616252], [80.23704642199596, 13.055130607989398], [80.23794455058218, 13.05513325511504], [80.23794455871483, 13.055130601459348], [80.23884545321793, 13.055133253604412], [80.23884546133138, 13.055130603086154], [80.2397277234465, 13.055133197338359], [80.23972497693178, 13.056031442645319], [80.24064726006112, 13.056034151544015], [80.24065002139193, 13.055129963626843], [80.24064726855157, 13.055129955546738], [80.24065001962266, 13.054229062602806], [80.23972774318753, 13.054226354081603], [80.23972773509367, 13.054229001462613], [80.2388454698439, 13.054226407368168], [80.23884821716041, 13.053328809619511], [80.2397463527101, 13.053331450171067], [80.23974911672438, 13.052427262255064], [80.23884546669765, 13.052424605661763], [80.2388482136209, 13.051527008034384], [80.23974634956714, 13.051529648248449], [80.23974911120402, 13.05062610884886], [80.24064725063079, 13.05062874577683], [80.24065000878741, 13.04972520966306], [80.24154815169422, 13.049727843305313], [80.24154815974359, 13.049725203215436], [80.24243043047882, 13.049727787280286], [80.24242769487098, 13.050626043078731], [80.24334995853494, 13.050628741245232], [80.24334996654717, 13.050626107258832], [80.2442508611694, 13.050628739734472], [80.24425086916258, 13.05062610888449], [80.245133126499, 13.05062868386078], [80.24513040245675, 13.051526280704707], [80.24423224373739, 13.051523659113707], [80.24422949621821, 13.052427848034458], [80.2451517669479, 13.052430540144918], [80.2451517749242, 13.052427912094254], [80.24603402254921, 13.05243048430047], [80.24603130136924, 13.053328081115248], [80.2451331397601, 13.053325462307189], [80.24513313178203, 13.053328090695107], [80.24423224059302, 13.053325460795884], [80.24423223259588, 13.053328092321024], [80.24333134142606, 13.053325459284695], [80.24332859023883, 13.054229647890976], [80.24333132982535, 13.054229655903272]], [[80.24425358877735, 13.039814639424382], [80.24425085232437, 13.03981463143921], [80.24425358498252, 13.038914406572376], [80.24513314694606, 13.038916971536445], [80.24513042340365, 13.03981523883687], [80.24513315333532, 13.039815246793738], [80.2451304216371, 13.040716139615256], [80.24513315176418, 13.040716147573209], [80.2451304219046, 13.041616369609452], [80.24425086344917, 13.041613804152899], [80.24425359054415, 13.040715540447952], [80.24425085389528, 13.040715532461697], [80.24425358877735, 13.039814639424382]], [[80.23704639918736, 13.042517356087679], [80.23704363605816, 13.042517347946191], [80.2370463954546, 13.041617096103646], [80.2379445270219, 13.041619740691985], [80.23794453513803, 13.041617089588796], [80.23884542965588, 13.04161973918299], [80.23884819239443, 13.04071619852364], [80.23974633071985, 13.040718836712546], [80.23974633879654, 13.040716192047965], [80.24064723335349, 13.040718835203434], [80.24064724141105, 13.040716193673063], [80.24152954700564, 13.040718779251906], [80.24152681010767, 13.04161703359956], [80.2415295534735, 13.041617041634792], [80.24152681034346, 13.042517277041815], [80.24062866277893, 13.042514644664113], [80.24062590413237, 13.04341883345643], [80.24062865115218, 13.04341884151296], [80.24062590435895, 13.044319080666185], [80.23972776047029, 13.044316444835715], [80.2397277523885, 13.044319090349367], [80.23882686130273, 13.044316443326176], [80.23882685320177, 13.044319091975046], [80.23792596213526, 13.044316441816749], [80.23792595401513, 13.044319093600837], [80.23702506296793, 13.044316440307439], [80.23702505482856, 13.044319095226738], [80.23614274473421, 13.044316493618897], [80.23614549963789, 13.04341889608181], [80.2370436275273, 13.043421544124186], [80.23704639918736, 13.042517356087679]], [[80.23524459162378, 13.03801285436363], [80.23524182296345, 13.038012846189204], [80.23524458985621, 13.037111953338975], [80.23524182139407, 13.037111945165659], [80.23524458613619, 13.036211688137522], [80.23614271233873, 13.03621433793895], [80.23614272048663, 13.03621168159052], [80.23704361497224, 13.036214336430838], [80.23704362310094, 13.036211683215612], [80.23792595806636, 13.036214280325773], [80.23792321115904, 13.037111877410691], [80.23702507552491, 13.03710923358595], [80.23702230497695, 13.0380134219948], [80.23702506385696, 13.038013430121387], [80.23702230517618, 13.038913681035611], [80.23612417321849, 13.03891103375776], [80.23612416506654, 13.038913690788764], [80.23524183270393, 13.038911087047726], [80.23524459162378, 13.03801285436363]], [[80.23522048790106, 13.045219991315749], [80.23432236389677, 13.045217336620045], [80.23432235569851, 13.045220001115986], [80.2334400384931, 13.045217390108023], [80.23344280334487, 13.044319792053507], [80.23434092119318, 13.044322449612787], [80.2343409293896, 13.044319785458983], [80.23522324633095, 13.044322393228722], [80.23522048790106, 13.045219991315749]], [[80.24152680127007, 13.04612153748928], [80.2424304367706, 13.0461241834871], [80.24242770395132, 13.047021780480398], [80.2415295540931, 13.04701915037736], [80.24152954604631, 13.047021790128692], [80.24064726246982, 13.047019203453177], [80.24065000370491, 13.046120953386557], [80.24064725283277, 13.046120945317405], [80.24064999994329, 13.045220705699348], [80.24152953914492, 13.045223283993975], [80.24152680127007, 13.04612153748928]], [[80.24155088868847, 13.039815302548686], [80.24243044777641, 13.039817876848865], [80.24242771632707, 13.040715473417887], [80.24154815406857, 13.040712898934473], [80.24155088868847, 13.039815302548686]], [[80.2568634921606, 13.0416164099803], [80.25686617945719, 13.040716230627307], [80.25776438337108, 13.040718806508906], [80.25776439106943, 13.040716224528277], [80.25864663180042, 13.040718751597339], [80.25864395649715, 13.04161706585546], [80.2595475294269, 13.041619651087476], [80.25954485932691, 13.04251724493789], [80.25864664616134, 13.04251467487648], [80.25864395511117, 13.043418147549534], [80.25774574541849, 13.043415574207486], [80.2577457377163, 13.043418156851315], [80.25686350302702, 13.043415626243485], [80.25686618511912, 13.042517318725373], [80.2568634937334, 13.042517311001307], [80.25686618335374, 13.041616417703317], [80.2568634921606, 13.0416164099803]], [[80.25866527971415, 13.037115201161301], [80.25866528738966, 13.037112622977125], [80.25956618234493, 13.037115199650254], [80.25956619000179, 13.037112624599459], [80.26044843649774, 13.037115144898719], [80.26044577060246, 13.03801273829798], [80.25954755319411, 13.038010172173758], [80.25954754553554, 13.03801274755546], [80.25864665402322, 13.0380101706625], [80.25864664634598, 13.038012749177987], [80.25774575485242, 13.03801016915136], [80.25774574715652, 13.038012750800624], [80.25686349358507, 13.03801022111323], [80.25686617239525, 13.037112627449885], [80.25776437708326, 13.037115202672231], [80.25776438477743, 13.037112621354673], [80.25866527971415, 13.037115201161301]], [[80.25506437404356, 13.036211014963834], [80.2550616774872, 13.036211007209648], [80.25506437015895, 13.035310822653528], [80.25594394363871, 13.035313350284463], [80.2559412597595, 13.036211656086952], [80.25684484126668, 13.036214249775743], [80.25684216257005, 13.037111843706187], [80.25594395808284, 13.037109265286938], [80.25594395035056, 13.037111853037604], [80.25506168680982, 13.037109317346593], [80.25506437404356, 13.036211014963834]], [[80.24605538545678, 13.039815310576204], [80.2469349437728, 13.039817869574469], [80.2469322285688, 13.040715465389843], [80.24605266708222, 13.040712906209436], [80.24605538545678, 13.039815310576204]], [[80.25416077163014, 13.029902109053133], [80.2541634584515, 13.029004515490973], [80.25504305544426, 13.029007045110648], [80.25504037179087, 13.029904638853], [80.25416077163014, 13.029902109053133]], [[80.25326258204754, 13.040716224209499], [80.25414213579853, 13.04071875887795], [80.25413944639423, 13.041616353557476], [80.25325988947249, 13.041613818708623], [80.25326258204754, 13.040716224209499]], [[80.25594393262529, 13.041619656912872], [80.25594124952731, 13.04251725135576], [80.25506169624964, 13.042514722475682], [80.25506438251858, 13.041617128212764], [80.25594393262529, 13.041619656912872]], [[80.25324123974481, 13.038916958439417], [80.25323854747707, 13.039814553146554], [80.2523589837244, 13.039812015543514], [80.25236167916249, 13.038914421017], [80.25324123974481, 13.038916958439417]], [[80.26497163589131, 13.048821044491605], [80.26497428774506, 13.047923451423403], [80.26585381280499, 13.047925947510521], [80.26585116412373, 13.048823540756288], [80.26497163589131, 13.048821044491605]], [[80.25954754868174, 13.036210945538933], [80.25864665716709, 13.036208368976926], [80.25864664949195, 13.03621094716127], [80.25776439303952, 13.036208420859017], [80.25776706821792, 13.035310827464862], [80.25866527657075, 13.035313399243167], [80.25866528424417, 13.03531082139014], [80.25956617920129, 13.03531339773234], [80.25956618685608, 13.035310823012292], [80.26044843964496, 13.035313343005821], [80.26044577413174, 13.036210936283709], [80.25954755633823, 13.036208370487964], [80.25954754868174, 13.036210945538933]], [[80.27758683634254, 13.026301854758678], [80.27846643944477, 13.026304304423395], [80.27846384075178, 13.027201894177285], [80.2775842344822, 13.027199444338036], [80.27758683634254, 13.026301854758678]], [[80.270379659149, 13.035310849906907], [80.27125923006952, 13.035313325528069], [80.27125660353032, 13.036210917047507], [80.27037702944031, 13.036208441250073], [80.270379659149, 13.035310849906907]], [[80.26947614416937, 13.046118349213113], [80.26947877920156, 13.04522075705626], [80.27037702807053, 13.045223290127693], [80.2703770355145, 13.045220751210868], [80.2712592127386, 13.045223235926288], [80.27125658412862, 13.046120828114121], [80.27035832908658, 13.0461182979156], [80.27035832164091, 13.04612083715845], [80.26947614416937, 13.046118349213113]], [[80.27305839432444, 13.043418121889761], [80.27217884724273, 13.04341565101772], [80.27218147195977, 13.042518059478528], [80.27306101587028, 13.042520530174746], [80.27305839432444, 13.043418121889761]]], [[[80.19918705314319, 13.17315128755221], [80.19918413358307, 13.174049367223928], [80.19918706070057, 13.174049376361367], [80.19918413179174, 13.174950267996522], [80.19918705911677, 13.174950277135192], [80.19918413000028, 13.175851168769112], [80.20010685083496, 13.175854047893873], [80.20010685995891, 13.175851238558321], [80.20100775349124, 13.17585404637341], [80.20101068504019, 13.17495034852222], [80.20190865456381, 13.174953143887285], [80.20191158258851, 13.174049449356481], [80.20280955563616, 13.174052241401258], [80.20281248013711, 13.173148550190477], [80.2037104567083, 13.173151338915337], [80.20371046574655, 13.173148542769669], [80.20461135936377, 13.17315133739475], [80.20461427702615, 13.172247652646876], [80.20551226043543, 13.172250434908923], [80.20551226943165, 13.17224764526788], [80.20641316309056, 13.172250433388223], [80.20641317206638, 13.17224764691077], [80.20729514733182, 13.172250373416924], [80.20729225744773, 13.173148481925786], [80.20821496998455, 13.173151331311274], [80.20821497892085, 13.173148550984584], [80.20911587263946, 13.173151329790121], [80.20911877534336, 13.172247156849792], [80.20911588158773, 13.17224714792967], [80.20911877355358, 13.171346255821737], [80.20911588000314, 13.171346246902814], [80.20911877176391, 13.170445354793682], [80.20911587841869, 13.170445345875956], [80.20911876997438, 13.169544453765631], [80.20911587683435, 13.169544444849105], [80.20911876818498, 13.168643552737587], [80.2081960723259, 13.168640707558236], [80.20819606339482, 13.168643487179393], [80.20731407891542, 13.168640764434096], [80.20731696769717, 13.167742655145979], [80.20639427561458, 13.167739803680321], [80.206394266644, 13.167742589450624], [80.20551227208496, 13.167739860654228], [80.20551516720856, 13.166841757554383], [80.20459247890312, 13.166838899803293], [80.20459246989299, 13.16684169172194], [80.20369157975598, 13.166838898283363], [80.20369157072541, 13.166841693364605], [80.20279068060896, 13.166838896763542], [80.20278775592531, 13.167743068691768], [80.2036915585429, 13.167745874517944], [80.20368865815398, 13.168643486364866], [80.20279067744342, 13.16864069843632], [80.20279066838997, 13.168643497035442], [80.20188977829673, 13.1686406969164], [80.2018868498932, 13.16954486851879], [80.20188976609089, 13.169544877588539], [80.20188684965005, 13.170445291635787], [80.20098887598459, 13.170442497068935], [80.20098594386023, 13.171346668345247], [80.20098886376611, 13.171346677437935], [80.20098594206952, 13.172247569118063], [80.20098886218244, 13.172247578211975], [80.20098594181476, 13.173147996297633], [80.20008797208942, 13.173145198057238], [80.20008796296835, 13.173148007036525], [80.1992059632292, 13.173145255501451], [80.19920888250219, 13.172247175761758], [80.19920595250436, 13.172247166616733], [80.19920888071113, 13.171346274732505], [80.19828617696366, 13.171343393345376], [80.19828616780391, 13.171346208295418], [80.1973852778179, 13.171343391825692], [80.19738233376177, 13.172247101777756], [80.19648437708976, 13.172244291141755], [80.19648142801853, 13.173148461291158], [80.19738525478803, 13.173151290480996], [80.1973823286789, 13.174049363783706], [80.1983050423559, 13.174052249002484], [80.19830798343503, 13.173148542074847], [80.19918705314319, 13.17315128755221]]], [[[80.24154827621977, 13.12089901922469], [80.24155104846244, 13.119994835653412], [80.24062852726786, 13.119992116966722], [80.24062575165404, 13.120896300344182], [80.24154827621977, 13.12089901922469]]]]}}, {"id": "11", "type": "Feature", "properties": {"hotspot_id": "HOT_0012", "cluster_area_m2": 156964.17, "cluster_perimeter_m": 1784.55, "cluster_size_pixels": 16, "mean_lst": 41.79, "peak_lst": 43.2}, "geometry": {"type": "Polygon", "coordinates": [[[80.28657427625902, 13.181253452133518], [80.28657165596384, 13.182157640584407], [80.2865742651147, 13.182157647844518], [80.28657165418271, 13.18305854136753], [80.28657426351845, 13.183058548628617], [80.28657165240143, 13.183959442150652], [80.28747515384103, 13.183961954926879], [80.28747255308487, 13.184860344644143], [80.28839532656328, 13.184862907903515], [80.2883953337938, 13.184860407088841], [80.28929622920953, 13.184862906370912], [80.28929883775037, 13.183959515141924], [80.2901971302593, 13.183962003883323], [80.29019973760907, 13.183057814844512], [80.29019713816514, 13.183057807647716], [80.29019973582828, 13.18215691382622], [80.29019713656852, 13.18215690663039], [80.2901997340476, 13.181256012807927], [80.28929623954679, 13.18125351013093], [80.28929883292986, 13.180355113499235], [80.28837607616646, 13.18035255435098], [80.28837606894014, 13.180355054531699], [80.28747517701044, 13.180352552818926], [80.28747256250021, 13.181255949929714], [80.28657427625902, 13.181253452133518]]]}}, {"id": "12", "type": "Feature", "properties": {"hotspot_id": "HOT_0013", "cluster_area_m2": 166767.57, "cluster_perimeter_m": 2175.77, "cluster_size_pixels": 17, "mean_lst": 41.56, "peak_lst": 42.84}, "geometry": {"type": "Polygon", "coordinates": [[[80.24963741248318, 13.175850619826582], [80.2487365213607, 13.175847982837572], [80.2487337652548, 13.176751514429304], [80.24783562061928, 13.17674888215288], [80.2478356125504, 13.176751524111896], [80.24693472146794, 13.176748880626336], [80.24693195657026, 13.177653061339736], [80.24783560091679, 13.1776557130779], [80.24783285724357, 13.178553963832625], [80.24875559888079, 13.178556668507188], [80.24875560693182, 13.178554029545717], [80.24963739768931, 13.178556611085263], [80.24963466037637, 13.179454868040052], [80.25055740577206, 13.179457566412992], [80.25055741378559, 13.179454933614434], [80.25145830842241, 13.179457564885777], [80.25145831641667, 13.179454935252366], [80.25235921107266, 13.179457563358453], [80.25236195643458, 13.178553381643527], [80.25235921946721, 13.178553373664526], [80.25236195464953, 13.177652480620674], [80.25235921787615, 13.177652472642748], [80.25236195286459, 13.17675157959783], [80.2523592162852, 13.176751571620972], [80.25236195107978, 13.175850678574978], [80.25143921881612, 13.17584798741789], [80.25143647265524, 13.176751509573515], [80.25055741901913, 13.176748942545542], [80.25056015239439, 13.175850682002618], [80.24963742051239, 13.175847984364236], [80.24963741248318, 13.175850619826582]]]}}, {"id": "13", "type": "Feature", "properties": {"hotspot_id": "HOT_0014", "cluster_area_m2": 3951325.22, "cluster_perimeter_m": 15419.78, "cluster_size_pixels": 405, "mean_lst": 41.96, "peak_lst": 46.86}, "geometry": {"type": "Polygon", "coordinates": [[[80.27396172933737, 13.152427898324142], [80.27395908065827, 13.153328042990807], [80.27306083828387, 13.153325502975413], [80.27306083077347, 13.153328052110234], [80.27215993912627, 13.153325501448538], [80.27215993159724, 13.153328053742861], [80.2712590399688, 13.153325499921777], [80.27125636929955, 13.154229687276132], [80.27215992028852, 13.154232248804012], [80.27215726997936, 13.155130589766156], [80.27215992622757, 13.155130597292326], [80.27215726820015, 13.156031490547592], [80.27307993060933, 13.156034103317289], [80.27307993812208, 13.15603155385859], [80.27396171548031, 13.156034047753588], [80.27395907354057, 13.15693164701383], [80.27306083192315, 13.156929106354761], [80.2730608244087, 13.15693165613766], [80.27215993276602, 13.156929104827453], [80.27215726464134, 13.157833292110453], [80.2721599214553, 13.157833299639659], [80.27215726286174, 13.158734192891878], [80.27215991986428, 13.1587342004221], [80.27215726326726, 13.159634353260255], [80.27125902883785, 13.15963180583414], [80.27125635684244, 13.160535992745393], [80.27125901751378, 13.1605360002963], [80.27125635723945, 13.161436156887019], [80.27035812650014, 13.161433605995784], [80.27035545082231, 13.162337792598352], [80.27035811516338, 13.162337800169988], [80.27035544904184, 13.16323869337955], [80.27035811357199, 13.163238700952206], [80.27035544726125, 13.164139594160755], [80.27125900358858, 13.164142160665774], [80.27125634794072, 13.165040496651955], [80.272159901182, 13.165043060139794], [80.2721572486204, 13.165941399143255], [80.273079948109, 13.165944013844285], [80.27307995563288, 13.165941462603541], [80.27398085075473, 13.165944012315883], [80.27398085825996, 13.165941464237244], [80.27488175340035, 13.165944010787365], [80.27488176088698, 13.165941465870834], [80.27576349633425, 13.165943955200358], [80.27576085668298, 13.166842306763952], [80.27666439392708, 13.166844854673268], [80.27666175736381, 13.167743209255455], [80.27756529151965, 13.167745754145903], [80.27756265804487, 13.168644111747051], [80.27756529735967, 13.168644119176772], [80.27756265626445, 13.169545012529118], [80.27756529576645, 13.169545019959838], [80.27756265448392, 13.170445913311177], [80.27756529417313, 13.170445920742894], [80.27756265270325, 13.171346814093235], [80.27756529257967, 13.17134682152595], [80.27756265314294, 13.172246957649367], [80.2766644014894, 13.172244426835157], [80.27666174889248, 13.173147860270277], [80.27576350074084, 13.173145326150761], [80.27576084243628, 13.174049513018689], [80.27576348946457, 13.174049520491556], [80.27576084065488, 13.174950413800522], [80.27666437957797, 13.174952963170382], [80.27666174133563, 13.175851316292986], [80.27666438544367, 13.175851323749264], [80.27666173955409, 13.176752217074924], [80.27758448045137, 13.176754817678303], [80.27758448789427, 13.17675228031642], [80.27846617475852, 13.176754762113585], [80.27846354269779, 13.177653121278215], [80.27938628733834, 13.177655715573843], [80.27938893085461, 13.176752290995456], [80.28026797312954, 13.176754759168233], [80.28026534762363, 13.177653124699127], [80.28118809263113, 13.177655712512523], [80.28119072951854, 13.176752294226358], [80.28208899368306, 13.176754810025823], [80.28208900103343, 13.176752288486473], [80.28298989632906, 13.176754808494985], [80.28298990366098, 13.17675229012014], [80.28389079897494, 13.17675480696404], [80.28389342799929, 13.175850618663944], [80.28389080695977, 13.175850611346592], [80.28389342395148, 13.17495049747786], [80.28479169843176, 13.174953003521889], [80.28479170572493, 13.174950491794748], [80.2856926010772, 13.174953001990934], [80.285692608352, 13.17495049342789], [80.28657427062359, 13.174952946970613], [80.2865716684283, 13.175851335102497], [80.28749440796244, 13.175853899883906], [80.28749441520156, 13.175851397490302], [80.28839531060764, 13.175853898352502], [80.28839531782845, 13.175851399123198], [80.28929621325271, 13.175853896820987], [80.28929882224858, 13.174949707388881], [80.28929622116694, 13.174949700182525], [80.28929882046882, 13.174048806370497], [80.28929621957157, 13.174048799165107], [80.28929881868916, 13.173147905352113], [80.28839532256157, 13.17314540092588], [80.28839791757127, 13.17224700604246], [80.2883953137482, 13.172246998820738], [80.28839791579176, 13.171346105023968], [80.28749441675504, 13.171343597734902], [80.28749701467366, 13.170445205714104], [80.28659351254473, 13.170442695403171], [80.28659611355532, 13.169544306404138], [80.2865935036983, 13.16954429914873], [80.28659611177596, 13.168643405385438], [80.28569260673954, 13.168640892213057], [80.28569521065744, 13.167742506075259], [80.28569259787712, 13.167742498803472], [80.2856952065931, 13.166842393532118], [80.28659348937634, 13.166844891861773], [80.28659610643864, 13.165940702329339], [80.28569260195493, 13.165938189637084], [80.28569520532012, 13.165039803018841], [80.2856925930958, 13.165039795749985], [80.28569520354128, 13.164138902000042], [80.28479169615171, 13.164136386447762], [80.28479430014227, 13.163238788729458], [80.28569258035975, 13.163241289569996], [80.28569519998398, 13.162337099962437], [80.28569258831561, 13.162337092696514], [80.28569519820549, 13.16143619894364], [80.28569258672248, 13.161436191678696], [80.28569519642716, 13.160535297924847], [80.28569258512945, 13.160535290660876], [80.28569519464895, 13.159634396906046], [80.28569258353656, 13.159634389643058], [80.28569519287085, 13.158733495887255], [80.28569258194379, 13.158733488625241], [80.285695188803, 13.157833385559497], [80.28659347344806, 13.157835882308122], [80.28659348068601, 13.157833379929741], [80.28749437609102, 13.157835880779011], [80.2874943833107, 13.157833381560911], [80.28839527873386, 13.15783587924978], [80.2883952859353, 13.157833383191962], [80.2892961813766, 13.157835877720439], [80.2892987866772, 13.156931687021476], [80.28839529385333, 13.156929185465128], [80.28839788555948, 13.156030787709899], [80.28747522004505, 13.156028229960437], [80.28747521282668, 13.156030729019898], [80.28659348703395, 13.156028281663435], [80.28659608510071, 13.155129890105101], [80.28567342331891, 13.155127326056183], [80.28567341606494, 13.155129831276602], [80.28477252415993, 13.155127324527516], [80.28476990264012, 13.156031514458984], [80.28477251301072, 13.156031521727444], [80.28476990314613, 13.156931627649694], [80.28389078078789, 13.156929178108319], [80.28389338885535, 13.156030796245444], [80.2829898765815, 13.156028275778896], [80.28299248773625, 13.15512989693378], [80.28208897237536, 13.155127373449757], [80.28209158661691, 13.154228997622011], [80.28208896345654, 13.154228990291488], [80.28209158483911, 13.153328096602792], [80.28208896186499, 13.153328089273254], [80.28209158306146, 13.152427195583575], [80.28118806498479, 13.152424669404652], [80.28119068194192, 13.151526296271491], [80.28118805605101, 13.151526288925526], [80.28119068016439, 13.150625395252167], [80.28118805445993, 13.150625387907194], [80.28119067838698, 13.149724494232853], [80.28118805286901, 13.14972448688887], [80.2811906766097, 13.148823593213535], [80.28028715600422, 13.148821064502242], [80.28028977548999, 13.147922693901018], [80.27938625180008, 13.147920162174435], [80.27938887437003, 13.147021794588404], [80.27938624283526, 13.147021787210544], [80.2793888725929, 13.146120893568874], [80.2784853460051, 13.146118358989106], [80.27848797147274, 13.145219994256049], [80.27758444180171, 13.145217456661964], [80.27758707035238, 13.144319094943121], [80.27758443280356, 13.144319087531322], [80.27758706857539, 13.143418193923376], [80.27666445240229, 13.143415599786236], [80.27666180360993, 13.144319788924054], [80.27666444115819, 13.144319796345318], [80.27666180406122, 13.145219929100232], [80.27576355006487, 13.145217399950374], [80.27576089759714, 13.146121588781005], [80.27576353880806, 13.146121596222777], [80.27576089581964, 13.147022489562893], [80.27576353721822, 13.147022497005668], [80.27576089404204, 13.147923390344776], [80.27666442736893, 13.147925934845373], [80.2766617969495, 13.148823533122187], [80.27576354370723, 13.148821003330943], [80.27576089270539, 13.149724435740954], [80.27486264295909, 13.149721902649317], [80.27485998846102, 13.15062533835999], [80.27396174221118, 13.150622801967586], [80.27395908201242, 13.151526990056572], [80.27396173092774, 13.151526997541476], [80.27395908023395, 13.152427890838227], [80.27396172933737, 13.152427898324142]], [[80.28028980347466, 13.163238780660052], [80.28118806713915, 13.163241297216576], [80.28118807449314, 13.163238774915293], [80.28206979542452, 13.163241242069118], [80.28206718151058, 13.164138840529084], [80.28116891160656, 13.164136326872239], [80.28116890425092, 13.164138849494064], [80.28028718307986, 13.164136379088932], [80.28028980347466, 13.163238780660052]]]}}, {"id": "14", "type": "Feature", "properties": {"hotspot_id": "HOT_0015", "cluster_area_m2": 59219.74, "cluster_perimeter_m": 1386.1, "cluster_size_pixels": 6, "mean_lst": 40.8, "peak_lst": 41.35}, "geometry": {"type": "Polygon", "coordinates": [[[80.25053832602369, 13.172244382522337], [80.25053557732952, 13.17314790715972], [80.24963742528183, 13.173145281838055], [80.24963741725587, 13.173147916798856], [80.24873652612979, 13.173145280311722], [80.24873651808454, 13.173147918436465], [80.24783562697787, 13.173145278785501], [80.24783286616996, 13.174049459940324], [80.24783561534743, 13.174049468000891], [80.24783286438493, 13.174950360718785], [80.24875559252122, 13.17495306466761], [80.24875834815529, 13.174049533633816], [80.24965649358151, 13.174052162181372], [80.24965650160783, 13.174049527220744], [80.25055739623127, 13.174052160654924], [80.25055740423834, 13.174049528858239], [80.25145829888092, 13.174052159128365], [80.25146104638311, 13.173147977219887], [80.25145830728475, 13.173147969228092], [80.25146104459868, 13.172247076196939], [80.25053832602369, 13.172244382522337]]]}}, {"id": "15", "type": "Feature", "properties": {"hotspot_id": "HOT_0016", "cluster_area_m2": 361836.69, "cluster_perimeter_m": 2770.12, "cluster_size_pixels": 37, "mean_lst": 42.24, "peak_lst": 44.9}, "geometry": {"type": "Polygon", "coordinates": [[[80.26405181968607, 13.168640802055764], [80.26404912146741, 13.169544278870095], [80.26315091894078, 13.169541701371847], [80.26314821721725, 13.170445181493436], [80.26225001819572, 13.170442600687826], [80.26224731086813, 13.171346785008444], [80.26225000674975, 13.171346792759778], [80.26224730908535, 13.172247685788655], [80.26225000515817, 13.172247693541028], [80.26224730730246, 13.173148586568857], [80.26225000356644, 13.173148594322278], [80.26224730551942, 13.174049487349063], [80.26315089339977, 13.174052084298314], [80.26314820619669, 13.17495038984147], [80.26407093755559, 13.174953038702725], [80.2640709452775, 13.174950454201031], [80.26497184020363, 13.174953037174362], [80.26497184790665, 13.174950455836791], [80.26587274285156, 13.174953035645892], [80.2658727505357, 13.174950457472441], [80.26677364549938, 13.174953034117305], [80.26677633484691, 13.174049565982825], [80.26767454655504, 13.174052131630985], [80.26767723453915, 13.173147946395192], [80.26767455474909, 13.173147938745844], [80.26767723061474, 13.172247766008374], [80.26857544601854, 13.172250328187259], [80.26857813031577, 13.17134614264201], [80.26857545420017, 13.171346135013513], [80.26857812853382, 13.170445241621131], [80.26767455761437, 13.170442664493264], [80.26767722741062, 13.169544342311237], [80.26675451555883, 13.169541707483333], [80.26675450789902, 13.16954428167595], [80.26587275078805, 13.169541760694893], [80.26587542694548, 13.16864344471234], [80.26495271884065, 13.16864080358347], [80.26495271114418, 13.168643383938539], [80.26405181968607, 13.168640802055764]]]}}, {"id": "16", "type": "Feature", "properties": {"hotspot_id": "HOT_0017", "cluster_area_m2": 59185.0, "cluster_perimeter_m": 1190.36, "cluster_size_pixels": 6, "mean_lst": 41.45, "peak_lst": 42.77}, "geometry": {"type": "Polygon", "coordinates": [[[80.1973852952186, 13.161433482632635], [80.1973823519577, 13.162337653742657], [80.19738528296173, 13.162337662905257], [80.19738235016779, 13.163238554515058], [80.19738528137981, 13.16323856367889], [80.19738234837774, 13.16413945528745], [80.19830502495107, 13.164142338376443], [80.19830503410017, 13.164139525034413], [80.19920592760606, 13.16414233685762], [80.19920886307203, 13.163238635022676], [80.2001068286792, 13.163241434372882], [80.20010976215846, 13.162337262721445], [80.19918709193132, 13.162334386505664], [80.19918708280441, 13.162337196507623], [80.19830504159879, 13.162334443843195], [80.19830796166644, 13.161436365129486], [80.1973852952186, 13.161433482632635]]]}}, {"id": "17", "type": "Feature", "properties": {"hotspot_id": "HOT_0018", "cluster_area_m2": 98332.18, "cluster_perimeter_m": 1390.03, "cluster_size_pixels": 10, "mean_lst": 42.18, "peak_lst": 44.09}, "geometry": {"type": "Polygon", "coordinates": [[[80.29558330451415, 13.160532747964357], [80.29558329745437, 13.160535219368084], [80.29468240535462, 13.160532746433793], [80.29468239827678, 13.160535220998602], [80.2937815061952, 13.160532744903346], [80.29377891659276, 13.161436936229316], [80.29378149515695, 13.161436943321469], [80.29377891481546, 13.162337837013348], [80.29378149356265, 13.162337844106457], [80.29377891303804, 13.163238737797379], [80.29468238405862, 13.163241221459202], [80.29467981372353, 13.164139640288385], [80.29560251102917, 13.164142173691875], [80.29560509213538, 13.16323880808678], [80.29650341207753, 13.1632412712067], [80.29650599205647, 13.16233707947539], [80.29650341989289, 13.162337072427688], [80.29650599027939, 13.161436178457896], [80.29650341829834, 13.161436171411143], [80.29650598850246, 13.160535277440408], [80.29558330451415, 13.160532747964357]]]}}, {"id": "18", "type": "Feature", "properties": {"hotspot_id": "HOT_0019", "cluster_area_m2": 79147.03, "cluster_perimeter_m": 1784.58, "cluster_size_pixels": 8, "mean_lst": 41.42, "peak_lst": 42.62}, "geometry": {"type": "Polygon", "coordinates": [[[80.30188961616803, 13.15062284934995], [80.30188960924437, 13.150625296914678], [80.30098871700642, 13.150622847819793], [80.30098615582935, 13.151527041245325], [80.30188959831573, 13.151529497434357], [80.30188705651683, 13.152427943734905], [80.30188960364589, 13.15242795065576], [80.30188705715115, 13.153327993004625], [80.30098871222626, 13.153325550364393], [80.30098615050404, 13.154229743600078], [80.30190881198699, 13.15423225248371], [80.30190881891376, 13.154229804452338], [80.30279049272133, 13.154232198786485], [80.30278795365444, 13.15513064779486], [80.30371061886196, 13.15513315037572], [80.30371317078162, 13.15422895667678], [80.30371062658027, 13.154228949781064], [80.30371316900661, 13.153328055660172], [80.30280972926562, 13.153325605580104], [80.30281226789265, 13.15242715634811], [80.3028097207631, 13.152427149436406], [80.3028122661178, 13.151526255331394], [80.30280971916912, 13.151526248420616], [80.30281226434306, 13.150625354314684], [80.30188961616803, 13.15062284934995]]]}}, {"id": "19", "type": "Feature", "properties": {"hotspot_id": "HOT_0020", "cluster_area_m2": 490232.95, "cluster_perimeter_m": 5536.62, "cluster_size_pixels": 50, "mean_lst": 41.85, "peak_lst": 44.08}, "geometry": {"type": "Polygon", "coordinates": [[[80.2793645198671, 13.13981529013221], [80.2793671466197, 13.139815297493135], [80.27936451809099, 13.140716190914535], [80.27936714503025, 13.140716198276454], [80.27936451631471, 13.141617091696869], [80.28026803526342, 13.141619622360068], [80.28026541699674, 13.142517994185354], [80.28026804102247, 13.14251800153085], [80.28026541522036, 13.143418894967796], [80.28116893127157, 13.143421422778513], [80.2811663159026, 13.144319797456488], [80.28208893637138, 13.144322375612925], [80.28208894368625, 13.144319859833482], [80.28298983901315, 13.144322374086007], [80.28298984630968, 13.144319861463833], [80.28389074165482, 13.144322372558976], [80.283890748933, 13.144319863094077], [80.28477252644038, 13.144322317843796], [80.28476992396276, 13.1452207050634], [80.2847725321097, 13.145220712320128], [80.28476992218657, 13.146121605846371], [80.28567342244676, 13.146124118260536], [80.28567082286995, 13.147022508335374], [80.28659345435064, 13.14702507084343], [80.28659346157691, 13.147022570373236], [80.28749435699218, 13.14702506931562], [80.28749436420023, 13.147022572003298], [80.28837611842486, 13.147025014792918], [80.28837352847374, 13.14792341423619], [80.28929616386606, 13.147925967214737], [80.28929617103864, 13.14792347605973], [80.29017791521264, 13.147925912794681], [80.29017533161853, 13.14882431843108], [80.29017792077528, 13.148824325582341], [80.29017532984253, 13.149725219214703], [80.29017791918318, 13.149725226366929], [80.2901753280664, 13.150626119998323], [80.29017791759097, 13.15062612715151], [80.29017532629015, 13.151527020781934], [80.29109797551524, 13.151529567977528], [80.29109798265534, 13.151527082506583], [80.2919988781568, 13.151529566448614], [80.292001472262, 13.15062537477535], [80.29199888602595, 13.150625367649603], [80.292001470486, 13.14972447375734], [80.29199888443362, 13.14972446663255], [80.29200146871011, 13.148823572739325], [80.29109798734946, 13.148821082147839], [80.29110056759318, 13.14792267342677], [80.29109797861982, 13.147922666285766], [80.29110056581744, 13.147021772408651], [80.29109797702797, 13.147021765268608], [80.29110056404183, 13.146120871390538], [80.29017793503334, 13.146118325232303], [80.29017792788021, 13.146120813071182], [80.28929617734845, 13.14611837662919], [80.28929876358292, 13.145219973783018], [80.2883952731448, 13.145217474299855], [80.28839786246532, 13.144319074470054], [80.28839526436535, 13.14431906727838], [80.28839786068973, 13.143418173451614], [80.28747524232341, 13.14341561810856], [80.2874752351186, 13.143418114944545], [80.28657434316268, 13.143415616581082], [80.28657433593966, 13.14341811657433], [80.28567344400209, 13.143415615053712], [80.28567343676079, 13.143418118204236], [80.28479165951545, 13.143415666702234], [80.28479426154418, 13.14251727925487], [80.2838716472711, 13.142514711153204], [80.28387163999422, 13.142517220458627], [80.28298985270109, 13.142514762904526], [80.28299246108242, 13.1416163816473], [80.28298984381604, 13.141616374348924], [80.28299245930651, 13.140715480628215], [80.28208894690778, 13.140712959718703], [80.28209155818733, 13.139814581314731], [80.28118804270574, 13.139812057391422], [80.28119065706795, 13.138913682001148], [80.28026805698674, 13.13891110166352], [80.28026804964038, 13.138913622955435], [80.27936715782634, 13.138911100137488], [80.2793645198671, 13.13981529013221]]]}}, {"id": "20", "type": "Feature", "properties": {"hotspot_id": "HOT_0021", "cluster_area_m2": 441066.58, "cluster_perimeter_m": 4741.88, "cluster_size_pixels": 45, "mean_lst": 39.44, "peak_lst": 41.54}, "geometry": {"type": "Polygon", "coordinates": [[[80.18026824772944, 13.14071273462936], [80.180268238197, 13.140715606640013], [80.17936734858199, 13.140712733115626], [80.17936733902857, 13.140715608283086], [80.17846644943464, 13.140712731602004], [80.17846643986023, 13.140715609926271], [80.17756555028741, 13.140712730088495], [80.17756253926777, 13.141616898191145], [80.1775655377988, 13.14161690778231], [80.1775625374782, 13.14251779896119], [80.1775655362223, 13.142517808553647], [80.1775625356885, 13.143418699731235], [80.17848513022871, 13.143421649487973], [80.17848513980616, 13.143418770797602], [80.17936732340559, 13.143421588253888], [80.17936433879007, 13.144319603939255], [80.18028693711462, 13.144322547428422], [80.18028694665138, 13.144319674869726], [80.18118783976931, 13.144322545914248], [80.18118784928512, 13.144319676512955], [80.18207001936555, 13.144322484829436], [80.18206704433868, 13.145220509865958], [80.18298964665524, 13.145223443853473], [80.18299263728562, 13.144319689278552], [80.18387181772484, 13.144322481909708], [80.18386884923147, 13.145220513303029], [80.18387182560046, 13.145220522752703], [80.18386884744221, 13.146121414073832], [80.18387182402265, 13.146121423524775], [80.18386884565281, 13.147022314844627], [80.18479145511867, 13.147025242759511], [80.18479146455472, 13.147022385442634], [80.18569235777315, 13.147025241244444], [80.18569236718835, 13.147022387085569], [80.18659326042751, 13.147025239729265], [80.18659623824816, 13.146121497340824], [80.18749416150405, 13.146124337246606], [80.18749713722217, 13.14522016721052], [80.1874941707158, 13.145220157834002], [80.18749713543338, 13.144319266179904], [80.18749416913776, 13.144319256804648], [80.18749713364473, 13.14341836514929], [80.18657453703361, 13.14341544773174], [80.18657452764347, 13.143418298188822], [80.18569237168562, 13.143415505555147], [80.18569533314559, 13.142517467554413], [80.18569236069735, 13.142517458140071], [80.18569533135694, 13.141616566523584], [80.18569235911991, 13.141616557110511], [80.18569532956843, 13.140715665492756], [80.18569235754262, 13.140715656080951], [80.18569532778004, 13.139814764461931], [80.18477274504508, 13.139811841365578], [80.18476976201538, 13.14071558900391], [80.18387184432044, 13.14071274068542], [80.18386885777056, 13.141616491640265], [80.18297094359602, 13.141613640005161], [80.18297093412505, 13.141616502727556], [80.18208875804122, 13.141613698019997], [80.18209173214494, 13.140715672364703], [80.18116914687702, 13.140712736143206], [80.18116913736552, 13.140715604997059], [80.18026824772944, 13.14071273462936]], [[80.1847914612098, 13.144319261896605], [80.18479443418767, 13.143418791735217], [80.18567361766357, 13.143421578035804], [80.18567065591364, 13.144319615968639], [80.18567362549612, 13.144319625375353], [80.18567065552419, 13.14522009245497], [80.18479147222159, 13.145217305790927], [80.18479443736803, 13.144319271334329], [80.1847914612098, 13.144319261896605]]]}}, {"id": "21", "type": "Feature", "properties": {"hotspot_id": "HOT_0022", "cluster_area_m2": 548682.13, "cluster_perimeter_m": 5924.93, "cluster_size_pixels": 56, "mean_lst": 41.68, "peak_lst": 44.62}, "geometry": {"type": "Polygon", "coordinates": [[[80.28567084062627, 13.138013500504481], [80.28567344400511, 13.13801350773514], [80.2856708388512, 13.13891440128758], [80.28657433437016, 13.138916909244713], [80.28657173953489, 13.13981530377572], [80.28749434426963, 13.13981786167317], [80.2874943514699, 13.13981536563157], [80.28837613116099, 13.139817807248756], [80.28837354267802, 13.140716207968893], [80.28929615114063, 13.140718759574046], [80.28929615830549, 13.14071626968653], [80.29019705378101, 13.140718758046662], [80.29019706092772, 13.140716271315602], [80.29107882714284, 13.140718703782074], [80.29107624828161, 13.14161711386676], [80.29197972474202, 13.141619603254645], [80.29197714896667, 13.1425180163552], [80.29289976488302, 13.142520555373142], [80.2928997719773, 13.142518077796188], [80.29380066752319, 13.142520553845088], [80.29380067459941, 13.14251807942499], [80.2946824207236, 13.142520499785952], [80.29467985693594, 13.143418094855287], [80.29378153645168, 13.143415628804085], [80.29377895033741, 13.144319821332402], [80.29378152542513, 13.144319828406443], [80.29377894856253, 13.145220722116463], [80.2937815238332, 13.145220729191458], [80.2937789467875, 13.146121622900523], [80.29378152224115, 13.146121629976468], [80.29377894501236, 13.147022523684585], [80.29470157812045, 13.147025057089081], [80.29470158518338, 13.147022585039696], [80.29560248076098, 13.147025055560256], [80.29560248780587, 13.147022586668736], [80.29650338340139, 13.147025054031323], [80.29650595771385, 13.146121694530922], [80.29740428444963, 13.14612415154817], [80.29740685527305, 13.145220795343224], [80.29830518549764, 13.145223249065118], [80.29830775283253, 13.14431989615526], [80.29920608654544, 13.144322346582173], [80.29920865278751, 13.143418152996004], [80.29830519867762, 13.143415688759308], [80.29830775167248, 13.142517253682776], [80.29740429447449, 13.142514786428443], [80.29740685055724, 13.141616354369447], [80.2964842371199, 13.141613831694302], [80.29648423009805, 13.141616296643988], [80.29560248766148, 13.141613882627137], [80.29560505010022, 13.140715456760045], [80.29468244038686, 13.140712927790222], [80.29467986048579, 13.141616292847887], [80.29380068244097, 13.141613879685954], [80.29380325141679, 13.14071546016844], [80.292880642063, 13.14071292473423], [80.29288063496998, 13.140715402153708], [80.29199887562804, 13.140712975885926], [80.29200145095827, 13.139814562559287], [80.29109797142577, 13.139812073556639], [80.29110054984143, 13.138913663245663], [80.29019706722376, 13.138911171227631], [80.29019964872437, 13.138012763931938], [80.29019705848806, 13.138012756783372], [80.2901996469499, 13.137111862913727], [80.2892961614308, 13.137109368040004], [80.28929874583262, 13.136210963599787], [80.28837615420466, 13.136208412862988], [80.28837614702582, 13.136210905272527], [80.28747525504289, 13.136208411336266], [80.28747524784585, 13.13621090690147], [80.28659345200893, 13.136208462773022], [80.28659604602845, 13.13531006769463], [80.28567345830882, 13.135307507436847], [80.28567084417601, 13.136211698938284], [80.28567344718476, 13.136211706166991], [80.2856708424012, 13.137112599721382], [80.285673445595, 13.137112606951066], [80.28567084062627, 13.138013500504481]]]}}, {"id": "22", "type": "Feature", "properties": {"hotspot_id": "HOT_0023", "cluster_area_m2": 88879.79, "cluster_perimeter_m": 1783.61, "cluster_size_pixels": 9, "mean_lst": 39.1, "peak_lst": 39.85}, "geometry": {"type": "Polygon", "coordinates": [[[80.19287788054235, 13.142517376440736], [80.19197993350139, 13.142514555988182], [80.1919769762973, 13.143418279075654], [80.19107903277485, 13.143415455307679], [80.19107607059547, 13.14431962627517], [80.19107902045279, 13.144319635557363], [80.19107606880726, 13.145220527046838], [80.1919986731948, 13.14522342870218], [80.1920016307409, 13.144319705494418], [80.19288080952688, 13.14432246730579], [80.19287787370236, 13.14522053048167], [80.19380047850133, 13.145223425670567], [80.19380342943087, 13.144319708736507], [80.19470137957602, 13.14432252318809], [80.19470432848152, 13.14341835140996], [80.19380049527771, 13.143415518699959], [80.19380342733959, 13.14251745209713], [80.19380048447489, 13.142517442869307], [80.193803425552, 13.14161655106728], [80.19288083422813, 13.141613656668587], [80.19287788054235, 13.142517376440736]]]}}, {"id": "23", "type": "Feature", "properties": {"hotspot_id": "HOT_0024", "cluster_area_m2": 137525.02, "cluster_perimeter_m": 1784.74, "cluster_size_pixels": 14, "mean_lst": 41.75, "peak_lst": 42.85}, "geometry": {"type": "Polygon", "coordinates": [[[80.2550428758416, 13.137111866627755], [80.25414198455243, 13.137109255769277], [80.25413925464633, 13.138013440764814], [80.25414197302753, 13.13801344864819], [80.25413925491789, 13.138913662394147], [80.25324108222468, 13.13891105593153], [80.25323834863318, 13.139815240614311], [80.25414196196556, 13.139817863032999], [80.25413924930851, 13.140716143102683], [80.25504285956585, 13.140718762513158], [80.25504014998405, 13.141617045591158], [80.25596275495188, 13.141619716967197], [80.25596276280572, 13.141617110123928], [80.25686365759663, 13.141619715443872], [80.25686637830496, 13.140715530139332], [80.25686366591651, 13.140715522300576], [80.25686637652579, 13.139814629117096], [80.2568636643301, 13.139814621279395], [80.25686637474675, 13.138913728094863], [80.25686366274381, 13.138913720258218], [80.25686637296783, 13.138012827072629], [80.25596276637502, 13.13801021458086], [80.25596547184198, 13.137111927758925], [80.25504288370986, 13.137109257291936], [80.2550428758416, 13.137111866627755]]]}}, {"id": "24", "type": "Feature", "properties": {"hotspot_id": "HOT_0025", "cluster_area_m2": 1132194.74, "cluster_perimeter_m": 5530.01, "cluster_size_pixels": 116, "mean_lst": 44.17, "peak_lst": 47.5}, "geometry": {"type": "Polygon", "coordinates": [[[80.2640518863929, 13.130802966618882], [80.26404919623144, 13.131706436586951], [80.26315098564794, 13.131703865939432], [80.2631482919916, 13.132607339206547], [80.26225008490319, 13.132604765259881], [80.2622473856306, 13.133508952238186], [80.26225007348403, 13.13350895994583], [80.26224738385312, 13.134409853018465], [80.26225007189768, 13.134409860727144], [80.26224738207554, 13.13531075379874], [80.26316996500134, 13.135313398069666], [80.26316997269649, 13.13531081762994], [80.2640518609752, 13.13531334216999], [80.26404918520876, 13.136211657993963], [80.26405186706491, 13.136211665667085], [80.26404918343115, 13.137112558774449], [80.26495275698835, 13.137115142594142], [80.26495008410929, 13.13801346126246], [80.26495276306095, 13.138013468918867], [80.26495008233154, 13.138914362043058], [80.26495276147362, 13.1389143697005], [80.26495008055366, 13.139815262823651], [80.26585365141202, 13.139817843963218], [80.265850981232, 13.140716165311975], [80.26677358509384, 13.140718797722064], [80.26677359272006, 13.140716228922635], [80.26767448773708, 13.140718796197497], [80.26767716651682, 13.139815337371484], [80.26857538879281, 13.139817893715218], [80.26857539638056, 13.139815331391834], [80.2694762914357, 13.139817892190536], [80.26947896341491, 13.13891443980176], [80.27037719249095, 13.138916989708354], [80.27037720004034, 13.138914433860212], [80.27127809513351, 13.138916988183556], [80.27128076031325, 13.138013542231315], [80.2721789961883, 13.138016085701471], [80.27218165787386, 13.137112643047868], [80.2730798972429, 13.137115183219494], [80.27307990473443, 13.13711263716373], [80.27398079988485, 13.137115181694568], [80.27398080735784, 13.137112638794486], [80.27488170252673, 13.137115180169534], [80.27488435633003, 13.136210990883349], [80.27488171061184, 13.13621098342505], [80.27488435233396, 13.135310846292079], [80.27578260199289, 13.135313376730913], [80.27578525212277, 13.1344091871374], [80.27488171488763, 13.134406641965713], [80.27488435100182, 13.133508287823194], [80.27398081068743, 13.133505739640585], [80.27398344988062, 13.132607388508886], [80.2730799064875, 13.13260483731574], [80.27308254875922, 13.131706489194475], [80.27217900228781, 13.131703934991174], [80.2721816476376, 13.13080558987996], [80.2712780980884, 13.13080303266689], [80.27128074651576, 13.129904690565338], [80.27037719388926, 13.129902130342892], [80.27037984539368, 13.12900379125062], [80.26945728452408, 13.129001174070735], [80.26945727696655, 13.129003731446314], [80.26855638536377, 13.129001172547254], [80.26855371209737, 13.129904626511921], [80.26765548461765, 13.12990207186799], [80.26765547702178, 13.129904635715018], [80.26675458545769, 13.129902070344626], [80.2667545778431, 13.129904637345929], [80.26585368629783, 13.12990206882137], [80.2658510029333, 13.13080553235514], [80.26495278555241, 13.13080296814202], [80.26495277789934, 13.130805541615787], [80.2640518863929, 13.130802966618882]]]}}, {"id": "25", "type": "Feature", "properties": {"hotspot_id": "HOT_0026", "cluster_area_m2": 352348.75, "cluster_perimeter_m": 2775.82, "cluster_size_pixels": 36, "mean_lst": 41.42, "peak_lst": 43.27}, "geometry": {"type": "Polygon", "coordinates": [[[80.29197976356909, 13.129001212194517], [80.29197975647043, 13.12900369071852], [80.29107886440592, 13.129001210668212], [80.29107627368778, 13.12990458623832], [80.290177963654, 13.129902109988853], [80.29017536711191, 13.130806302758323], [80.29017795259091, 13.130806309890342], [80.29017536533843, 13.131707203541973], [80.29017795100133, 13.131707210674957], [80.29017536356484, 13.132608104325627], [80.29017794941161, 13.132608111459572], [80.29017536179111, 13.133509005109278], [80.29017794782176, 13.133509012244184], [80.29017536001727, 13.134409905892927], [80.29109794529145, 13.134412449834958], [80.2910979524133, 13.134409967366736], [80.29199884793078, 13.134412448308108], [80.29199885503454, 13.134409968994932], [80.29289975057, 13.134412446781141], [80.29289975765569, 13.134409970623029], [80.29378153586036, 13.134412392774212], [80.29377896807944, 13.13531081349167], [80.29470155743817, 13.135313344681336], [80.29470156448873, 13.135310874676067], [80.29560246007715, 13.135313343153925], [80.29560503768383, 13.134409149637154], [80.29560246789289, 13.13440914260082], [80.29560503591055, 13.133508248619602], [80.29560246630234, 13.133508241584218], [80.29560503413742, 13.132607347602058], [80.2956024647119, 13.13260734056762], [80.29560503236442, 13.131706446584507], [80.29560246312161, 13.13170643955102], [80.29560503059152, 13.130805545566968], [80.29560246153143, 13.130805538534426], [80.29560502881877, 13.129904644549423], [80.29560245994138, 13.129904637517829], [80.29560502704614, 13.12900374353188], [80.2946824610593, 13.129001216774105], [80.29467988354746, 13.129904579799812], [80.29380066175118, 13.129902168514217], [80.29380322835966, 13.12900374693745], [80.29288066273237, 13.129001213720937], [80.29288065565176, 13.129003689090887], [80.29197976356909, 13.129001212194517]]]}}, {"id": "26", "type": "Feature", "properties": {"hotspot_id": "HOT_0027", "cluster_area_m2": 157260.15, "cluster_perimeter_m": 2178.86, "cluster_size_pixels": 16, "mean_lst": 41.46, "peak_lst": 42.5}, "geometry": {"type": "Polygon", "coordinates": [[[80.1865745497309, 13.130805683968989], [80.18567365995378, 13.130802834537516], [80.18567068235504, 13.131706577237063], [80.18477275922896, 13.131703733858417], [80.18476977671284, 13.132607904228527], [80.18567363660253, 13.132610766589615], [80.18567067737065, 13.1335088067163], [80.18567364442139, 13.133508816107815], [80.18567067558327, 13.134409707487334], [80.18659323835243, 13.134412626184366], [80.18659621320339, 13.133508886317033], [80.18747543338775, 13.133511664625335], [80.18747248047417, 13.134409710920902], [80.18839504365752, 13.13441262315672], [80.18839801189729, 13.133508889558067], [80.18929594473369, 13.133511720675541], [80.18929891090332, 13.13260754934915], [80.18929595391634, 13.132607540031756], [80.18929890911653, 13.131706648318776], [80.18929595233983, 13.131706639002633], [80.18929890732987, 13.130805747288402], [80.18839505745362, 13.13080289805999], [80.1883980061867, 13.129904847974098], [80.18747545982858, 13.129901936729842], [80.18747248905154, 13.13080567298164], [80.18657455910332, 13.13080283605084], [80.1865745497309, 13.130805683968989]]]}}, {"id": "27", "type": "Feature", "properties": {"hotspot_id": "HOT_0028", "cluster_area_m2": 176681.61, "cluster_perimeter_m": 1985.07, "cluster_size_pixels": 18, "mean_lst": 41.57, "peak_lst": 43.05}, "geometry": {"type": "Polygon", "coordinates": [[[80.2820698775431, 13.126298492873808], [80.28206725208935, 13.127202684291966], [80.28206986637952, 13.127202691583989], [80.28206725031534, 13.128103585074651], [80.28206986479148, 13.128103592367657], [80.2820672485412, 13.129004485857328], [80.2820698632033, 13.129004493151317], [80.28206724676693, 13.129905386640011], [80.28298981359146, 13.129907958792147], [80.28298982087226, 13.129905448727763], [80.28387165269935, 13.1299079042172], [80.28386904990715, 13.130806290831393], [80.28479162045903, 13.130808856697115], [80.28479423669444, 13.129904664990852], [80.28479162841317, 13.129904657741813], [80.28479423492041, 13.129003763972003], [80.28479162682464, 13.129003756723948], [80.28479423084752, 13.128103657639889], [80.28569251833427, 13.12810615230481], [80.2856951307174, 13.127201960230572], [80.28569252627561, 13.127201953002707], [80.28569512894389, 13.126301059211839], [80.28569252468735, 13.12630105198495], [80.28569512717047, 13.125400158193113], [80.28477257661824, 13.125397596602527], [80.2847725693782, 13.12540009972102], [80.2838716774555, 13.125397595077557], [80.28387167019723, 13.125400101349303], [80.28297077829289, 13.125397593552702], [80.2829681586065, 13.126300996710812], [80.2820698775431, 13.126298492873808]]]}}, {"id": "28", "type": "Feature", "properties": {"hotspot_id": "HOT_0029", "cluster_area_m2": 98377.4, "cluster_perimeter_m": 1584.87, "cluster_size_pixels": 10, "mean_lst": 41.22, "peak_lst": 41.71}, "geometry": {"type": "Polygon", "coordinates": [[[80.2757635929266, 13.120893077132532], [80.27576358550802, 13.120895610976092], [80.27486269376443, 13.120893075609231], [80.27486004531374, 13.121796506178528], [80.27396179301675, 13.121793974930908], [80.27395913885695, 13.122698165042625], [80.27486267348827, 13.122700711338632], [80.2748600395378, 13.12359906752888], [80.27486267934037, 13.123599074964092], [80.27486003776335, 13.124499968310698], [80.27578258294989, 13.124502565249854], [80.27578259037179, 13.12450003092193], [80.27668348558987, 13.124502563726113], [80.2766861301674, 13.123598373193778], [80.27668349364635, 13.123598365786485], [80.27668612615248, 13.122698238366644], [80.27758438505718, 13.12270076028916], [80.27758702596554, 13.12179656945006], [80.2766834978742, 13.12179403289624], [80.27668612484518, 13.120895670134349], [80.2757635929266, 13.120893077132532]]]}}, {"id": "29", "type": "Feature", "properties": {"hotspot_id": "HOT_0030", "cluster_area_m2": 148229.87, "cluster_perimeter_m": 2777.63, "cluster_size_pixels": 15, "mean_lst": 41.18, "peak_lst": 42.59}, "geometry": {"type": "Polygon", "coordinates": [[[80.29828351935237, 13.115491004745866], [80.2982860721865, 13.11549101169985], [80.29828351758209, 13.116391905530525], [80.29828607059798, 13.116391912485447], [80.29828351821374, 13.117291959315972], [80.29738517920642, 13.117289510334746], [80.2973826115836, 13.118193705398864], [80.29738516824362, 13.118193712373547], [80.29738260981283, 13.119094606183408], [80.29828605886969, 13.119097069409973], [80.29828351049974, 13.119995508669152], [80.29828606424265, 13.119995515627833], [80.29828350872884, 13.120896409453808], [80.29918695488425, 13.12089886982544], [80.29918440941597, 13.12179731193976], [80.30010694942193, 13.121799821207853], [80.30010950781754, 13.120895625867027], [80.29920606149497, 13.120893168732582], [80.29920860670299, 13.119994726551125], [80.29920605295959, 13.119994719601594], [80.29920860252487, 13.119094675404819], [80.30008785725944, 13.119097066472852], [80.3000853154157, 13.11999551207121], [80.30100784888056, 13.119998017773927], [80.30101040361987, 13.119093822132209], [80.30010696092182, 13.119091368481572], [80.30010950250556, 13.11819292281609], [80.3001069524063, 13.118192915886283], [80.30010950073516, 13.117292021799111], [80.3001069508174, 13.117292014870241], [80.30010949896489, 13.116391120782142], [80.30010694922863, 13.116391113854204], [80.30010949719473, 13.115490219765165], [80.29920605195635, 13.115487763573467], [80.29920859608023, 13.114589320448625], [80.298286083136, 13.114586809317084], [80.29828351935237, 13.115491004745866]]]}}, {"id": "30", "type": "Feature", "properties": {"hotspot_id": "HOT_0031", "cluster_area_m2": 79080.48, "cluster_perimeter_m": 1394.11, "cluster_size_pixels": 8, "mean_lst": 41.31, "peak_lst": 41.77}, "geometry": {"type": "Polygon", "coordinates": [[[80.27395915482116, 13.114590058007142], [80.27396179602519, 13.114590065450798], [80.27395915304787, 13.115490958788868], [80.27396179443994, 13.115490966233532], [80.27395915127444, 13.116391859570593], [80.27396179285456, 13.116391867016258], [80.27395914950091, 13.117292760352314], [80.27396179126909, 13.117292767798983], [80.27395914772723, 13.118193661134036], [80.27488166921049, 13.118196260075276], [80.27488431682649, 13.117292830368527], [80.27578257026454, 13.117295357595625], [80.27578521663011, 13.116391166738882], [80.27578257832963, 13.11639115932114], [80.27578521485682, 13.115490265718977], [80.27578257674415, 13.115490258302238], [80.27578521308364, 13.11458936469907], [80.27488167996134, 13.11458682310454], [80.2748843119629, 13.113688465382513], [80.27396180728276, 13.113685867327279], [80.27395915482116, 13.114590058007142]]]}}, {"id": "31", "type": "Feature", "properties": {"hotspot_id": "HOT_0032", "cluster_area_m2": 49422.81, "cluster_perimeter_m": 994.97, "cluster_size_pixels": 5, "mean_lst": 41.32, "peak_lst": 41.71}, "geometry": {"type": "Polygon", "coordinates": [[[80.29288068655539, 13.115487701013778], [80.2928781028398, 13.116391895324274], [80.29288067553657, 13.116391902386802], [80.2928781010687, 13.117292796108279], [80.29288067394863, 13.117292803171763], [80.29287809929748, 13.118193696892284], [80.29380062461132, 13.118196228071463], [80.29380063166184, 13.118193757903052], [80.29470152724821, 13.11819622654623], [80.29470410466871, 13.117292032005311], [80.29470153506868, 13.117292024969023], [80.29470410289773, 13.116391130987687], [80.2938006379046, 13.116388655624602], [80.29380320178184, 13.115490231671266], [80.29288068655539, 13.115487701013778]]]}}, {"id": "32", "type": "Feature", "properties": {"hotspot_id": "HOT_0033", "cluster_area_m2": 49226.14, "cluster_perimeter_m": 991.0, "cluster_size_pixels": 5, "mean_lst": 41.55, "peak_lst": 41.94}, "geometry": {"type": "Polygon", "coordinates": [[[80.28569510767127, 13.115490246987186], [80.28477259407408, 13.115487687294767], [80.2847725868448, 13.115490188658715], [80.28387169491005, 13.115487685770994], [80.28386908057712, 13.116391084048033], [80.28297079416012, 13.116388585093267], [80.28296817405067, 13.117292777385131], [80.28389069401184, 13.117295343885761], [80.28389070126066, 13.11729283921121], [80.28479159664987, 13.117295342361873], [80.28479160388045, 13.117292840838573], [80.28569249928778, 13.117295340837883], [80.2856951094433, 13.116391148005896], [80.28569250722464, 13.116391140789721], [80.28569510767127, 13.115490246987186]]]}}, {"id": "33", "type": "Feature", "properties": {"hotspot_id": "HOT_0034", "cluster_area_m2": 3572387.48, "cluster_perimeter_m": 15605.5, "cluster_size_pixels": 366, "mean_lst": 40.26, "peak_lst": 42.55}, "geometry": {"type": "Polygon", "coordinates": [[[80.27486274744639, 13.08486034130123], [80.27486011395031, 13.085761234690974], [80.27486274586515, 13.085761242084123], [80.27486011218117, 13.086662135472862], [80.27486274428378, 13.086662142867011], [80.2748601104119, 13.087563036254748], [80.2757636344992, 13.087565573035729], [80.27576101109335, 13.08846393873683], [80.27576364029859, 13.088463946114604], [80.27576100932394, 13.089364839518824], [80.27576363871674, 13.089364846897599], [80.27576100755442, 13.090265740300817], [80.27576363713476, 13.090265747680585], [80.27576100578479, 13.091166641082806], [80.27576363555265, 13.091166648463576], [80.275761004015, 13.092067541864793], [80.27576363397043, 13.09206754924656], [80.27576100224509, 13.092968442646777], [80.27576363238806, 13.092968450029547], [80.27576100047506, 13.093869343428764], [80.27576363080559, 13.093869350812527], [80.27576099870491, 13.09477024421075], [80.275763629223, 13.094770251595511], [80.27576099693462, 13.095671144992727], [80.27576362764026, 13.09567115237849], [80.2757609951642, 13.096572045774707], [80.2757636260574, 13.096572053161466], [80.27576099339367, 13.097472946556685], [80.27576362447442, 13.097472953944441], [80.27576099162302, 13.098373847338662], [80.27576362289132, 13.098373854727416], [80.27576098985223, 13.099274748120635], [80.2757636213081, 13.099274755510388], [80.27576099032756, 13.100174880433828], [80.27486273020169, 13.100172356175662], [80.27486008385779, 13.101076547982863], [80.27576361074517, 13.10107908720428], [80.2757609845391, 13.10197745046655], [80.27576361655767, 13.1019774578593], [80.2757609827678, 13.102878351248519], [80.27576361497393, 13.102878358642267], [80.2757609809964, 13.103779252030485], [80.27666450518542, 13.103781788573176], [80.2766618816779, 13.10468015451449], [80.27758435335913, 13.104682741157562], [80.27758698825502, 13.103779323251729], [80.2784852544126, 13.103781838679495], [80.27848526175639, 13.103779317511558], [80.27938615704956, 13.103781837157921], [80.27938878516699, 13.102878425671857], [80.28028705810256, 13.102880934679956], [80.28028706540873, 13.102878419969052], [80.28118796073915, 13.10288093315827], [80.28118796802704, 13.102878421595392], [80.28208886337565, 13.10288093163646], [80.28208887064525, 13.102878423221622], [80.28297080113485, 13.102880877374016], [80.28296820062312, 13.103779265642794], [80.28389067023254, 13.103781829548357], [80.2838906774667, 13.103779327269832], [80.28479157286881, 13.103781828026108], [80.28479158008476, 13.10377932889581], [80.28569247550497, 13.103781826503743], [80.28569248270276, 13.103779330521677], [80.28659337814099, 13.103781824981265], [80.28659597989841, 13.102878438534487], [80.28749427919215, 13.102880922503271], [80.2874942863527, 13.10287843297661], [80.28839518182782, 13.10288092098068], [80.28839518897028, 13.102878434602038], [80.28929608446339, 13.102880919457968], [80.28929609158777, 13.102878436227359], [80.29019698709885, 13.102880917935147], [80.29019699420517, 13.102878437852564], [80.29109788973419, 13.10288091641222], [80.2911004748327, 13.10197754577288], [80.29199879078419, 13.101980013934305], [80.29199879785354, 13.101977540305713], [80.29288069387516, 13.101979960307986], [80.29287813176225, 13.102877552902433], [80.29197980959815, 13.102875087630977], [80.29197722516689, 13.103779282648084], [80.29289969658998, 13.103781814320774], [80.29289970364324, 13.103779343524511], [80.2938005992251, 13.1037818127974], [80.29380060626039, 13.103779345149349], [80.29470150186009, 13.103781811273905], [80.29470150887745, 13.10377934677408], [80.29558338829015, 13.103781757794048], [80.29558083321865, 13.10468019023142], [80.29648428589903, 13.10468265726975], [80.29648173390525, 13.105581092715457], [80.29648429129493, 13.105581099694842], [80.29648173453096, 13.106481150489518], [80.29558339992114, 13.106478697114404], [80.29558083029899, 13.10738205310011], [80.29468249916826, 13.10737959643769], [80.29467992368554, 13.10828379166871], [80.29468248817788, 13.108283798686747], [80.29467992191579, 13.109184692452946], [80.29558337876333, 13.109187163448635], [80.29558082260213, 13.110085594937527], [80.29650331823477, 13.110088114906779], [80.29650332522291, 13.110085655604866], [80.29738517556655, 13.110088061456349], [80.29738262574519, 13.110986499122424], [80.29738518094935, 13.110986506089581], [80.29738262397542, 13.111887399906985], [80.29828607158488, 13.111889861873122], [80.29828352466241, 13.112788302391873], [80.29920603090306, 13.112790813194595], [80.29920859077056, 13.111886617397396], [80.29920603866289, 13.1118866104563], [80.29920858900093, 13.11098571638032], [80.29830514140498, 13.110983257806545], [80.29830768788624, 13.110084817063246], [80.29830513286356, 13.110084810106175], [80.29830768611674, 13.109183916046065], [80.29830513127602, 13.109183909089936], [80.29830768194091, 13.108283864214874], [80.29920602296667, 13.108286308424702], [80.29920858192362, 13.107382112312042], [80.29920603072466, 13.107382105375637], [80.29920858015461, 13.106481211294982], [80.2992060291374, 13.106481204359508], [80.29920857838574, 13.10558031027792], [80.29828609900818, 13.10557780083944], [80.29828609205985, 13.105580253216162], [80.29740422926994, 13.105577851181152], [80.29740677792513, 13.10467941265966], [80.29740422071715, 13.104679405690371], [80.29740677375386, 13.10377935861593], [80.29830511239895, 13.103781805178812], [80.29830767373375, 13.10287760892587], [80.29738520460003, 13.10287509677225], [80.29738264230117, 13.103778445872331], [80.29650332348939, 13.10377604799511], [80.2965058750412, 13.102877612324459], [80.29650331492097, 13.102877605339174], [80.29650587327247, 13.101976711307076], [80.29650331333468, 13.101976704322738], [80.29650587150388, 13.101075810289691], [80.2955834094371, 13.101073292029877], [80.29558340243986, 13.101075753067363], [80.29470151351764, 13.101073342483778], [80.29470407104168, 13.100174912670699], [80.29380060932583, 13.100172440158286], [80.29380316992597, 13.099274013352353], [80.29380060070831, 13.099274006317112], [80.29380316815738, 13.098373112334652], [80.292899703548, 13.098370636973968], [80.29290226704146, 13.097472213016095], [80.29289969491481, 13.097472205964802], [80.29290226527301, 13.09657131199829], [80.29199879777104, 13.096568833790135], [80.29200136415686, 13.095670412679524], [80.29199878912215, 13.095670405612166], [80.29200136238856, 13.094769511661612], [80.29199878753742, 13.094769504595208], [80.29200135825114, 13.09386944019888], [80.29289967915679, 13.093871903818313], [80.29290225820054, 13.092967707927079], [80.29289968699064, 13.092967700880552], [80.29290225643274, 13.092066806909276], [80.2928996854062, 13.0920667998637], [80.29290225466505, 13.091165905891481], [80.29197983019775, 13.091163376620381], [80.29197725052842, 13.092066742461705], [80.29109788723903, 13.09206432803012], [80.29110045596809, 13.091165909288588], [80.2901969830497, 13.091163425706347], [80.29019955485154, 13.090265009969192], [80.29019697437154, 13.090265002871584], [80.29019955308375, 13.089364108951067], [80.28927713586037, 13.089361570362257], [80.28927712874979, 13.089364051373092], [80.28839517467183, 13.089361621059643], [80.28839775261775, 13.088463211330076], [80.28747533910737, 13.088460666473607], [80.28747533196166, 13.088463153615876], [80.2865744399395, 13.088460664952763], [80.2865744327757, 13.088463155240039], [80.28567354077173, 13.088460663432027], [80.28567353358983, 13.08846315686432], [80.28477264160408, 13.088460661911405], [80.28477263440404, 13.088463158488715], [80.28387174243653, 13.0884606603909], [80.28387173521834, 13.088463160113218], [80.28297084326911, 13.088460658870506], [80.28297083603273, 13.08846316173784], [80.2820699441018, 13.088460657350222], [80.28206993684722, 13.088463163362578], [80.2811879522512, 13.088460708488771], [80.28119055605103, 13.087562323903857], [80.28028704806306, 13.087559806167402], [80.28028965493198, 13.086661424584065], [80.27938614387519, 13.086658903846319], [80.27938875153143, 13.085761310536121], [80.28028702803377, 13.08576381651018], [80.280289651395, 13.08485962254545], [80.27936725292658, 13.084857049408374], [80.27936724562123, 13.084859564212568], [80.27848523810499, 13.084857100667987], [80.27848785092463, 13.08395872492465], [80.27758433391787, 13.083956198347568], [80.27758694980491, 13.083057825604438], [80.2766645585865, 13.08305524316035], [80.27666192465078, 13.083958660726426], [80.27576365783868, 13.083956142486485], [80.2757636504611, 13.083958669705941], [80.27486275867172, 13.083956140967645], [80.27486011571932, 13.08486033390908], [80.27486274744639, 13.08486034130123]], [[80.29197724699178, 13.09386854446966], [80.2910978904095, 13.093866129747894], [80.29110045714077, 13.092968537795025], [80.29197981053979, 13.092970952345576], [80.29197724699178, 13.09386854446966]], [[80.29467993845446, 13.101976648685042], [80.29378160951723, 13.10197418983042], [80.29378160248318, 13.101976657321089], [80.29289970989389, 13.101974240410405], [80.29290227174445, 13.101076648188574], [80.29380059446873, 13.101079109933444], [80.29380060150118, 13.101076642758038], [80.29468249385512, 13.101079056432972], [80.29467993845446, 13.101976648685042]]]}}, {"id": "34", "type": "Feature", "properties": {"hotspot_id": "HOT_0035", "cluster_area_m2": 137537.11, "cluster_perimeter_m": 1785.39, "cluster_size_pixels": 14, "mean_lst": 41.64, "peak_lst": 43.75}, "geometry": {"type": "Polygon", "coordinates": [[[80.25774293550914, 13.10197741640873], [80.25774563305662, 13.101977424174057], [80.25774293373551, 13.102878317188525], [80.25774563147522, 13.102878324954903], [80.25774293196176, 13.103779217968318], [80.2577456298937, 13.103779225735742], [80.25774293018789, 13.104680118748105], [80.25774562831207, 13.10468012651658], [80.25774292841388, 13.105581019527895], [80.25866539953327, 13.105583674043377], [80.25866540728819, 13.10558108328318], [80.25956630217296, 13.105583672524064], [80.25956630990905, 13.105581084912536], [80.26046720481254, 13.105583671004643], [80.26046721252982, 13.105581086541772], [80.26136810745201, 13.105583669485103], [80.26137080399141, 13.104679480729793], [80.26136811569816, 13.10467947302743], [80.2613708022179, 13.10377857970817], [80.2604672192041, 13.103775989393922], [80.26046990109354, 13.10287768039038], [80.25956631501239, 13.10287508707508], [80.25956899996899, 13.101976781072485], [80.25866541082092, 13.101974184756521], [80.25866809884421, 13.101075881754491], [80.25774564451025, 13.10107322814484], [80.25774293550914, 13.10197741640873]]]}}, {"id": "35", "type": "Feature", "properties": {"hotspot_id": "HOT_0036", "cluster_area_m2": 264611.63, "cluster_perimeter_m": 2770.46, "cluster_size_pixels": 27, "mean_lst": 39.95, "peak_lst": 42.17}, "geometry": {"type": "Polygon", "coordinates": [[[80.26314835767936, 13.099274001953393], [80.26226901650806, 13.099271488041161], [80.26227169093076, 13.09837317187527], [80.26134924590416, 13.098370531690723], [80.26134923821333, 13.098373111851625], [80.2604483467409, 13.09837053017195], [80.26044564817978, 13.099274719179894], [80.26134922680652, 13.099277308730873], [80.26134654885739, 13.100175621663421], [80.26134923291644, 13.100175629351424], [80.26134654708449, 13.101076522443655], [80.26134923133483, 13.101076530132698], [80.26134654531144, 13.10197742322388], [80.26225012125177, 13.101980010105942], [80.26224744598929, 13.102878325707726], [80.26316990798547, 13.102880963570659], [80.26316991564333, 13.102878389046893], [80.26407081062425, 13.102880962051112], [80.26407081826338, 13.102878390675405], [80.26497171326291, 13.102880960531454], [80.26497439391348, 13.101977499133959], [80.26587261431963, 13.101980058053657], [80.26587262192038, 13.101977493137829], [80.26677351695794, 13.101980056533876], [80.26677619300266, 13.101075866423951], [80.26677352513285, 13.101075858837989], [80.26677619123033, 13.100174965402985], [80.26677352355064, 13.100174957818046], [80.26677618945813, 13.099274064382021], [80.26587262694028, 13.099271493893745], [80.26587528833522, 13.098373165063675], [80.2658726177603, 13.098373157462142], [80.26587528656317, 13.097472264042603], [80.2649528441396, 13.097469636923234], [80.26495016436805, 13.098373097727755], [80.26405194339469, 13.098370536247717], [80.26405193576002, 13.098373106966864], [80.26315104423107, 13.098370534728605], [80.26314835767936, 13.099274001953393]]]}}, {"id": "36", "type": "Feature", "properties": {"hotspot_id": "HOT_0037", "cluster_area_m2": 108155.99, "cluster_perimeter_m": 1781.17, "cluster_size_pixels": 11, "mean_lst": 39.58, "peak_lst": 40.6}, "geometry": {"type": "Polygon", "coordinates": [[[80.14693506873591, 13.08936133141453], [80.14693505849145, 13.089364309382702], [80.14603416958599, 13.089361329911167], [80.14603105679186, 13.090265201782847], [80.14513326887172, 13.090262229237146], [80.1451301515634, 13.091166393336781], [80.14605254362037, 13.091169447509042], [80.14605255388837, 13.091166466205118], [80.14693504409561, 13.09116938516982], [80.14693195464629, 13.092067297536435], [80.14693505277666, 13.092067307779324], [80.1469319528597, 13.09296819830287], [80.14785435205447, 13.092971246446583], [80.14785436228196, 13.092968271053566], [80.1487552547066, 13.09297124494267], [80.14875835923992, 13.0920670801123], [80.14875526438284, 13.092067069902104], [80.14875835641584, 13.091166481339965], [80.14965615422813, 13.09116944149448], [80.1496592550342, 13.090265276325702], [80.14873686547118, 13.090262235251247], [80.14873685526858, 13.090265207118579], [80.14785436883516, 13.090262294516247], [80.1478574545142, 13.089364378722935], [80.14693506873591, 13.08936133141453]]]}}, {"id": "37", "type": "Feature", "properties": {"hotspot_id": "HOT_0038", "cluster_area_m2": 274596.96, "cluster_perimeter_m": 2970.93, "cluster_size_pixels": 28, "mean_lst": 38.69, "peak_lst": 41.21}, "geometry": {"type": "Polygon", "coordinates": [[[80.16315127068066, 13.079451449349097], [80.16314822168016, 13.080355618427895], [80.16315125806064, 13.080355628267593], [80.16314822110589, 13.081256160841406], [80.16226879504737, 13.081253309288174], [80.16227182653698, 13.080355340941395], [80.16134947080903, 13.080352347171974], [80.16134641502639, 13.081256515769523], [80.16134945816599, 13.081256525652991], [80.1613464132432, 13.08215741653772], [80.1622503458955, 13.0821603509288], [80.1622473138955, 13.083058319019583], [80.16225035419778, 13.083058328884485], [80.16224731211214, 13.083959219787884], [80.16316968145999, 13.083962211160099], [80.16316969130976, 13.083959291116194], [80.16405214113063, 13.083962149938861], [80.1640491152008, 13.084860123983617], [80.16405214939269, 13.084860133808776], [80.16404911341743, 13.085761024752134], [80.16497148989035, 13.085764010091005], [80.16497149970041, 13.085761095962331], [80.16587239253936, 13.085764008585816], [80.16587240232825, 13.085761097601504], [80.16677329518825, 13.085764007080511], [80.166773304956, 13.085761099240564], [80.16767419783702, 13.0857640055751], [80.16767723164678, 13.084859835827539], [80.16677331440032, 13.084856919928693], [80.16677633049855, 13.08395893650785], [80.16677330306626, 13.083958926737157], [80.16677632871567, 13.083058035474844], [80.1667733014994, 13.083058025705473], [80.16677632693293, 13.082157134441843], [80.16587240707976, 13.082154215939694], [80.16587542578449, 13.081256235121835], [80.16587239572902, 13.081256225333975], [80.16587542400187, 13.080355334088727], [80.16497150132835, 13.080352412796918], [80.16497452285323, 13.079454434768508], [80.16405216983405, 13.079451450853407], [80.16405216001128, 13.07945436700732], [80.16315127068066, 13.079451449349097]]]}}, {"id": "38", "type": "Feature", "properties": {"hotspot_id": "HOT_0039", "cluster_area_m2": 460561.98, "cluster_perimeter_m": 4550.95, "cluster_size_pixels": 47, "mean_lst": 41.52, "peak_lst": 43.49}, "geometry": {"type": "Polygon", "coordinates": [[[80.28837626674786, 13.072244452757731], [80.28837625963753, 13.0722469338964], [80.28747536757774, 13.072244451238731], [80.2874753604494, 13.072246935518788], [80.28657446840775, 13.072244449719841], [80.28657446126138, 13.072246937141296], [80.28567356923787, 13.072244448201067], [80.28567096809883, 13.073148644117097], [80.2856735581575, 13.073148651277771], [80.28567096633286, 13.074049544900317], [80.28659332591387, 13.0740520934479], [80.28659333306153, 13.074049605867378], [80.28747534780912, 13.074052039858886], [80.28747276946783, 13.074950449077853], [80.2883762454261, 13.074952939339493], [80.28837367015265, 13.075851351558388], [80.28837625095723, 13.075851358667842], [80.28837366838665, 13.076752252341926], [80.28837624937549, 13.076752259452343], [80.28837366662053, 13.077653153125466], [80.28927713987703, 13.077655640706283], [80.28927456730557, 13.078554055606315], [80.28927714539256, 13.078554062700656], [80.2892745655393, 13.079454956389958], [80.28927714381032, 13.079454963485258], [80.2892745637729, 13.080355857173599], [80.28927714222797, 13.080355864269862], [80.2892745620064, 13.08125675795724], [80.29019694909373, 13.08125929501243], [80.29019695617703, 13.08125681873093], [80.29107893194148, 13.081259241551747], [80.29107636514361, 13.08215766213604], [80.291998755941, 13.082160192926594], [80.29199876298934, 13.08215772277349], [80.29289965857342, 13.082160191405944], [80.29290223284687, 13.081256830633372], [80.29380055962314, 13.081259288930472], [80.29380313281247, 13.080355091980975], [80.29380056744016, 13.080355084965685], [80.29380312865723, 13.07945503064189], [80.29470145909018, 13.079457485500495], [80.29470402863059, 13.078553288248894], [80.29378165069816, 13.078550767804018], [80.29378164368882, 13.078553231197684], [80.29288075152819, 13.078550766283582], [80.29288074450095, 13.078553232820038], [80.29199876607892, 13.078550816611004], [80.29200132881486, 13.077652392321598], [80.2919987574516, 13.077652385273337], [80.29200132704909, 13.07675149130372], [80.2910978603101, 13.076749013429714], [80.29110042593291, 13.075850591982602], [80.29109785166713, 13.075850584918307], [80.29110042416727, 13.07494969096462], [80.29109785008528, 13.074949683901282], [80.29110042240175, 13.074048789946639], [80.29109784850355, 13.074048782884256], [80.29110041826299, 13.073148720243806], [80.29199874012318, 13.073151183377261], [80.2920013182221, 13.072246986214353], [80.29107896425887, 13.072244457315412], [80.29107638517544, 13.07314782298227], [80.29019695137714, 13.073145408531495], [80.29019951952002, 13.072246989607113], [80.28927716591808, 13.072244454276847], [80.28927715882575, 13.072246932274123], [80.28837626674786, 13.072244452757731]]]}}, {"id": "39", "type": "Feature", "properties": {"hotspot_id": "HOT_0040", "cluster_area_m2": 333718.02, "cluster_perimeter_m": 3764.8, "cluster_size_pixels": 34, "mean_lst": 36.15, "peak_lst": 38.4}, "geometry": {"type": "Polygon", "coordinates": [[[80.25234030318443, 13.070442590401411], [80.25234029533779, 13.070445196862831], [80.25143940401865, 13.070442588887142], [80.2514366786155, 13.071346777989822], [80.25234028383738, 13.071349393994833], [80.25233757929111, 13.072247680470056], [80.25324118145589, 13.072250293482876], [80.25323847996692, 13.073148582950406], [80.25324118770855, 13.073148590776361], [80.25323847819675, 13.074049483729713], [80.25324118613173, 13.074049491556726], [80.25323847642646, 13.074950384509009], [80.2532411845548, 13.074950392337085], [80.25323847465603, 13.075851285288309], [80.25324118297773, 13.075851293117445], [80.25323847496605, 13.076751494468306], [80.25234029215122, 13.076748896296266], [80.25233756866825, 13.077653085145212], [80.25324117198751, 13.077655699165062], [80.25323846934401, 13.078553987626199], [80.2532411782458, 13.078553995458513], [80.25323846757308, 13.079454888405492], [80.25324117666824, 13.079454896238866], [80.25323846580203, 13.08035578918478], [80.25416084212172, 13.080358454773307], [80.25416355954535, 13.079454265736091], [80.25416085044964, 13.079454257912392], [80.25416355568755, 13.078554059166017], [80.25506174160425, 13.078556651338829], [80.2550644532638, 13.0776531599801], [80.25596264266373, 13.07765574886395], [80.25596535294306, 13.076751559265931], [80.2559626509673, 13.076751551483142], [80.2559653490695, 13.07585135999963], [80.25686354214598, 13.07585394542999], [80.25686354990394, 13.075851353844545], [80.25776444478203, 13.075853943914495], [80.2577671481127, 13.07494975381954], [80.25776445306163, 13.074949746076488], [80.25776714634287, 13.074048852797535], [80.25776445148422, 13.07404884505553], [80.25776714457317, 13.073147951775532], [80.25684479428544, 13.07314530050245], [80.25684478652994, 13.073147891756337], [80.25594389511946, 13.07314529898729], [80.25594388734513, 13.073147893382806], [80.25506174982687, 13.073145351543372], [80.25506444473716, 13.072247055855621], [80.2550617404571, 13.072247048059255], [80.25506444296735, 13.071346154833293], [80.25416084406578, 13.071343548374092], [80.25416354184175, 13.07044525551168], [80.2532412023503, 13.0704425919158], [80.25324119452257, 13.07044519523618], [80.25234030318443, 13.070442590401411]]]}}, {"id": "40", "type": "Feature", "properties": {"hotspot_id": "HOT_0041", "cluster_area_m2": 264605.11, "cluster_perimeter_m": 2576.29, "cluster_size_pixels": 27, "mean_lst": 38.42, "peak_lst": 39.3}, "geometry": {"type": "Polygon", "coordinates": [[[80.1640521697507, 13.07314842380065], [80.16404913781574, 13.07404895108987], [80.16315128007061, 13.07404604436093], [80.16314823237458, 13.074950213817374], [80.16315126745481, 13.074950223649077], [80.16314823180558, 13.075850754740612], [80.16225037778737, 13.075847844519883], [80.16224732637535, 13.076752013641425], [80.163169668937, 13.076755003396249], [80.1631696787761, 13.076752084846435], [80.16405215367078, 13.076754942287547], [80.16404912946314, 13.077652917835437], [80.1640521619232, 13.077652927649961], [80.16404912768078, 13.078553818603963], [80.16497147736348, 13.078556802328928], [80.16497148716293, 13.078553889691085], [80.16587238001154, 13.078556800824611], [80.1658754174136, 13.07765300032809], [80.16677328109397, 13.07765589835013], [80.16677329084985, 13.077652992183763], [80.1676741837417, 13.077655896845696], [80.16767721560537, 13.076751726531512], [80.16767419317122, 13.076751716792485], [80.16767721382361, 13.075850825498625], [80.16767419160524, 13.075850815760917], [80.167677212042, 13.074949924465741], [80.16767419003939, 13.074949914729352], [80.1676772102605, 13.074049023432861], [80.16767418847365, 13.074049013697792], [80.16767720847912, 13.073148122399985], [80.16675487825269, 13.073145149544438], [80.16675486850258, 13.073148054967108], [80.16585397909815, 13.073145148040552], [80.16585396932693, 13.073148056604971], [80.16497148879222, 13.073145206032795], [80.16497450859694, 13.07224722650283], [80.16405218235393, 13.072244244201663], [80.16404913837299, 13.073148413992767], [80.1640521697507, 13.07314842380065]]]}}, {"id": "41", "type": "Feature", "properties": {"hotspot_id": "HOT_0042", "cluster_area_m2": 284595.83, "cluster_perimeter_m": 3365.18, "cluster_size_pixels": 29, "mean_lst": 38.89, "peak_lst": 39.96}, "geometry": {"type": "Polygon", "coordinates": [[[80.24152951477701, 13.069541671396774], [80.24152675349247, 13.070445858493045], [80.2415295031419, 13.07044586656322], [80.24152675172115, 13.071346759270936], [80.24243039268619, 13.071349410037971], [80.2424276523942, 13.072247661751216], [80.24243039916765, 13.072247669804407], [80.24242765062274, 13.073148562529216], [80.24333128872843, 13.073151210476121], [80.24332855129602, 13.074049465009702], [80.24425090207887, 13.074052164713681], [80.24425091010028, 13.074049529477037], [80.2451330855416, 13.074052108507319], [80.24513035441468, 13.074950369192672], [80.24513309196819, 13.07495037719173], [80.2451303526432, 13.075851269970993], [80.24513309039217, 13.075851277971138], [80.2451303508716, 13.076752170749312], [80.246033980005, 13.076754809892103], [80.24603125154552, 13.07765307323022], [80.24695361629344, 13.077655764013752], [80.2469563593878, 13.076751576284517], [80.24695362471273, 13.076751568312151], [80.24695635761633, 13.075850675261204], [80.24695362313646, 13.075850667289918], [80.24695635584497, 13.07494977423789], [80.24695362156034, 13.074949766267682], [80.24695635204431, 13.074049542329663], [80.24785451262785, 13.07405215865821], [80.24785452057293, 13.07404953598814], [80.24875541526482, 13.07405215714406], [80.24875815101554, 13.073147968787525], [80.24785452897848, 13.073145339870088], [80.24785724988827, 13.072247069466142], [80.24695362479518, 13.072244437557176], [80.2469563487608, 13.071346170144658], [80.24603400745146, 13.071343480645224], [80.2460339994708, 13.071346109262182], [80.24513310828661, 13.071343479131631], [80.24513310028686, 13.07134611088983], [80.24425091539919, 13.071343532327841], [80.24425364891881, 13.070445274226833], [80.24335001121645, 13.070442630015863], [80.24335274779042, 13.06954437490514], [80.24243041394163, 13.069541672909693], [80.2424304058867, 13.069544313753443], [80.24152951477701, 13.069541671396774]]]}}, {"id": "42", "type": "Feature", "properties": {"hotspot_id": "HOT_0043", "cluster_area_m2": 362913.19, "cluster_perimeter_m": 3764.67, "cluster_size_pixels": 37, "mean_lst": 40.25, "peak_lst": 42.01}, "geometry": {"type": "Polygon", "coordinates": [[[80.26855382377181, 13.07314786311451], [80.26765558428623, 13.073145318693205], [80.26765291734995, 13.074049510934584], [80.26765557297747, 13.074049518462227], [80.2676529177791, 13.074949666733795], [80.26675468196265, 13.074947118864415], [80.2667520113648, 13.075851310796983], [80.26765556228568, 13.075853873907478], [80.26765291204428, 13.076752213277702], [80.26765556824068, 13.076752220808407], [80.26765291027547, 13.077653114058736], [80.26857527956294, 13.077655727635273], [80.26857528708031, 13.077653176569662], [80.26947618219772, 13.077655726118099], [80.2694761896966, 13.077653178194902], [80.27037708483242, 13.077655724600804], [80.2703770923128, 13.077653179820029], [80.27127798746699, 13.077655723083401], [80.2712806397361, 13.076752288115996], [80.2721788885223, 13.076754820608555], [80.27218153954533, 13.075850627640463], [80.27217889661672, 13.075850620194165], [80.27218153777724, 13.074949726620197], [80.27127799987407, 13.074947179542335], [80.271280636656, 13.07404882729894], [80.27127799083554, 13.074048819836221], [80.27128063488804, 13.073147926278567], [80.27127798925652, 13.073147918816861], [80.27128063312021, 13.072247025258195], [80.2712779876776, 13.072247017797498], [80.271280629125, 13.071346883341167], [80.27217887905009, 13.07134941486454], [80.27217888648653, 13.071346877505734], [80.2730797816836, 13.071349413347667], [80.27308242829233, 13.07044521982042], [80.27217889457809, 13.070442676719654], [80.27218152717136, 13.06954432049862], [80.27217888556355, 13.06954431305938], [80.27218152540415, 13.068643419478368], [80.27217888398502, 13.068643412040135], [80.27218152363707, 13.067742518458113], [80.27125919042602, 13.067739919694008], [80.27125918297453, 13.067742459706004], [80.2703582912575, 13.067739918177693], [80.27035563530028, 13.068644111344067], [80.27035827998667, 13.068644118810159], [80.27035563353296, 13.069545012125444], [80.27035827840827, 13.06954501959255], [80.27035563176551, 13.070445912906818], [80.27035827682974, 13.070445920374935], [80.27035563221855, 13.071346057889563], [80.26945738577773, 13.071343520038203], [80.26945472799532, 13.072246960501898], [80.26855648503187, 13.072244419365754], [80.26855382377181, 13.07314786311451]]]}}, {"id": "43", "type": "Feature", "properties": {"hotspot_id": "HOT_0044", "cluster_area_m2": 78693.4, "cluster_perimeter_m": 1385.78, "cluster_size_pixels": 8, "mean_lst": 37.96, "peak_lst": 38.67}, "geometry": {"type": "Polygon", "coordinates": [[[80.23612411349664, 13.073145265682234], [80.23612410530257, 13.073147929193915], [80.23522321433327, 13.073145264169668], [80.23522042929666, 13.07404944968325], [80.23522320261638, 13.074049457892686], [80.23522042752404, 13.074950350460371], [80.23612409202056, 13.074953024037061], [80.23612132819542, 13.075851252941103], [80.23704368412392, 13.075853978742371], [80.23704369230126, 13.075851318031942], [80.23794458676248, 13.075853977229354], [80.23794459492052, 13.075851319660984], [80.23884548940093, 13.075853975716226], [80.2388482616333, 13.074949789562245], [80.23794460345395, 13.074947125534942], [80.23794736050347, 13.074048890241114], [80.2370436992704, 13.074046223223853], [80.23704645937342, 13.07314799091988], [80.23612411349664, 13.073145265682234]]]}}, {"id": "44", "type": "Feature", "properties": {"hotspot_id": "HOT_0045", "cluster_area_m2": 235085.81, "cluster_perimeter_m": 2959.76, "cluster_size_pixels": 24, "mean_lst": 39.54, "peak_lst": 40.76}, "geometry": {"type": "Polygon", "coordinates": [[[80.26315109633661, 13.068640806894647], [80.26314841395458, 13.069544998533631], [80.26315108497423, 13.069545006149047], [80.26314841435082, 13.070445169734146], [80.26225019401542, 13.070442607065853], [80.26224751012761, 13.071346072347843], [80.26134929327141, 13.071343506393546], [80.26134928561173, 13.07134608160956], [80.26044839410463, 13.071343504878037], [80.26044838642623, 13.071346083235275], [80.25954749493795, 13.071343503362638], [80.25954748724084, 13.0713460848611], [80.25864659577137, 13.071343501847352], [80.25864389641457, 13.072247692374983], [80.25956624374554, 13.072250337047725], [80.25956625144302, 13.07224775554943], [80.26046714638079, 13.072250335532328], [80.26046715405954, 13.072247757175257], [80.2613680490159, 13.072250334016818], [80.26136805667595, 13.072247758800971], [80.26226895165092, 13.072250332501195], [80.2622689592923, 13.072247760426567], [80.26316985428582, 13.072250330985458], [80.26317253500058, 13.071346868884664], [80.26405197339427, 13.071349375020992], [80.26404931109631, 13.07224770257484], [80.26497165955527, 13.072250327953645], [80.26497166714076, 13.072247765302675], [80.26587256218983, 13.072250326437569], [80.26587256975672, 13.072247766927816], [80.26677346482425, 13.07225032492138], [80.2667761323901, 13.071346875310685], [80.26767436588078, 13.071349422447188], [80.26767703216878, 13.070445230012872], [80.2676743740309, 13.070445222480263], [80.26767703040086, 13.06954432899207], [80.26767437245284, 13.069544321460478], [80.26767702863306, 13.068643427971274], [80.26675469300726, 13.06864081295741], [80.26675468546235, 13.068643368835117], [80.26585379383943, 13.068640811441552], [80.26585378627595, 13.068643370459872], [80.26495289467171, 13.068640809925807], [80.26495288708966, 13.068643372084741], [80.26405199550409, 13.068640808410176], [80.26405198790346, 13.06864337370972], [80.26315109633661, 13.068640806894647]]]}}, {"id": "45", "type": "Feature", "properties": {"hotspot_id": "HOT_0046", "cluster_area_m2": 78501.36, "cluster_perimeter_m": 1382.64, "cluster_size_pixels": 8, "mean_lst": 38.91, "peak_lst": 40.84}, "geometry": {"type": "Polygon", "coordinates": [[[80.16495308932981, 13.06773974154741], [80.16495307954546, 13.067742652135243], [80.16405219017479, 13.067739740044402], [80.16405218036928, 13.067742653772784], [80.16315129101986, 13.06773973854151], [80.16315128119321, 13.067742655410433], [80.16225039186507, 13.06773973703873], [80.16224734241177, 13.06864390672654], [80.16315126858167, 13.068646835129465], [80.16314824306447, 13.069544809206793], [80.16407055906912, 13.069547794129239], [80.16407056887641, 13.069544880214455], [80.16497146171612, 13.069547792626125], [80.16497147150231, 13.069544881852082], [80.16587236436303, 13.069547791122895], [80.1658723741281, 13.069544883489595], [80.1667732670098, 13.069547789619554], [80.16677630020685, 13.068643618946975], [80.1658723835756, 13.068640703255628], [80.16587539905855, 13.067742719625361], [80.16495308932981, 13.06773974154741]]]}}, {"id": "46", "type": "Feature", "properties": {"hotspot_id": "HOT_0047", "cluster_area_m2": 49463.15, "cluster_perimeter_m": 1189.82, "cluster_size_pixels": 5, "mean_lst": 38.69, "peak_lst": 39.36}, "geometry": {"type": "Polygon", "coordinates": [[[80.25864660522923, 13.065938096790129], [80.25864390915858, 13.066841573739586], [80.2577457044862, 13.06683899611837], [80.25774300281341, 13.067743186775354], [80.25774569305699, 13.06774319450086], [80.25774300104459, 13.06864408755521], [80.25866533480443, 13.068646734727107], [80.25866803118342, 13.0677432576719], [80.25956623586306, 13.067745832253381], [80.25956624355533, 13.067743251581472], [80.26046713849772, 13.067745830738529], [80.26046983025627, 13.066841639522423], [80.25956625180767, 13.0668390528538], [80.2595689291321, 13.065940740200242], [80.25864660522923, 13.065938096790129]]]}}, {"id": "47", "type": "Feature", "properties": {"hotspot_id": "HOT_0048", "cluster_area_m2": 1017895.19, "cluster_perimeter_m": 7908.92, "cluster_size_pixels": 104, "mean_lst": 40.02, "peak_lst": 40.74}, "geometry": {"type": "Polygon", "coordinates": [[[80.26855650686105, 13.05422970293499], [80.26855385690341, 13.055130596229402], [80.26945739699256, 13.055133149242023], [80.26945475758359, 13.056031498707656], [80.26945740288986, 13.056031506178016], [80.26945475581792, 13.05693239948895], [80.2703582930373, 13.056934949673693], [80.27035565872643, 13.057832542797476], [80.26945740943505, 13.05783000737573], [80.26945740195782, 13.057832551874627], [80.26855651026547, 13.057830005860833], [80.26855384984, 13.058734199354136], [80.2685564989789, 13.058734206845987], [80.26855385028705, 13.059634348019733], [80.26767436261837, 13.059631859140696], [80.26767700919572, 13.058733516742588], [80.26767435352579, 13.058733509223234], [80.26767700742944, 13.057832615721809], [80.26675471192664, 13.057830002831388], [80.26675470439397, 13.057832556744883], [80.2658538127574, 13.057830001316836], [80.26585114250214, 13.058734194261291], [80.26675469308417, 13.058736757401157], [80.2667520431816, 13.059635096739978], [80.2667546990408, 13.05963510426982], [80.26675204361372, 13.060535252236576], [80.26585380802959, 13.06053270384798], [80.26585380047534, 13.060535261391367], [80.26495290886082, 13.060532702333212], [80.26495023475614, 13.061436894905674], [80.26495289752691, 13.061436902474636], [80.26495023298912, 13.062337795686412], [80.2649528959502, 13.062337803256401], [80.264950231222, 13.063238696467147], [80.26495289437337, 13.063238704038163], [80.26495022945473, 13.064139597247884], [80.26587254799621, 13.064142217814556], [80.26587255555388, 13.064139659779672], [80.26675468361677, 13.064142163075172], [80.26675203258054, 13.065040501425708], [80.26675468957876, 13.065040508961674], [80.26675203081325, 13.065941402206654], [80.26767435641659, 13.065944016699827], [80.26767702156317, 13.065039823888089], [80.2676743645644, 13.0650398163616], [80.26767701759242, 13.064139670553422], [80.2685564820139, 13.064142160155784], [80.26855383747419, 13.065040504822347], [80.26947616010608, 13.065043112710725], [80.26947616759075, 13.06504056707038], [80.27035827883265, 13.065043058181319], [80.27035564060148, 13.065941408999924], [80.27035828472115, 13.065941416462982], [80.27035563883454, 13.066842309781308], [80.27127796852697, 13.066844911594005], [80.27127797597677, 13.066842371907518], [80.27217887116001, 13.066844910077792], [80.27218152010329, 13.065940716417611], [80.2721788792502, 13.065940708982396], [80.2721815183366, 13.065039815397359], [80.27127798249911, 13.065037270118673], [80.27128061498394, 13.064139676974749], [80.27217886642748, 13.06414220720572], [80.27218151480356, 13.063238013356868], [80.2721788745165, 13.063238005924681], [80.27218151303725, 13.062337112336621], [80.27217887293885, 13.062337104905442], [80.27218150903114, 13.061436976192178], [80.27307976432827, 13.061439502817949], [80.2730824088599, 13.060535308598874], [80.27307977240454, 13.060535301188082], [80.27308240484629, 13.059635176204965], [80.27398066380626, 13.059637699387858], [80.27398330468341, 13.05873350486168], [80.27398067187016, 13.058733497471247], [80.27398330066234, 13.057833376217294], [80.27488156328418, 13.05783589595808], [80.27488419824486, 13.056932477025342], [80.27578246433875, 13.056934993485559], [80.27578509809787, 13.056030798408745], [80.27578247237827, 13.056030791057928], [80.27578509633302, 13.05512989738895], [80.27578247080115, 13.055129890039135], [80.2757850945683, 13.054228996369154], [80.27486281076166, 13.054226413088266], [80.27486280339868, 13.054228938110436], [80.27398067136619, 13.054226464216615], [80.27398329409256, 13.053328098741593], [80.27307976718733, 13.053325561900476], [80.27308239072028, 13.05242796983713], [80.27398065119475, 13.052430491730536], [80.2739832905633, 13.05152629670158], [80.2730610171483, 13.051523707524403], [80.27306100975169, 13.051526238334423], [80.27216011797742, 13.051523706009819], [80.27216011056248, 13.051526239956624], [80.27125921880668, 13.05152370449535], [80.27125657177415, 13.052427135156492], [80.27035831806052, 13.052424603825235], [80.27035831060779, 13.052427144208524], [80.26945741889011, 13.05242460231088], [80.26945741141897, 13.05242714583116], [80.26855651971984, 13.052424600796641], [80.26855386043437, 13.053328794667028], [80.2685565084371, 13.053328802152787], [80.26855385866895, 13.05422969544822], [80.26855650686105, 13.05422970293499]], [[80.2676529442999, 13.06143615163768], [80.26677346317099, 13.061433659393776], [80.26677611117444, 13.06053606576645], [80.26765558912786, 13.060538557833238], [80.2676529442999, 13.06143615163768]]]}}, {"id": "48", "type": "Feature", "properties": {"hotspot_id": "HOT_0049", "cluster_area_m2": 440548.19, "cluster_perimeter_m": 3564.85, "cluster_size_pixels": 45, "mean_lst": 42.81, "peak_lst": 45.62}, "geometry": {"type": "Polygon", "coordinates": [[[80.28206738478042, 13.059635125586029], [80.28206998512675, 13.059635132804479], [80.28206738301589, 13.06053602636884], [80.28206998354808, 13.060536033588269], [80.28206738125122, 13.061436927151645], [80.28206998196929, 13.06143693437205], [80.28206737948642, 13.062337827934451], [80.28206998039035, 13.062337835155835], [80.2820673777215, 13.06323872871725], [80.28297087078488, 13.063241235844021], [80.28296827840505, 13.064139631196415], [80.28389060064211, 13.064142187488939], [80.28389060783331, 13.064139692241973], [80.28477266760514, 13.06414213386541], [80.2847700815378, 13.065040535371924], [80.28569240748335, 13.065043085409625], [80.28569241463939, 13.065040596281966], [80.28659331011431, 13.065043083891824], [80.28659331725231, 13.065040597903753], [80.28749421274519, 13.065043082373913], [80.28749680322792, 13.064139705852694], [80.28839511379644, 13.064142179900486], [80.28839770316829, 13.063237982817363], [80.2874942261758, 13.063235494700686], [80.28749680205134, 13.062337083494656], [80.28749421747766, 13.06233707637286], [80.28749680028713, 13.061436182476262], [80.28659332041384, 13.061433691522534], [80.28659589916997, 13.060535283153344], [80.2865933117, 13.060535276015466], [80.28659589740589, 13.059634382134842], [80.28659331012085, 13.059634374997932], [80.28659589564194, 13.058733481116343], [80.28659330854184, 13.058733473980404], [80.28659589387811, 13.05783258009785], [80.28569241149313, 13.057830086628543], [80.28569499276074, 13.056931680774504], [80.28477269691366, 13.056929132300157], [80.28477268974765, 13.056931623290208], [80.283871797742, 13.056929130783459], [80.28386919553431, 13.057832518736951], [80.28297089699254, 13.05783003011265], [80.28297088978941, 13.057832527538732], [80.28208880109015, 13.057830080785644], [80.28209139534493, 13.056931687556222], [80.28116910022774, 13.05692912623403], [80.28116648586146, 13.057833322324695], [80.28116908910106, 13.057833329559319], [80.28116648409704, 13.058734223107399], [80.28206997948355, 13.058736732584782], [80.28206738478042, 13.059635125586029]]]}}, {"id": "49", "type": "Feature", "properties": {"hotspot_id": "HOT_0050", "cluster_area_m2": 49232.94, "cluster_perimeter_m": 991.1, "cluster_size_pixels": 5, "mean_lst": 40.43, "peak_lst": 40.64}, "geometry": {"type": "Polygon", "coordinates": [[[80.27758690033745, 13.057832597055473], [80.27666460279586, 13.057830019498926], [80.27666459546545, 13.057832538892294], [80.27576370362536, 13.057830017983129], [80.27576107168154, 13.058733434176405], [80.27486280287799, 13.058730917312252], [80.27486016520037, 13.059635112015453], [80.27578246906968, 13.059637696356386], [80.27578247641969, 13.059635173663306], [80.27668337170122, 13.059637694840479], [80.27668337903296, 13.05963517528579], [80.27758427433264, 13.059637693324463], [80.27758690210244, 13.058733498075055], [80.2775842823501, 13.058733490757788], [80.27758690033745, 13.057832597055473]]]}}, {"id": "50", "type": "Feature", "properties": {"hotspot_id": "HOT_0051", "cluster_area_m2": 59427.89, "cluster_perimeter_m": 1390.86, "cluster_size_pixels": 6, "mean_lst": 39.04, "peak_lst": 39.88}, "geometry": {"type": "Polygon", "coordinates": [[[80.25776710567162, 13.053328129291856], [80.25684482894259, 13.053325481964398], [80.25684482121017, 13.053328069568554], [80.25594392977403, 13.053325480451628], [80.25594392202284, 13.053328071192992], [80.25504303060558, 13.053325478938971], [80.25504032199875, 13.054229669982053], [80.25596260170163, 13.05423232392175], [80.25596260945318, 13.054229733180561], [80.25684480977874, 13.054232268711523], [80.25684212511955, 13.055130574158778], [80.25684481593706, 13.055130581888372], [80.25684212335237, 13.056031474938552], [80.25684481436227, 13.056031482669193], [80.25684212158508, 13.056932375718318], [80.257764411691, 13.05693502377347], [80.25776711097278, 13.056030832357767], [80.25776441996233, 13.056030824636716], [80.2577671092056, 13.055129931335799], [80.25776441838755, 13.055129923615794], [80.25776710743855, 13.054229030313826], [80.25776441681288, 13.054229022594871], [80.25776710567162, 13.053328129291856]]]}}, {"id": "51", "type": "Feature", "properties": {"hotspot_id": "HOT_0052", "cluster_area_m2": 227653.13, "cluster_perimeter_m": 3787.15, "cluster_size_pixels": 23, "mean_lst": 42.17, "peak_lst": 44.21}, "geometry": {"type": "Polygon", "coordinates": [[[80.2784664278123, 13.037112606508199], [80.27846381731186, 13.03801350002418], [80.27936731816857, 13.038016015244764], [80.27936471799475, 13.03891440250036], [80.2793673238468, 13.038914409750625], [80.27936471623278, 13.039815303282886], [80.27936732227134, 13.03981531053413], [80.27936471447066, 13.040716204065403], [80.27936732069575, 13.040716211317633], [80.27936471270841, 13.04161710484792], [80.27936731912004, 13.041617112101134], [80.27936471094604, 13.042518005630436], [80.27936731754423, 13.042518012884633], [80.27936470918354, 13.043418906412946], [80.27936731596827, 13.043418913668132], [80.27936470742091, 13.044319807195459], [80.27936731439219, 13.044319814451628], [80.27936470565818, 13.045220707977968], [80.27936731281598, 13.045220715235123], [80.2793647038953, 13.046121608760476], [80.27936731123965, 13.046121616018615], [80.2793647021323, 13.047022509542982], [80.2793673096632, 13.047022516802107], [80.27936470036917, 13.04792341032549], [80.27936730808662, 13.0479234175856], [80.27936469860592, 13.048824311107994], [80.27936730650991, 13.04882431836909], [80.27936469684255, 13.049725211890497], [80.28026819686838, 13.049727726062882], [80.28026559752556, 13.050626114368065], [80.28118786908466, 13.050628677696283], [80.28119048188005, 13.049724481098819], [80.28118787705186, 13.049724473864174], [80.28119048011678, 13.048823580079684], [80.28118787547491, 13.048823572846022], [80.28119047835365, 13.04792267906056], [80.2811878738981, 13.047922671827878], [80.28119047659064, 13.04702177804143], [80.2811878723214, 13.04702177080973], [80.28119047482777, 13.0461208770223], [80.28118787074483, 13.04612086979158], [80.281190473065, 13.045219976003178], [80.28118786916839, 13.045219968773441], [80.28119047130237, 13.044319074984053], [80.28118786759207, 13.044319067755296], [80.28119046953987, 13.043418173964934], [80.28028697064012, 13.043415664143827], [80.28028956842125, 13.042517274639895], [80.28028696182255, 13.042517267394976], [80.28028956665888, 13.04161637362067], [80.28028696024673, 13.041616366376736], [80.28028956489665, 13.040715472601445], [80.28028695867101, 13.040715465358495], [80.28028956313453, 13.039814571582223], [80.28028695709543, 13.039814564340254], [80.28028956137254, 13.038913670563002], [80.28028695551998, 13.038913663322017], [80.28028955961068, 13.038012769543778], [80.27938605858172, 13.038010257540522], [80.2793886584919, 13.037111870218096], [80.27938604975277, 13.03711186296095], [80.27938865673018, 13.036210969198772], [80.27846643895866, 13.036208402245874], [80.27846381907372, 13.037112599241766], [80.2784664278123, 13.037112606508199]]]}}, {"id": "52", "type": "Feature", "properties": {"hotspot_id": "HOT_0053", "cluster_area_m2": 49233.97, "cluster_perimeter_m": 991.17, "cluster_size_pixels": 5, "mean_lst": 39.01, "peak_lst": 39.41}, "geometry": {"type": "Polygon", "coordinates": [[[80.25236169715318, 13.047021832325056], [80.25143944494258, 13.047019166995808], [80.2514394371047, 13.04702177225323], [80.25053854577385, 13.04701916548448], [80.2505385379171, 13.047021773877702], [80.24963764660527, 13.04701916397326], [80.24963491971027, 13.047923354336163], [80.25053852641089, 13.047925972280508], [80.25053582038565, 13.048824256813628], [80.25145807909587, 13.04882692572454], [80.25145808693517, 13.048824320300147], [80.2523589817291, 13.048826924212987], [80.25236169891991, 13.047922733347669], [80.25235899006624, 13.047922725523332], [80.25236169715318, 13.047021832325056]]]}}, {"id": "53", "type": "Feature", "properties": {"hotspot_id": "HOT_0054", "cluster_area_m2": 108893.62, "cluster_perimeter_m": 2575.93, "cluster_size_pixels": 11, "mean_lst": 38.45, "peak_lst": 39.57}, "geometry": {"type": "Polygon", "coordinates": [[[80.26495028594461, 13.035310772263534], [80.26495294319716, 13.035310779802774], [80.26495028418125, 13.036211673044322], [80.26587249918447, 13.036214288111596], [80.26587250671042, 13.036211735158394], [80.2667547324833, 13.0362142337578], [80.26675208730373, 13.037112577215453], [80.26675473841755, 13.037112584719797], [80.26675208775171, 13.038012727074014], [80.26585384739367, 13.03801018275573], [80.26585383986502, 13.038012736200983], [80.26495294822197, 13.038010181243683], [80.26495294067482, 13.038012737822713], [80.26405204905039, 13.03801017973175], [80.2640493764474, 13.038914373691114], [80.26405203772113, 13.038914381252956], [80.26404937468342, 13.03981527447179], [80.26405203614765, 13.039815282034661], [80.26404937291933, 13.040716175252456], [80.26497160441878, 13.04071879441482], [80.26497427405522, 13.03981460039322], [80.26497161259044, 13.039814592839825], [80.26497427009453, 13.038914443471732], [80.26587250390294, 13.038916990986175], [80.26587251143197, 13.038914437541091], [80.26677340653303, 13.038916989474018], [80.2667734140436, 13.038914439162697], [80.26767430916303, 13.038916987961736], [80.26767696860333, 13.038012793265079], [80.26767431729918, 13.038012785769155], [80.26767696683996, 13.037111892244335], [80.2676743157256, 13.03711188474943], [80.26767696507672, 13.036210991223594], [80.26677341904197, 13.036208435422292], [80.26677606395471, 13.035310091897752], [80.26587251486804, 13.035307533109599], [80.26587516283249, 13.034409192571806], [80.26495295451252, 13.034406577869493], [80.26495028594461, 13.035310772263534]]]}}, {"id": "54", "type": "Feature", "properties": {"hotspot_id": "HOT_0055", "cluster_area_m2": 1026856.58, "cluster_perimeter_m": 7118.53, "cluster_size_pixels": 105, "mean_lst": 40.17, "peak_lst": 42.08}, "geometry": {"type": "Polygon", "coordinates": [[[80.1991873406997, 13.014589430140413], [80.19828645046006, 13.014586647942869], [80.1982835444564, 13.015490829520889], [80.19828643832577, 13.015490838463572], [80.1982835426872, 13.016391730293664], [80.19828643676405, 13.016391739237564], [80.19828354091786, 13.017292631066432], [80.19828643520222, 13.017292640011553], [80.19828353914839, 13.018193531839206], [80.19828643364026, 13.018193540785541], [80.19828353737881, 13.019094432611977], [80.19918732232303, 13.019097224652908], [80.19918443804129, 13.019995335086202], [80.2000882199566, 13.01999812415753], [80.200085338704, 13.020896237560532], [80.20098911758991, 13.020899023661872], [80.20098623936693, 13.021797140034964], [80.20098912492153, 13.021797148925891], [80.20098623759718, 13.022698040808056], [80.2009891233586, 13.022698049700193], [80.20098623747306, 13.023598428134704], [80.20008823317457, 13.023595659301408], [80.20008533162432, 13.02449984065245], [80.20008822105581, 13.02449984956708], [80.20008532985408, 13.025400741425424], [80.20008821949261, 13.025400750341268], [80.20008532808372, 13.026301642198398], [80.20100749234373, 13.026304486041008], [80.20100750124523, 13.026301709459764], [80.20189000740042, 13.026304427929382], [80.20188713118006, 13.027202546375472], [80.2028092991801, 13.027205384001697], [80.20281218981077, 13.02630172158335], [80.20371020025345, 13.026304481533112], [80.20371020909482, 13.026301714344978], [80.2046111028898, 13.02630448003025], [80.20461111171117, 13.026301715973156], [80.20551200552602, 13.026304478527281], [80.2055148861186, 13.025400825618636], [80.20641290659869, 13.025403576058794], [80.20641291537892, 13.025400818441037], [80.20731380923456, 13.025403574555703], [80.20731668306719, 13.024499928044937], [80.20821471030678, 13.024502672087317], [80.20821471904601, 13.024499920908099], [80.20911561294231, 13.024502670584113], [80.20911562166167, 13.02449992253552], [80.21001651557773, 13.024502669080793], [80.21001938110726, 13.023598485542157], [80.21001652444438, 13.023598476838618], [80.21001937933845, 13.022697584514477], [80.21001652288028, 13.022697575812124], [80.21001937756975, 13.021796683486803], [80.20909722796021, 13.021793872654822], [80.20909721924366, 13.021796620350232], [80.2081963287936, 13.021793871151838], [80.20819632005718, 13.02179662197747], [80.2072954296271, 13.021793869648967], [80.20729542087078, 13.021796623604823], [80.20641291959666, 13.02179392442241], [80.20641577832806, 13.020895789261118], [80.20551201542793, 13.020893022123591], [80.20551487549874, 13.019995420883255], [80.20641289722055, 13.019998170266316], [80.20641577479037, 13.019093987204908], [80.20641290613082, 13.01909397842777], [80.2064157713201, 13.01819362091198], [80.20731379673043, 13.018196366833253], [80.20731380548123, 13.018193613763039], [80.20821469936527, 13.018196365330924], [80.20821470809618, 13.018193615389924], [80.209115602, 13.01819636382848], [80.20911846935961, 13.017292180048353], [80.20911561087509, 13.017292171333256], [80.20911846759155, 13.016391279020578], [80.20819633817086, 13.016388466131952], [80.20819632944156, 13.016391215896233], [80.20729543900366, 13.016388464629735], [80.20729543025449, 13.01639121752303], [80.20639453983655, 13.016388463127626], [80.20639166451092, 13.017292111398643], [80.20549363910736, 13.01728936246195], [80.20549076030038, 13.018193014018463], [80.20461110813135, 13.018190318126216], [80.204613972515, 13.0172921885495], [80.20461109775755, 13.017292179734868], [80.20461397074638, 13.016391287521186], [80.20371020239999, 13.016388514978843], [80.20371306960837, 13.015490388193223], [80.203710192009, 13.015490379361013], [80.20371306783987, 13.014589487164796], [80.20279094629268, 13.014586655448364], [80.20278805828464, 13.015490315802204], [80.20189004556444, 13.015487554782913], [80.20188715407448, 13.01639121842257], [80.20100749458813, 13.01638851063376], [80.2010103714992, 13.01549039329494], [80.20100748413743, 13.015490384402687], [80.20101036973034, 13.014589492266193], [80.20008824879277, 13.014586650944729], [80.20008823988617, 13.014589428512776], [80.19918734962636, 13.014586649443741], [80.1991873406997, 13.014589430140413]]]}}, {"id": "55", "type": "Feature", "properties": {"hotspot_id": "HOT_0056", "cluster_area_m2": 372971.35, "cluster_perimeter_m": 4155.02, "cluster_size_pixels": 38, "mean_lst": 37.35, "peak_lst": 38.24}, "geometry": {"type": "Polygon", "coordinates": [[[80.24332866468504, 13.017292045582103], [80.24243050504238, 13.017289424140623], [80.24243049705058, 13.017292055172348], [80.24152960587094, 13.017289422634008], [80.24152685601237, 13.018193613372347], [80.24152959427386, 13.018193621379238], [80.24152685424839, 13.019094514150337], [80.24152959270617, 13.019094522158323], [80.24152685450132, 13.019994751816194], [80.2406287019985, 13.019992123649198], [80.24062594828231, 13.020896314010013], [80.24062869038818, 13.020896322039224], [80.24062594852612, 13.021796555438335], [80.23972779969318, 13.0217939238234], [80.23972504231537, 13.022698113869135], [80.23972778807025, 13.022698121919603], [80.23972504055052, 13.023599014646901], [80.24064720354644, 13.023601716939618], [80.24064721158324, 13.023599078631847], [80.24154810617776, 13.02360171543246], [80.24155085714158, 13.022697525065976], [80.24154811464206, 13.022697517044339], [80.24155085537697, 13.021796624042114], [80.24154811307399, 13.021796616021565], [80.24155085159606, 13.020896385899345], [80.24244900410599, 13.02089901104201], [80.24244901210142, 13.020896379502721], [80.24334990673673, 13.020899009534954], [80.24334991471314, 13.020896381125443], [80.24423227916023, 13.020898954027414], [80.24422955626987, 13.021797221572847], [80.2451517135657, 13.021799907481242], [80.24515444902086, 13.020896392313997], [80.24605261462821, 13.020899005013112], [80.24605534866738, 13.01999481351459], [80.24605262303368, 13.019994805591162], [80.24605534690374, 13.01909391249127], [80.2460526214654, 13.01909390456892], [80.24605534308424, 13.018193691537615], [80.24695351255487, 13.018196300624028], [80.24695624274068, 13.017292108749341], [80.2469535209476, 13.01729210084806], [80.24695624097752, 13.016391207726135], [80.24695351937959, 13.016391199825929], [80.2469562392145, 13.015490306702935], [80.24695351781169, 13.015490298803801], [80.2469562374516, 13.014589405679732], [80.24603410643135, 13.014586727644575], [80.24603409851865, 13.014589345654272], [80.2451332072591, 13.01458672613784], [80.24513319932748, 13.0145893472761], [80.24423230808698, 13.014586724631213], [80.24422957065796, 13.015490241961217], [80.24333140734808, 13.015487623965582], [80.24332866441459, 13.016391815207534], [80.24333139577486, 13.016391823174247], [80.24332866468504, 13.017292045582103]], [[80.2433286593921, 13.019994748608653], [80.2424490205524, 13.019992180759395], [80.24245174742292, 13.01909458591732], [80.24333138309703, 13.019097153583544], [80.2433286593921, 13.019994748608653]]]}}, {"id": "56", "type": "Feature", "properties": {"hotspot_id": "HOT_0057", "cluster_area_m2": 176881.84, "cluster_perimeter_m": 2767.27, "cluster_size_pixels": 18, "mean_lst": 41.47, "peak_lst": 43.87}, "geometry": {"type": "Polygon", "coordinates": [[[80.18927745277621, 13.012787646021001], [80.18837656275744, 13.012784829772226], [80.1883765535906, 13.012787647649827], [80.18747566359228, 13.012784828272924], [80.18747272034605, 13.01368854111134], [80.18657476286799, 13.013685727607756], [80.18657181462649, 13.014589906627423], [80.18747564057607, 13.014592738701207], [80.18747271528602, 13.01549080910116], [80.18839483669296, 13.01549369545332], [80.18839484586275, 13.015490877213232], [80.18929573932985, 13.015493693953685], [80.1892957484793, 13.015490878842233], [80.19019664196661, 13.015493692453935], [80.19019665109572, 13.015490880471125], [80.19107923580104, 13.01549363386795], [80.19107632323748, 13.016391716681433], [80.1910792433493, 13.01639172578693], [80.19107632146722, 13.017292617453334], [80.19199845036034, 13.01729549138844], [80.19199845945136, 13.017292685301852], [80.192899352997, 13.017295489888138], [80.19290227736417, 13.016391795218706], [80.19380025407297, 13.016394587420775], [80.1938031765363, 13.015490406904462], [80.19288105390436, 13.015487539774787], [80.19287812967056, 13.016391234502349], [80.19199846854247, 13.016388496155892], [80.19200137779444, 13.015490410307962], [80.19199845789133, 13.01549040121408], [80.19200137602442, 13.014589509278125], [80.19109756281371, 13.014586693012637], [80.19110047488319, 13.013688609949988], [80.19109755214514, 13.013688600838302], [80.19110047311331, 13.012787708920046], [80.1901783610881, 13.012784832771166], [80.19017835196192, 13.012787644392292], [80.18927746192271, 13.012784831271642], [80.18927745277621, 13.012787646021001]]]}}, {"id": "57", "type": "Feature", "properties": {"hotspot_id": "HOT_0058", "cluster_area_m2": 294294.15, "cluster_perimeter_m": 3949.61, "cluster_size_pixels": 30, "mean_lst": 38.65, "peak_lst": 40.17}, "geometry": {"type": "Polygon", "coordinates": [[[80.22261072241686, 13.011887280706873], [80.22260791544775, 13.012788173079107], [80.2226107208525, 13.012788181483732], [80.22260791368207, 13.013689073854822], [80.22261071928801, 13.01368908226059], [80.22260791191626, 13.014589974630537], [80.22353003788238, 13.014592735920607], [80.2235300462742, 13.01459003987007], [80.2244309405147, 13.01459273441668], [80.22443094888705, 13.014590041494534], [80.22533184314689, 13.014592732912643], [80.2253318514998, 13.014590043118888], [80.22621430611336, 13.014592676415457], [80.22621152177645, 13.015490274042246], [80.22531342393415, 13.015487593856834], [80.22531061568911, 13.016391781275617], [80.22621430298057, 13.016394478315775], [80.22621151635857, 13.017292683749426], [80.22713365310528, 13.017295432793013], [80.22713366142278, 13.017292748738006], [80.22803455573748, 13.017295431288309], [80.2280345640356, 13.017292750362294], [80.22893545836956, 13.017295429783495], [80.22893825367618, 13.016391241651204], [80.228935466992, 13.016391233368497], [80.22893825000028, 13.015490958687181], [80.22983635787114, 13.015493626353367], [80.22983914759288, 13.014590059500067], [80.23073725893764, 13.014592723886045], [80.2307400451858, 13.013689160312687], [80.2316381600039, 13.013691821418828], [80.23163816822023, 13.01368915369546], [80.23253906263506, 13.013691819913998], [80.23254184408133, 13.012787630762837], [80.23161972281954, 13.012784901871372], [80.2316197146036, 13.012787569594916], [80.2307188236489, 13.012784900366656], [80.23071881541368, 13.012787571218386], [80.22981792447837, 13.012784898862057], [80.22981513508091, 13.01368846560272], [80.22891702374318, 13.013685798196699], [80.2289170154682, 13.013688475477071], [80.22801612457299, 13.013685796692211], [80.22801611627867, 13.013688477100972], [80.22711522540293, 13.013685795187836], [80.22711521708922, 13.013688478724987], [80.22621432623295, 13.013685793683576], [80.22621431789986, 13.013688480349115], [80.2253318601663, 13.01368584721334], [80.22533464914784, 13.012787644338356], [80.22533185024928, 13.012787635982612], [80.22533464738251, 13.01188674331255], [80.22441253102161, 13.011883988998212], [80.22441252265195, 13.011886681573957], [80.22353005183253, 13.011884042610077], [80.22353284688234, 13.010985845681311], [80.22261073424573, 13.010983085152551], [80.22260791721331, 13.011887272303394], [80.22261072241686, 13.011887280706873]]]}}, {"id": "58", "type": "Feature", "properties": {"hotspot_id": "HOT_0059", "cluster_area_m2": 206211.62, "cluster_perimeter_m": 2378.51, "cluster_size_pixels": 21, "mean_lst": 42.77, "peak_lst": 45.21}, "geometry": {"type": "Polygon", "coordinates": [[[80.17486308619264, 13.006478501466361], [80.1748600986137, 13.007382256532548], [80.17396218547164, 13.007379400801993], [80.17395919302062, 13.008283577395037], [80.17396217304159, 13.008283586878504], [80.17395919124928, 13.009184478164887], [80.17396217148404, 13.009184487649648], [80.1739591894778, 13.010085378934738], [80.17486305963119, 13.010088254167028], [80.17486009013415, 13.010986281407982], [80.175782191976, 13.01098921159068], [80.17578517706445, 13.010085459140113], [80.17668309305643, 13.01008830912413], [80.17668607465689, 13.009184559963156], [80.17758399413663, 13.009187406657688], [80.17758697224957, 13.008283660785924], [80.1784848952166, 13.008286504191343], [80.1784878712744, 13.007382326565354], [80.17848490447476, 13.0073823171763], [80.17848786950377, 13.006481425533902], [80.17848490291698, 13.006481416146125], [80.17848786773328, 13.00558052450245], [80.17758400813588, 13.005577662851351], [80.17758696658866, 13.004679625173294], [80.17666488763533, 13.004676702794791], [80.17666190703055, 13.005580451283], [80.17576398691386, 13.00557760213063], [80.17576100282227, 13.006481353907638], [80.17486308619264, 13.006478501466361]]]}}, {"id": "59", "type": "Feature", "properties": {"hotspot_id": "HOT_0060", "cluster_area_m2": 16230660.35, "cluster_perimeter_m": 63900.54, "cluster_size_pixels": 1663, "mean_lst": 39.62, "peak_lst": 43.47}, "geometry": {"type": "MultiPolygon", "coordinates": [[[[80.18207034016756, 12.97134338094214], [80.18207033091586, 12.971346212307967], [80.1811694409978, 12.971343379448637], [80.18116648464444, 12.972247105681815], [80.18026854027546, 12.972244278788391], [80.18026557896837, 12.973148459259047], [80.18026852795062, 12.973148468548692], [80.18026557867906, 12.974048909317407], [80.17938575885792, 12.974046136109614], [80.17938870345739, 12.973148085672905], [80.17938574798809, 12.973148076352835], [80.17938870169166, 12.972247184641624], [80.17846674193676, 12.972244275801721], [80.17846673260209, 12.972247119827168], [80.17756584276758, 12.972244274308556], [80.17756287314687, 12.973148013118877], [80.17666494204616, 12.97314517364822], [80.17666196750811, 12.97404935323599], [80.17666492967615, 12.974049362608802], [80.17666196574191, 12.974950254006227], [80.17758393504538, 12.9749531698366], [80.17758690501842, 12.974049430901559], [80.17848483612563, 12.974052267374303], [80.17848484546204, 12.974049423165358], [80.17936761790054, 12.974052208732353], [80.17936467301307, 12.97495025910202], [80.17936762566315, 12.974950268414645], [80.17936467124709, 12.975851159872585], [80.1793676241095, 12.97585116918648], [80.17936466948098, 12.976752060643149], [80.17936762255572, 12.976752069958314], [80.17936466771475, 12.97765296141371], [80.17936762100182, 12.97765297073015], [80.17936466594838, 12.978553862184267], [80.17936761944779, 12.978553871501976], [80.1793646641819, 12.979454762954827], [80.1802866507106, 12.979457670199553], [80.18028666001372, 12.979454831129773], [80.1811694069703, 12.9794576115798], [80.1811664672647, 12.980355667123327], [80.18116941469866, 12.980355676402677], [80.18116646549821, 12.981256567894096], [80.18116941314403, 12.981256577174712], [80.18116646373157, 12.982157468664866], [80.18116941158928, 12.982157477946751], [80.18116646196482, 12.983058369435632], [80.18116941003439, 12.983058378718782], [80.1811664616758, 12.983958818877705], [80.18026852007905, 12.983955989619542], [80.18026555600558, 12.984860169277702], [80.18116939763377, 12.98486301731031], [80.18116645666379, 12.985761071747927], [80.18207029527682, 12.9857639168224], [80.1820673588072, 12.986661520316284], [80.18116941458301, 12.986658693614341], [80.18116645312914, 12.987562873289448], [80.18208846996684, 12.987565775926997], [80.18208847924046, 12.987562941452818], [80.1829711913626, 12.98756571728908], [80.18296825621361, 12.988463777459659], [80.1838902767901, 12.988466673904163], [80.18389028602418, 12.988463845492362], [80.18479117942404, 12.988466672408356], [80.18479118863773, 12.988463847119164], [80.18567388740398, 12.988466613913337], [80.18567096172539, 12.989364683329297], [80.18659298624735, 12.989367570384303], [80.18659299542159, 12.989364751158496], [80.18749388888105, 12.98936756888805], [80.18749389803499, 12.989364752785049], [80.1883765834454, 12.989367510536239], [80.18837366723876, 12.990265589198575], [80.18929569570436, 12.99026846686277], [80.18929570481899, 12.990265656824153], [80.19017838028692, 12.990268408602098], [80.19017547032631, 12.99116649336851], [80.19109750252781, 12.991169364836601], [80.1910975116032, 12.991166560863181], [80.19199840516117, 12.991169363339568], [80.19199841421637, 12.991166562489344], [80.19288107632825, 12.991169305222611], [80.19287817743182, 12.992066907127404], [80.19198019526377, 12.99206411657373], [80.19197727322772, 12.992967809747444], [80.19107929453848, 12.99296501591099], [80.19107636745316, 12.993869197383338], [80.19107928233132, 12.993869206457893], [80.19107636725556, 12.994769613381825], [80.19019662588377, 12.994766872913345], [80.19019953660097, 12.993868788991065], [80.19019661522506, 12.993868779886393], [80.19019953483374, 12.992967887961052], [80.19019661366762, 12.992967878857616], [80.19019953306665, 12.99206698693104], [80.18929571860558, 12.992064168925465], [80.1892986319252, 12.991166087600238], [80.18837660014769, 12.991163209751228], [80.18837659101077, 12.991166023275843], [80.18749391184284, 12.991163265189147], [80.1874968314087, 12.990265189968643], [80.18657480336799, 12.990262305923991], [80.1865747941917, 12.990265125513615], [80.18567390420013, 12.990262304427636], [80.18567389500349, 12.99026512714047], [80.18477300503237, 12.990262302931393], [80.18477005576413, 12.991166483172233], [80.18477299274923, 12.991166492385121], [80.18477005399659, 12.992067383943422], [80.18567388117286, 12.99207021773162], [80.18567095465589, 12.992968286414483], [80.18567388881459, 12.992968295609517], [80.18567095288822, 12.993869187185778], [80.18657477725557, 12.99387201819645], [80.18657185354772, 12.994770089657049], [80.18749389821897, 12.994772974694724], [80.18749390738041, 12.994770157502066], [80.18837657409519, 12.994772916261882], [80.18837365663511, 12.995670993828297], [80.18929570504446, 12.995673872668126], [80.18929571416655, 12.995671061542286], [80.19019660767864, 12.995673871170768], [80.19019661678045, 12.995671063169144], [80.19107927013384, 12.995673812881659], [80.19107636215145, 12.996571899699168], [80.19199841450413, 12.996574769142947], [80.19199842356673, 12.996571967209144], [80.1928993171381, 12.996574767645148], [80.19290223667014, 12.995671077095503], [80.19380021821424, 12.995673865180226], [80.19380313586323, 12.994769683223643], [80.19380022727265, 12.994769674198574], [80.19380313409636, 12.993868782194061], [80.19380022571461, 12.993868773170226], [80.19380313232959, 12.992967881164482], [80.19380022415673, 12.992967872141872], [80.19380312896475, 12.992067475549533], [80.19468287316943, 12.99207020328673], [80.19467997893194, 12.99296830340709], [80.19558377081026, 12.99297110279526], [80.19558087959379, 12.993869205878227], [80.19650292299899, 12.993872058752766], [80.19650293195714, 12.993869272979747], [80.19740382563205, 12.99387205725473], [80.19740383457011, 12.993869274605506], [80.19830472826496, 12.993872055756576], [80.19830473718297, 12.99386927623115], [80.19918736605153, 12.99387199796722], [80.1991844875423, 12.994770113445039], [80.20010653508874, 12.994772953726187], [80.2001065439679, 12.99477018026956], [80.20100743772143, 12.994772952227587], [80.20100744658062, 12.994770181894951], [80.20189006209264, 12.99477289458296], [80.20188719306394, 12.995671019312857], [80.20189006937277, 12.995671028148788], [80.20188719129797, 12.9965719200861], [80.20189006781332, 12.996571928923235], [80.20188719120516, 12.99747229714983], [80.20098917760177, 12.997469536566715], [80.20098916873819, 12.997472307613828], [80.20008827843303, 12.997469535067687], [80.20008826954943, 12.99747230923959], [80.19920565658451, 12.997469589912804], [80.19920853563492, 12.996571475088702], [80.19828648165439, 12.996568631234567], [80.19828647273195, 12.996571411476905], [80.19738558248586, 12.996568629735984], [80.1973826773849, 12.997472812366205], [80.19828646061072, 12.997475603225569], [80.19828357804738, 12.998373714837866], [80.1992056386898, 12.998376559090081], [80.19920564759386, 12.998373781793548], [80.2001065413231, 12.998376557591154], [80.20010655020711, 12.998373783419432], [80.20098915664981, 12.998376499840507], [80.20098628356945, 12.999274620707206], [80.20098916395435, 12.999274629567935], [80.20098628180286, 13.000175521480331], [80.20189005272769, 13.000178300299867], [80.20188718246625, 13.001076423952306], [80.20189006001428, 13.001076432795463], [80.20188718069952, 13.001977324725539], [80.2018900584541, 13.001977333569902], [80.20188717893267, 13.00287822549877], [80.20279094724307, 13.002881001711437], [80.20278807959625, 13.003779127971058], [80.20279095451282, 13.003779136797862], [80.20278807950605, 13.00467950364745], [80.20189006429415, 13.004676744752565], [80.20188717363138, 13.005580927818466], [80.20280926169974, 13.005583760820944], [80.20280927053344, 13.00558099459836], [80.20369184175676, 13.005583703122307], [80.20368897672594, 13.00648183199034], [80.20461106852763, 13.006484658786016], [80.20461107732262, 13.006481898638508], [80.20549363859318, 13.006484601180038], [80.20549077982132, 13.007382736162196], [80.20641287535565, 13.007385556750204], [80.2064157483308, 13.006481910650889], [80.20729543699224, 13.006484598284832], [80.20729258468441, 13.007382739560164], [80.20821468062263, 13.007385553748268], [80.2082146893393, 13.00738280593024], [80.20911558325594, 13.007385552247127], [80.20911559195278, 13.007382807555905], [80.21001648588913, 13.00738555074588], [80.21001649456616, 13.007382809181456], [80.21089903222817, 13.00738549344517], [80.21089619264552, 13.008283647129065], [80.21181829271686, 13.008286448707842], [80.2118211480272, 13.007382263647184], [80.21181830155291, 13.007382255004487], [80.21182114626089, 13.006481362619756], [80.21181829999081, 13.006481353978236], [80.21182114449469, 13.00558046159233], [80.21091740446288, 13.005577716368995], [80.21092024335866, 13.004679562263048], [80.2109173942457, 13.004679553604126], [80.2109202415926, 13.003778661235518], [80.2109173926841, 13.003778652577772], [80.21092023807176, 13.002878315520551], [80.21181828334869, 13.002881042919011], [80.21182113566725, 13.00197741633581], [80.21271918441992, 13.001980140453258], [80.21272203503597, 13.001075954757619], [80.21271919324154, 13.00107594614288], [80.21272203327067, 13.000175053730313], [80.2127191916802, 13.000175045116748], [80.21272203150546, 12.999274152703004], [80.21271919011897, 12.999274144090613], [80.2127220297404, 12.9983732516757], [80.21181829456383, 12.998370511016264], [80.21182112683759, 12.997472912386572], [80.21271917661659, 12.997475635629701], [80.21272202621066, 12.996571449621097], [80.21271918543607, 12.996571441012222], [80.21272202266925, 12.995671112411175], [80.21362007612734, 12.995673832199975], [80.21362008471017, 12.99567110542737], [80.21452097875843, 12.995673830699575], [80.2145209873216, 12.995671107051146], [80.21542188138942, 12.995673829199065], [80.21542188993295, 12.995671108674811], [80.21632278402029, 12.995673827698438], [80.21632561835423, 12.994770218037159], [80.2172236850904, 12.994772925233523], [80.21722651777156, 12.993868738057238], [80.21722369385141, 12.993868729550057], [80.21722651600783, 12.992967837030486], [80.21632279819241, 12.992965113150984], [80.21632561487333, 12.992066937699686], [80.21542189403108, 12.992064210853336], [80.2154247119338, 12.9911666132725], [80.21632277621897, 12.991169322876972], [80.21632561134626, 12.990265135645974], [80.21632278498971, 12.990265127123854], [80.21632560776867, 12.989364813295397], [80.21722367572924, 12.989367519448393], [80.21722368422549, 12.989364806397226], [80.21812457835907, 12.989367517948304], [80.21812458683576, 12.989364808019898], [80.21902548098876, 12.9893675164481], [80.21902548944594, 12.989364809642456], [80.21992638361837, 12.989367514947789], [80.21992920345687, 12.988463918917041], [80.22082728468763, 12.988466612483597], [80.22082729310466, 12.988463912097641], [80.22172818731687, 12.988466610983165], [80.22173100041935, 12.987563021331633], [80.22262908838567, 12.987565708519082], [80.2226318998926, 12.986661519673838], [80.22172820285284, 12.986658815878444], [80.22173099875954, 12.985760620342269], [80.22082729869308, 12.98575791358039], [80.220830095768, 12.984860317356834], [80.22172818107674, 12.984863007128531], [80.2217309933687, 12.98395941816831], [80.22262908214557, 12.98396210466487], [80.222629090518, 12.983959411392892], [80.22352998477399, 12.98396210316476], [80.22352999312703, 12.983959413014325], [80.22441256088597, 12.983962047001542], [80.22440977498293, 12.984860252419354], [80.22441256765909, 12.984860260749794], [80.22440977322141, 12.98576115319534], [80.22533179315101, 12.98576390209065], [80.2253345944815, 12.98485971253912], [80.22533180180473, 12.984859704218582], [80.2253345908209, 12.983959424576256], [80.2262326926586, 12.983962098663746], [80.22623270095359, 12.983959417877948], [80.22711525849913, 12.983962042660176], [80.22711248227624, 12.98486025750091], [80.22801615614136, 12.984862942162986], [80.2280133829465, 12.985761159970963], [80.22893540366361, 12.985763896087299], [80.228935411903, 12.985761224321394], [80.22983630629149, 12.98576389458618], [80.22983631451162, 12.985761225942216], [80.23073720891925, 12.985763893084943], [80.23073721712015, 12.985761227562925], [80.23163811154687, 12.9857638915836], [80.23164089007399, 12.984859700683751], [80.2307372257045, 12.984857028649989], [80.23073998894326, 12.983958801351932], [80.23073721594274, 12.98395879314821], [80.23073998718267, 12.983057900326838], [80.23073721438143, 12.983057892124233], [80.23073998347434, 12.982157632601975], [80.23163810530309, 12.982160287733729], [80.23163811348033, 12.98215762602071], [80.23253900793014, 12.982160286232707], [80.23254178240272, 12.98125609489105], [80.23253901649048, 12.981256086729044], [80.23254177867805, 12.980355834220122], [80.23342155918391, 12.980358428728982], [80.2334188063382, 12.981256666245656], [80.23432245682696, 12.98125932823091], [80.23431970701012, 12.982157568715255], [80.23522335446975, 12.982160227732557], [80.23522060768225, 12.983058471184954], [80.23614261999855, 12.98306118118941], [80.2361426280813, 12.983058534911285], [80.23704352262514, 12.983061179687716], [80.23704353068884, 12.983058536530917], [80.23794442525163, 12.983061178185906], [80.23794443329629, 12.983058538150436], [80.238845327878, 12.983061176683984], [80.23884533590365, 12.98305853976984], [80.23974623050425, 12.983061175181948], [80.23974623851092, 12.983058541389136], [80.2406471331304, 12.983061173679808], [80.24064714111807, 12.98305854300831], [80.24154803575642, 12.983061172177544], [80.24154804372517, 12.983058544627378], [80.24244893838234, 12.983061170675173], [80.24245167722793, 12.982156977301996], [80.24152966688786, 12.982154289849731], [80.24152965891948, 12.982156917400074], [80.24062876771195, 12.982154288347477], [80.24062875972466, 12.98215691901914], [80.23972786853616, 12.98215428684533], [80.2397278605299, 12.98215692063832], [80.2388269693605, 12.982154285343297], [80.23882696133525, 12.98215692225761], [80.23794444178759, 12.982154337676977], [80.23794717862246, 12.98125608473697], [80.23702517257098, 12.981253381499547], [80.23702516450878, 12.981256024485955], [80.23612427339555, 12.981253379997963], [80.23612426531429, 12.981256026105498], [80.23522337422023, 12.981253378496492], [80.23522336611988, 12.981256027725156], [80.23434082984052, 12.981253431032366], [80.23434357938335, 12.980355190481246], [80.23343992568189, 12.980352528732334], [80.23344267825337, 12.979454291148887], [80.23253902152352, 12.979451626432589], [80.23254177712316, 12.978553391816416], [80.23253901180733, 12.978553383657749], [80.23254177536357, 12.977652490791547], [80.23161978376184, 12.977649769134244], [80.23161977558944, 12.977652430160326], [80.23073721320756, 12.977649821833943], [80.23073997486209, 12.976751593151176], [80.22981798697141, 12.976748865294258], [80.22981797876174, 12.976751532388823], [80.22893540645384, 12.976748918088227], [80.2289381743598, 12.975850695510823], [80.2289353966651, 12.975850687278744], [80.22893817260011, 12.974949794485516], [80.22803450073556, 12.974947114938097], [80.22803727146879, 12.974048895152539], [80.22803449093018, 12.974048886903464], [80.22803726970925, 12.973147994127132], [80.22711529568333, 12.973145257438924], [80.22711528742047, 12.97314793320269], [80.2262143965081, 12.973145255939558], [80.22621438822596, 12.973147934822652], [80.22533178982614, 12.973145308896203], [80.22533456983317, 12.972247098178693], [80.22441259971653, 12.972244352102683], [80.22441259139691, 12.97224703705103], [80.22352998307376, 12.972244405153093], [80.22353276932827, 12.971346200537953], [80.22352997317623, 12.971346192195766], [80.22353276756853, 12.970445299512006], [80.22261080448294, 12.970442547428439], [80.22261079612689, 12.970445238267416], [80.22172817476202, 12.970442600559718], [80.22173096706273, 12.969544401871065], [80.22080900769073, 12.969541643593562], [80.22080899929705, 12.969544340495775], [80.21990810851584, 12.969541642095422], [80.21990810010273, 12.969544342116166], [80.21900720934104, 12.969541640597395], [80.21900438857813, 12.970445829847664], [80.21900719749819, 12.97044583827625], [80.21900438866898, 12.971346137331828], [80.21812456593584, 12.971343495629434], [80.21812737132932, 12.970445309669023], [80.21720540943454, 12.970442538439288], [80.21720540096187, 12.970445247990655], [80.21630451026022, 12.970442536941487], [80.21630450176802, 12.97044524961159], [80.215403611086, 12.970442535443803], [80.21540360257428, 12.970445251232643], [80.2145027119119, 12.970442533946233], [80.2145027033806, 12.97044525285381], [80.21360181273792, 12.970442532448773], [80.21359897224905, 12.971346720462629], [80.21360180082719, 12.971346729009507], [80.21359897228915, 12.972247047953053], [80.21270091045032, 12.972244332625555], [80.21269806809107, 12.973147950566958], [80.21180000971987, 12.97314523196507], [80.21179716210945, 12.974049419398392], [80.21179999778475, 12.974049427988012], [80.21179716213045, 12.974949754193139], [80.21089910743258, 12.974947032141328], [80.21089909881695, 12.974949764406016], [80.20999820825965, 12.974947030643776], [80.20999535549524, 12.975850658410282], [80.20909730752987, 12.975847929982981], [80.20909445129608, 12.976751561025267], [80.20819640680031, 12.976748829322078], [80.20819639812319, 12.976751571300072], [80.20729550762795, 12.976748827824649], [80.20729549893106, 12.976751572922803], [80.20639460845568, 12.976748826327334], [80.20639174222407, 12.977652466846745], [80.20549370772682, 12.977649725666339], [80.20549369898916, 12.977652477182435], [80.2045928085549, 12.977649724169135], [80.20458993387557, 12.978553909708559], [80.20459279652692, 12.978553918462017], [80.20458993382428, 12.97945427207879], [80.20369190626975, 12.979451524344038], [80.20369189749002, 12.979454282456905], [80.20279100709831, 12.979451522846846], [80.2027909982987, 12.979454284080482], [80.20190833320046, 12.979451577271533], [80.20191119845443, 12.978553449421371], [80.20190832282418, 12.978553440598576], [80.20191119500346, 12.977653077376504], [80.20280921339385, 12.977655830877099], [80.2028092221903, 12.97765307017832], [80.20371011602396, 12.977655829380229], [80.20371299197156, 12.9767521797944], [80.20461101709748, 12.976754926917499], [80.20461102585301, 12.976752172636871], [80.20551191972727, 12.976754925420511], [80.2055147889399, 12.975851282211565], [80.20641282080032, 12.975854022957876], [80.20641568654254, 12.97495038302523], [80.20731372187315, 12.974953120495345], [80.20731658588669, 12.974048934106793], [80.20731373075046, 12.974048925409022], [80.20731658238262, 12.973148583049236], [80.2082146213893, 12.973151317067588], [80.20821747998608, 12.97224768386227], [80.2091155224617, 12.97225041460537], [80.20911837758979, 12.971346784675031], [80.21001642353387, 12.97134951214325], [80.21001643216371, 12.971346777642143], [80.21091732616226, 12.971349510646244], [80.21092017455993, 12.970445887089488], [80.21181822723396, 12.970448608184222], [80.21182107216423, 12.96954498790152], [80.21271912830545, 12.969547705722302], [80.2127219697688, 12.96864408871329], [80.21362002937673, 12.96864680326049], [80.21362286917781, 12.967742615054862], [80.21362003817111, 12.967742606503085], [80.21362286741729, 12.966841714027717], [80.21362003661426, 12.966841705477108], [80.21362286565687, 12.96594081300058], [80.21362003505752, 12.965940804451142], [80.21362286209056, 12.965040487154749], [80.21452092577888, 12.965043197905025], [80.21452093430244, 12.965040480227106], [80.21542182840588, 12.965043196408216], [80.21542466088607, 12.964139007560597], [80.21542183717571, 12.964138999052608], [80.21542465912627, 12.963238106533684], [80.21452094152544, 12.963235382197547], [80.2145237579916, 12.962337207199354], [80.21360182674452, 12.96233442491432], [80.21360181820415, 12.962337145358045], [80.21270092756959, 12.962334423417955], [80.21270091900965, 12.962337146978605], [80.21180002839478, 12.962334421921703], [80.21180001981523, 12.962337148599278], [80.21091732958378, 12.962334475572701], [80.21092015873035, 12.961436312943361], [80.21001642543068, 12.961433573279539], [80.21001925759454, 12.960535413608836], [80.20911552127787, 12.960532670986662], [80.20911835645852, 12.959634514274207], [80.2082146171253, 12.95963176869407], [80.20821745532227, 12.958733614939478], [80.20729553874106, 12.958730811096592], [80.2072955300679, 12.958733552649743], [80.20641281037678, 12.95873086495906], [80.20641565480918, 12.95783271729769], [80.20641280012941, 12.957832708601545], [80.2064156530491, 12.956931816269702], [80.20551190466912, 12.956929061817995], [80.20551475191218, 12.956030916934656], [80.20461100051759, 12.956028159526532], [80.20461385077503, 12.955130017599508], [80.20461099023488, 12.95513000886742], [80.20461384901512, 12.954229116571307], [80.2036919498115, 12.95422630093701], [80.20369194106527, 12.954229054064236], [80.2028091922153, 12.954226354944467], [80.2028120485001, 12.953328218928903], [80.20280918189587, 12.953328210159613], [80.20281204674018, 12.952427317900483], [80.20189015456809, 12.952424496277406], [80.20189014578463, 12.952427255277883], [80.20098925539335, 12.952424494783704], [80.20098637519446, 12.95332814911394], [80.20008835466608, 12.953325394125608], [80.2000883458417, 12.953328159534445], [80.1991874554917, 12.953325392632024], [80.19918744664741, 12.953328161155786], [80.19828655631741, 12.953325391138547], [80.19828654745325, 12.953328162777243], [80.19738565714326, 12.953325389645189], [80.19738564825914, 12.953328164398817], [80.19648475796922, 12.95332538815194], [80.19648474906515, 12.9533281660205], [80.19558385879527, 12.953325386658799], [80.19558384987123, 12.953328167642303], [80.19468295962146, 12.953325385165781], [80.19468295067742, 12.953328169264214], [80.1938001646965, 12.953325439682649], [80.19380305295613, 12.952427334835109], [80.19380015418032, 12.952427325867752], [80.19380305119518, 12.951526433805602], [80.19288116437751, 12.951523580510832], [80.19287825506785, 12.952427262515636], [80.19198026365231, 12.952424479852878], [80.19197734926541, 12.953328664338487], [80.19198025148741, 12.953328673337385], [80.19197734911255, 12.954229066145743], [80.19107936137573, 12.954226280029227], [80.19107935235022, 12.954229076768337], [80.19017846220261, 12.954226278536662], [80.19017554089699, 12.955130462493576], [80.19107934017214, 12.955133269948579], [80.19107644155807, 12.956031364960225], [80.19198023782282, 12.956034169461939], [80.19197734221937, 12.95693226742698], [80.19198024527746, 12.956932276430804], [80.19197734045754, 12.9578331681991], [80.19288113391912, 12.957835969928977], [80.19287824111905, 12.958734070666065], [80.19288114135576, 12.958734079652269], [80.19287823935709, 12.959634971438293], [80.1928811398026, 12.959634980425724], [80.192878237595, 12.960535872210514], [80.19288113824932, 12.960535881199174], [80.19287823583278, 12.961436772982736], [80.19378202690515, 12.961439572303238], [80.19377913649447, 12.962337675450122], [80.19378203432603, 12.962337684421172], [80.19377913473213, 12.963238576222452], [80.19378203277226, 12.963238585194725], [80.19377913296965, 12.964139476994779], [80.19378203121836, 12.964139485968278], [80.1937791328252, 12.96503987510712], [80.19288114109042, 12.965037093030382], [80.19287822862847, 12.965940777724295], [80.19198024036513, 12.96593799237083], [80.19198023134369, 12.965940788343879], [80.191097478663, 12.965938047228416], [80.1911003794902, 12.965039954335477], [80.19017844357494, 12.965037088548424], [80.19017551974696, 12.965941271756336], [80.19017843137804, 12.96594128081274], [80.19017551798365, 12.966842172528223], [80.19017842982424, 12.966842181585863], [80.1901755162202, 12.967743073300104], [80.19107931840948, 12.967745883306486], [80.19107641847008, 12.968643483973551], [80.19017843736171, 12.968640691885758], [80.19017551427228, 12.969544386591629], [80.18927753663708, 12.969541591225793], [80.18927752755022, 12.969544397277247], [80.18837663746618, 12.9695415897316], [80.18837662835911, 12.969544398901625], [80.18747573829539, 12.969541588237519], [80.18747572916809, 12.969544400526118], [80.18657483912472, 12.969541586743555], [80.18657482997716, 12.969544402150726], [80.18569206928701, 12.969541641967202], [80.1856949902783, 12.968643568634834], [80.18477304233662, 12.968640682922276], [80.18477303314972, 12.968643504384314], [80.18387214316616, 12.968640681428758], [80.18386919724004, 12.969544397822146], [80.18297124244316, 12.969541580768817], [80.18296829153525, 12.970445762039832], [80.18297123015375, 12.970445771264515], [80.18296829127621, 12.971346201456656], [80.18207034016756, 12.97134338094214]], [[80.20369192183159, 12.970442515984171], [80.2036890455502, 12.971346701824759], [80.2036919097979, 12.971346710588492], [80.20368904549636, 12.972247065579813], [80.20279101954785, 12.9722443161598], [80.20279101075782, 12.972247075967575], [80.20189012037558, 12.97224431466359], [80.20189011156567, 12.972247077590525], [80.20098922120341, 12.972244313167495], [80.20098921237363, 12.972247079213583], [80.20008832203138, 12.972244311671512], [80.20008831318167, 12.972247080836759], [80.19918742285947, 12.972244310175638], [80.19918741398979, 12.972247082460049], [80.19830471034429, 12.972244364706203], [80.19830758518926, 12.971346765442156], [80.19920559198428, 12.971349530098577], [80.19920560085197, 12.97134675817245], [80.20010649461403, 12.97134952860292], [80.20010938383545, 12.970445343554884], [80.20010650358083, 12.970445334703093], [80.20010938039684, 12.969544967071219], [80.2010073941335, 12.96954772517474], [80.20101027968627, 12.968643539802192], [80.20100740308803, 12.96864353097274], [80.20101027792397, 12.967742638773531], [80.20100740153269, 12.967742629945283], [80.20101027447531, 12.966842266307836], [80.20189011040682, 12.966844965043126], [80.20188724774636, 12.967743095341422], [80.20280919628182, 12.967745920251318], [80.20281207321027, 12.96684226951278], [80.20369190881514, 12.966844962157014], [80.20368905259826, 12.967743098730713], [80.20459280646246, 12.967745861666499], [80.20458995326268, 12.968644001198815], [80.20549370410949, 12.968646761175705], [80.20549085565477, 12.969544359336187], [80.20459282255993, 12.969541616644307], [80.20458995145718, 12.970445261951452], [80.20369192183159, 12.970442515984171]], [[80.18569501876672, 12.983959354008375], [80.18657479439034, 12.983962107697169], [80.18657187298544, 12.984860181171559], [80.18749388110285, 12.984863064049085], [80.18749389025056, 12.984860248854208], [80.18837659123383, 12.984863005764746], [80.18837367762097, 12.985760608058195], [80.18747571031537, 12.98575780325015], [80.18747570116562, 12.985760618808472], [80.1865748111468, 12.985757801754227], [80.18657480197675, 12.985760620434746], [80.18569209729354, 12.985757857217207], [80.18569502205676, 12.984859787184336], [80.18569208654765, 12.984859777990646], [80.18569501876672, 12.983959354008375]], [[80.18749388713766, 12.983058447281874], [80.18837659434833, 12.983061203856117], [80.1883736811546, 12.983958806029497], [80.18747571342625, 12.98395600158204], [80.18747570427901, 12.983958816777104], [80.18659299678127, 12.98395605696603], [80.18659591636657, 12.983058454826832], [80.18749387799247, 12.983061262113482], [80.18749388713766, 12.983058447281874]], [[80.19740377118316, 12.962340523423059], [80.19740378007864, 12.962337747054132], [80.19830467381198, 12.962340521928718], [80.19830468268749, 12.962337748676529], [80.19920557644068, 12.96234052043426], [80.19920558529627, 12.962337750298818], [80.20010647906926, 12.96234051893969], [80.20010648790493, 12.962337751920996], [80.20098921898362, 12.962340461720693], [80.20098635412957, 12.963238589780646], [80.20189011663219, 12.963241361231235], [80.20188725649042, 12.964138959668807], [80.2009892351975, 12.964136205646714], [80.20098922637854, 12.964138970084877], [80.2001065015338, 12.96413625995464], [80.2001093697377, 12.96323813532473], [80.19918743840547, 12.963235301821403], [80.19918454751775, 12.964139487164747], [80.19918742632144, 12.964139496018273], [80.19918454575583, 12.965040387937727], [80.1991874247667, 12.965040396792462], [80.19918454566374, 12.965940766502703], [80.19828653457034, 12.965938002832653], [80.1982865256892, 12.965940776981405], [80.19740379685194, 12.965938057324008], [80.19740667513123, 12.96503994246705], [80.19648473777937, 12.965037099007906], [80.19648472885946, 12.965039879212492], [80.19560199010006, 12.965037153590902], [80.19560487297841, 12.964139554326165], [80.19650287166124, 12.964142326850826], [80.19650577222967, 12.963238142103803], [80.1965028806701, 12.963238133181845], [80.19650576882115, 12.962337754352351], [80.19740377118316, 12.962340523423059]], [[80.19738563615974, 12.954232358908248], [80.19738276194273, 12.95512995754689], [80.19650287559476, 12.955127245702096], [80.19650575296188, 12.954229647257657], [80.19738563615974, 12.954232358908248]], [[80.19560492401202, 12.989364273649436], [80.1956020231693, 12.989364264672002], [80.19560492224612, 12.988463372620084], [80.19560202161179, 12.988463363643875], [80.19560492048036, 12.98756247159073], [80.19560202005441, 12.987562462615744], [80.19560491871472, 12.986661570561383], [80.19560201849715, 12.986661561587619], [80.19560491694921, 12.985760669532032], [80.19560201694003, 12.985760660559494], [80.19560491518382, 12.984859768502687], [80.19560201538302, 12.98485975953137], [80.1956049117967, 12.98395937166695], [80.19650290587133, 12.983962148119073], [80.19650580939685, 12.983058472483405], [80.19738558635912, 12.983061189418109], [80.1973827038718, 12.983959300775535], [80.19738559372567, 12.983959309695708], [80.19738270210689, 12.98486020154825], [80.19738559216843, 12.984860210469641], [80.19738270034185, 12.985761102320978], [80.19828648088502, 12.985763890833615], [80.19828360100445, 12.98666200479124], [80.1982864882347, 12.986662013695035], [80.19828359923928, 12.987562905564067], [80.19828648667698, 12.987562914469073], [80.19828359747397, 12.988463806336894], [80.19828648511913, 12.988463815243113], [80.19828359735286, 12.989364194452916], [80.1973855949487, 12.9893614230538], [80.19738558601593, 12.989364204985632], [80.19648469577933, 12.989361421556202], [80.19648178908665, 12.990265604486464], [80.1964846836419, 12.99026561343522], [80.19648178894619, 12.991165999690558], [80.19560203525984, 12.991163278190843], [80.19560492577803, 12.990265174678791], [80.19560202472692, 12.990265165700137], [80.19560492401202, 12.989364273649436]], [[80.19828650425225, 12.972250376534296], [80.19828362912294, 12.97314797621244], [80.19740380930216, 12.973145264111395], [80.19740668758588, 12.97224766462722], [80.19828650425225, 12.972250376534296]], [[80.20819635132099, 13.00377860170662], [80.20731379093054, 13.00377590887819], [80.20731664062369, 13.002878309099204], [80.20821467281849, 13.002881048922058], [80.20821468152923, 13.00287830198872], [80.2090972416426, 13.002880991581181], [80.20909439835081, 13.003778591393582], [80.20819636003368, 13.00377585441922], [80.20819635132099, 13.00377860170662]], [[80.2108990723079, 12.990265081631723], [80.20999818177258, 12.990262344868846], [80.2099981731172, 12.990265083255498], [80.20909728260173, 12.990262343369558], [80.20909727392662, 12.990265084879388], [80.208196383431, 12.990262341870384], [80.20819637473612, 12.990265086503387], [80.20731376751056, 12.990262396134128], [80.20731661586392, 12.989364251581536], [80.20639458664849, 12.989361438036017], [80.20639457791518, 12.989364188737994], [80.20551196074999, 12.989361492392758], [80.20551481535414, 12.988463353947209], [80.20551195043824, 12.98846334519077], [80.20551481358964, 12.98756245291905], [80.20551194887956, 12.987562444163801], [80.20551481010996, 12.986662091682085], [80.20641283948781, 12.986664834544145], [80.2064128482168, 12.986662084551908], [80.20731374211866, 12.986664833045737], [80.20731375082782, 12.986662086175672], [80.20821464474939, 12.986664831547214], [80.20821465343879, 12.986662087799324], [80.20911554738, 12.986664830048584], [80.20911555604962, 12.986662089422863], [80.2100164500105, 12.986664828549836], [80.21001645866038, 12.986662091046284], [80.21091735264088, 12.986664827050976], [80.21091736127104, 12.986662092669592], [80.21181825527114, 12.986664825552003], [80.21181826388161, 12.986662094292786], [80.21271915790129, 12.986664824052918], [80.2127191664921, 12.986662095915865], [80.21362006053134, 12.98666482255372], [80.2136229026231, 12.985761205325124], [80.21452096160223, 12.985763920089875], [80.21452097015258, 12.985761198372739], [80.21542186423193, 12.985763918590562], [80.21542187276268, 12.985761199995384], [80.2163227668615, 12.985763917091134], [80.21632277537266, 12.985761201617915], [80.21722366949096, 12.985763915591592], [80.21722367798256, 12.985761203240333], [80.21812457212032, 12.98576391409194], [80.21812458059237, 12.985761204862637], [80.2190071625397, 12.985763857584034], [80.21900435687485, 12.986662043803868], [80.21900716943216, 12.986662052253179], [80.21900435511236, 12.9875629445792], [80.21900716787175, 12.987562953029665], [80.21900435518934, 12.988463256546392], [80.21810627743534, 12.98846055669199], [80.21810626895905, 12.988463266620574], [80.21720537826323, 12.988460555191907], [80.21720536976741, 12.98846326824325], [80.21630447909125, 12.988460553691931], [80.21630164610937, 12.98936416236736], [80.21540357835975, 12.989361453029508], [80.2154035698236, 12.989364172501757], [80.2145026791881, 12.989361451529653], [80.21449983946802, 12.990265066586012], [80.21360177845706, 12.990262350867132], [80.21360176988047, 12.990265076761087], [80.21270087928576, 12.99026234936739], [80.21270087068953, 12.990265078384521], [80.21179998011458, 12.990262347867764], [80.21179997149866, 12.990265080008067], [80.21089908094352, 12.990262346368247], [80.2108990723079, 12.990265081631723]], [[80.20641574302861, 13.003779208282953], [80.20729544167996, 13.003781895428205], [80.20729258998438, 13.004680037238522], [80.20729544885066, 13.004680045967007], [80.20729258993698, 13.00558039662973], [80.2064128914532, 13.005577709129815], [80.20641574650705, 13.004679570755465], [80.2064128811375, 13.004679561997417], [80.20641574302861, 13.003779208282953]], [[80.20641285819325, 12.997475646130072], [80.20641286693652, 12.997472894009276], [80.20729545261358, 12.997475588762583], [80.20729260407074, 12.99837318853012], [80.20639457105698, 12.99837044639965], [80.20639456231174, 12.998373198875347], [80.20551197635668, 12.998370500886745], [80.2055148312982, 12.997472901152667], [80.20641285819325, 12.997475646130072]], [[80.21992917887856, 12.974949811414831], [80.21902547477045, 12.974947100477536], [80.21902827774493, 12.974048912081884], [80.21902546477264, 12.974048903639181], [80.2190282759842, 12.973148011055384], [80.21902546321421, 12.973148002613838], [80.2190282723732, 12.972247703084147], [80.21992635399761, 12.97225039663385], [80.21992916997728, 12.971346803894733], [80.22080898591645, 12.971349439476041], [80.220806189915, 12.972247634784496], [80.22170988356217, 12.972250338981537], [80.22170709245795, 12.97314793455042], [80.22080900145909, 12.97314524694574], [80.22080618639438, 12.974049436335642], [80.22170988044223, 12.974052140883213], [80.22170708706314, 12.97495033880443], [80.22170988726269, 12.974950347180473], [80.22170708717503, 12.975850637583498], [80.22080899678404, 12.9758479494599], [80.22080618111254, 12.976752138662347], [80.22170987576139, 12.976754843735693], [80.22170708365246, 12.977652439605546], [80.22080899366672, 12.977649751136019], [80.22080617759066, 12.978553940213475], [80.22172817016131, 12.978556700382835], [80.2217281785463, 12.978554005033244], [80.2226107718449, 12.978556644191126], [80.2226079806893, 12.979454844376448], [80.22261077865093, 12.979454852738805], [80.22260798080578, 12.980355141036748], [80.22170988816342, 12.980352455149774], [80.2217098797754, 12.98035515102152], [80.2208089889898, 12.980352453650216], [80.22080898058236, 12.980355152642904], [80.21990808981631, 12.980352452150768], [80.2199080813894, 12.980355154264407], [80.21902548413125, 12.980352505582038], [80.21902828646628, 12.979454909408593], [80.21992636646402, 12.979457604345082], [80.21992918592272, 12.978553415520405], [80.21992637518349, 12.97855340709142], [80.21992918416149, 12.977652514494011], [80.21992637362433, 12.977652506066178], [80.21992918240039, 12.976751613467615], [80.21902547789023, 12.976748902179017], [80.21902827941874, 12.975851306246367], [80.21992636022982, 12.975854000489484], [80.21992917887856, 12.974949811414831]], [[80.21812738357787, 12.97765310622562], [80.219007176587, 12.977655749024288], [80.21900437457784, 12.978553345422187], [80.21812457841301, 12.97855070243457], [80.21812738357787, 12.97765310622562]], [[80.21992639921787, 12.987559713835273], [80.21992919993056, 12.986662117335738], [80.22080895938512, 12.986664755641424], [80.22080616183028, 12.987562352329466], [80.21992639921787, 12.987559713835273]], [[80.21360180629893, 12.963241342470123], [80.21359898813958, 12.964138938846515], [80.21271913789073, 12.964136280159872], [80.21272195920233, 12.963238683973755], [80.21360180629893, 12.963241342470123]]], [[[80.22353279573974, 12.984859715927374], [80.22261077953863, 12.984856960840904], [80.22260796835954, 12.985761149806855], [80.22352998789403, 12.98576390509165], [80.22353279573974, 12.984859715927374]]]]}}, {"id": "60", "type": "Feature", "properties": {"hotspot_id": "HOT_0061", "cluster_area_m2": 342567.28, "cluster_perimeter_m": 2771.08, "cluster_size_pixels": 35, "mean_lst": 42.03, "peak_lst": 44.23}, "geometry": {"type": "Polygon", "coordinates": [[[80.21450265734171, 13.001974063252515], [80.21450264876961, 13.001976788305488], [80.21360175817183, 13.001974061751243], [80.21359891231755, 13.002877682355235], [80.21270085744092, 13.002874961087237], [80.21269800633998, 13.003779146653237], [80.21270084549464, 13.003779155261869], [80.21269800457428, 13.004680047427772], [80.21270084393268, 13.004680056037575], [80.21269800280845, 13.005580948202311], [80.2127008423706, 13.005580956813287], [80.21269800104248, 13.006481848976845], [80.21360173139183, 13.006484588148817], [80.21359890170882, 13.007382751449512], [80.21450262902842, 13.007385487651897], [80.21449980237536, 13.008283653922293], [80.21542190324803, 13.008286442700372], [80.2154219118079, 13.008283719721412], [80.21632280588055, 13.008286441198228], [80.21632564307157, 13.007382829101328], [80.21722370695058, 13.007385538731818], [80.21722654247692, 13.006481352431926], [80.21722371571751, 13.006481343908506], [80.2172265388999, 13.005581029125556], [80.21812460645812, 13.005583735301474], [80.21812743649484, 13.004680129939812], [80.2190255075277, 13.004682832835373], [80.21902833591929, 13.003778645957212], [80.21902551627046, 13.003778637476442], [80.21902833415442, 13.002877744930657], [80.21810625246053, 13.002874970096512], [80.21810624396575, 13.002877682821076], [80.21722371798172, 13.002875023955504], [80.21722653365073, 13.001976847298067], [80.21630445568182, 13.001974066255386], [80.216304447149, 13.00197678505679], [80.2154035565117, 13.001974064753894], [80.21540354795927, 13.001976786681082], [80.21450265734171, 13.001974063252515]]]}}, {"id": "61", "type": "Feature", "properties": {"hotspot_id": "HOT_0062", "cluster_area_m2": 2635769.93, "cluster_perimeter_m": 10286.44, "cluster_size_pixels": 270, "mean_lst": 43.54, "peak_lst": 47.14}, "geometry": {"type": "Polygon", "coordinates": [[[80.1631514234876, 12.991163167886528], [80.16314839578654, 12.992067343115341], [80.16315141093692, 12.992067352824932], [80.16314839529768, 12.99296786119243], [80.16225052121652, 12.992964968055048], [80.16224748982125, 12.993869142949704], [80.16225050865333, 12.993869152682873], [80.16224748805041, 12.994770043718164], [80.16315139655633, 12.994772956676004], [80.16314838870389, 12.995670946189632], [80.16405229419716, 12.99567385619067], [80.16404929064596, 12.99657146365041], [80.16315141416646, 12.996568572873366], [80.16314838643972, 12.997472366276696], [80.16225051344857, 12.997469472210222], [80.16224748096577, 12.998373646791997], [80.16225050088183, 12.998373656531797], [80.1622474791943, 12.99927454756045], [80.16225049932716, 12.999274557301582], [80.16224747868866, 13.000175070937136], [80.16134960962282, 13.000172173208849], [80.16134657322594, 13.001076347393587], [80.16225048646874, 13.00107926481717], [80.16224747387912, 13.001977249865806], [80.16225049466239, 13.001977259610918], [80.16224747210714, 13.002878150634253], [80.16315138255129, 13.00288106528821], [80.16314837276053, 13.003779053106681], [80.16405228018998, 13.003781964801975], [80.16404927469587, 13.004679572801251], [80.16315140017637, 13.004676680353787], [80.16314836921617, 13.005580854643787], [80.16315138761507, 13.005580864373236], [80.16314836744381, 13.00648175541234], [80.16405227551867, 13.006484667672332], [80.16404926809741, 13.007382657885199], [80.16497135408932, 13.007385625670207], [80.16497437888171, 13.006481451083353], [80.16497136351738, 13.006481441384238], [80.1649743758188, 13.00558093589436], [80.16587225361711, 13.005583822233781], [80.16587527341211, 13.004680036719124], [80.16677315470012, 13.00468291976791], [80.1667761710057, 13.003779137543624], [80.16767405578292, 13.003782017302154], [80.16767706859955, 13.00287823836785], [80.16857495686548, 13.00288111483649], [80.16857796619365, 13.001977339191805], [80.16947585794783, 13.001980212370935], [80.16947586753058, 13.001977331212883], [80.17037676058536, 13.001980210875303], [80.17037976315424, 13.001076441624631], [80.17127766166723, 13.00107930840984], [80.17127767120715, 13.001076433688283], [80.1721785643044, 13.001079306914091], [80.17217857382359, 13.001076435317973], [80.17307946694147, 13.001079305418225], [80.17307947643994, 13.001076436947551], [80.17398036957842, 13.001079303922252], [80.17398335884705, 13.000175547274177], [80.17488127065938, 13.000178401456882], [80.17488128011522, 13.000175539421486], [80.175782173296, 13.000178399960788], [80.17578218273118, 13.000175541050627], [80.17668307593249, 13.00017839846458], [80.17668605659331, 12.999274220685733], [80.17668308520932, 12.999274211267005], [80.17668605482359, 12.998373319654076], [80.1766830836529, 12.998373310236632], [80.176686053054, 12.997472418622417], [80.1766830820966, 12.997472409206257], [80.17668604986287, 12.996571948954285], [80.17758397234523, 12.996574793092428], [80.17758694889068, 12.995670614857799], [80.17758398160892, 12.99567060546479], [80.17758694712157, 12.994769713826258], [80.17668308683594, 12.994766851250064], [80.17668604597685, 12.993868814495817], [80.17578218267504, 12.993865948960297], [80.1757851448319, 12.99296791516528], [80.17488127851436, 12.992965046670815], [80.17488424368672, 12.99206701583463], [80.1748812675129, 12.992067006384946], [80.17488424191777, 12.991166114802777], [80.17488126595772, 12.99116610535438], [80.17488423874107, 12.990265640234963], [80.17578215618842, 12.99026848929975], [80.17578216560949, 12.990265632415976], [80.17668305882363, 12.990268487804741], [80.17668603570597, 12.989364742663549], [80.17758395990398, 12.989367585340638], [80.17758693474137, 12.988463406605517], [80.17668307593897, 12.988460545325706], [80.17668603359671, 12.987562507274328], [80.17576401802462, 12.98755958547721], [80.17576400860659, 12.987562441992699], [80.17486311885777, 12.987559583982534], [80.17486310941915, 12.987562443620645], [80.17396221969103, 12.987559582487977], [80.17396221023178, 12.987562445248697], [80.17306132052441, 12.987559580993521], [80.17306131104452, 12.987562446876868], [80.17216042135792, 12.987559579499186], [80.17216041185736, 12.987562448505154], [80.17125952219152, 12.987559578004959], [80.17125951267028, 12.987562450133547], [80.17037675615957, 12.987559634381997], [80.17037973618864, 12.986661618147448], [80.16947585200072, 12.98665873209432], [80.16947883504214, 12.985760718816076], [80.16857494784212, 12.985757829806923], [80.16857793389543, 12.984859819484592], [80.16857493670797, 12.98485980990039], [80.16857793212668, 12.983958918451982], [80.16767404212919, 12.98395602667446], [80.16767703097976, 12.983058019120298], [80.16767403097725, 12.983058009517936], [80.16767702921113, 12.982157118087583], [80.1667550356778, 12.98215416554622], [80.1667550260606, 12.982157052170377], [80.16585413651138, 12.982154164053323], [80.16585112075349, 12.983058340533283], [80.16585412400109, 12.983058350167088], [80.16585111898463, 12.983959241302204], [80.16585412244805, 12.983959250937321], [80.16585111721565, 12.984860142071113], [80.1658541208949, 12.984860151707549], [80.16585111676302, 12.985760648232777], [80.16495323113554, 12.985757765885868], [80.16495021125365, 12.98666194190736], [80.16495321861132, 12.986661951567264], [80.16495020948418, 12.987562842676162], [80.16495321705791, 12.987562852337385], [80.16495020901922, 12.98846335289099], [80.16405232731172, 12.988460466886458], [80.16404930352097, 12.989364642511743], [80.16405231477428, 12.989364652196468], [80.16404930175098, 12.990265543280428], [80.16405231322062, 12.990265552966477], [80.16404930127368, 12.991166057549826], [80.1631514234876, 12.991163167886528]]]}}, {"id": "62", "type": "Feature", "properties": {"hotspot_id": "HOT_0063", "cluster_area_m2": 12312732.23, "cluster_perimeter_m": 93050.81, "cluster_size_pixels": 1258, "mean_lst": 38.61, "peak_lst": 44.92}, "geometry": {"type": "MultiPolygon", "coordinates": [[[[80.23432256198485, 12.92630106768135], [80.23343983216618, 12.926298477602725], [80.2334425728999, 12.92540022966585], [80.23252077322563, 12.925397521949197], [80.23251801302648, 12.926301062824985], [80.23161987249046, 12.926298421294158], [80.23161710685076, 12.927202616245733], [80.23161986083653, 12.927202624350786], [80.23161710509821, 12.928103517022693], [80.23161985928272, 12.928103525128861], [80.23161710334556, 12.929004417799653], [80.232520748829, 12.929007076038907], [80.23251800601425, 12.929904666864838], [80.23161986627709, 12.929902024651104], [80.23161985816368, 12.929904676569047], [80.23071896709565, 12.9299020231564], [80.23071895896321, 12.929904678183993], [80.22981806791434, 12.92990202166181], [80.22981805976283, 12.929904679799053], [80.2289171687331, 12.929902020167335], [80.22891439256578, 12.930806214293275], [80.22891715704293, 12.930806222459946], [80.22891439081238, 12.931707115069905], [80.22981804652807, 12.931709783214979], [80.22981529148366, 12.932608017533626], [80.23073711703232, 12.93261073628904], [80.23073988703746, 12.931706541898834], [80.23073712559267, 12.931706533759879], [80.23073988330354, 12.930806287474029], [80.23161984650652, 12.930808879380825], [80.23161709808679, 12.931707120130525], [80.23253892071973, 12.931709832336583], [80.23253892881563, 12.93170718335674], [80.2334216433745, 12.93170977744629], [80.23341890118401, 12.93260802428088], [80.2334216498969, 12.932608032354587], [80.23341889943094, 12.933508925058051], [80.23342164834209, 12.933508933132863], [80.23341889767775, 12.93440982583522], [80.23432253791827, 12.934412478852977], [80.23431979835016, 12.935310728299246], [80.23432254442451, 12.935310736357287], [80.23431979659682, 12.936211629076519], [80.23522343401696, 12.936214279309379], [80.23522069726945, 12.937112531540754], [80.23522344050609, 12.93711253958204], [80.23522069551599, 12.938013432318137], [80.23522343895043, 12.938013440360523], [80.23522069577642, 12.93891367217483], [80.23432254827642, 12.938911037531694], [80.23431979158808, 12.939814574781058], [80.23342164754068, 12.93981193687505], [80.23342163945313, 12.939814584460242], [80.232538952912, 12.939811988940427], [80.23254169982003, 12.938913746723562], [80.23161985073494, 12.938911033043638], [80.23161984261043, 12.938913686680669], [80.23071895155468, 12.938911031547846], [80.23071617987773, 12.939815225435307], [80.2316198309466, 12.939817888880501], [80.23161708054938, 12.940716127899988], [80.23161983751613, 12.94071613602171], [80.23161707879495, 12.941617028676921], [80.23252072704352, 12.941619689337122], [80.23251797946682, 12.94251793114181], [80.23252073359586, 12.942517939246708], [80.23251797771225, 12.943418831918857], [80.23252073203982, 12.943418840024863], [80.23251797595755, 12.944319732695899], [80.23342162158218, 12.944322390742993], [80.23341887862436, 12.945219982436898], [80.23252073902759, 12.945217340415223], [80.23251797244778, 12.946121534249972], [80.233421618467, 12.946124192642452], [80.23341887311985, 12.947022436715393], [80.23342162500512, 12.9470224448068], [80.23341887136476, 12.947923337492538], [80.23342162344832, 12.947923345585052], [80.23341886960955, 12.948824238269678], [80.23432251300298, 12.948826894047407], [80.23431977028181, 12.94972514073542], [80.2343225195249, 12.949725148811126], [80.23431976852648, 12.95062604151267], [80.23432251796761, 12.950626049589479], [80.23431976876947, 12.951526287908155], [80.23342162731262, 12.951523647788557], [80.23341886258747, 12.952427841378226], [80.2334216156625, 12.952427849476274], [80.23341886083163, 12.95332874215536], [80.23432250521041, 12.953331398795443], [80.23431976150384, 12.954229644621636], [80.23524166747426, 12.954232351904645], [80.23524167554075, 12.954229707977342], [80.23612430206978, 12.95423229685522], [80.23612156661633, 12.955129888751202], [80.23522341944147, 12.95512725414293], [80.23522066042028, 12.956031447865362], [80.2361425732123, 12.956034152330544], [80.23614258126202, 12.956031511176443], [80.23702519816023, 12.956034097308782], [80.2370224635218, 12.956932352021093], [80.23702520463264, 12.95693236004864], [80.23702246378328, 12.957832590181825], [80.23612431394663, 12.957829958160817], [80.23612430589402, 12.957832599827599], [80.23522341476826, 12.957829956662174], [80.23522065515158, 12.95873415019739], [80.23522340313595, 12.958734158265115], [80.23522065539615, 12.959634395397591], [80.23432251247415, 12.959631756842935], [80.23432250438128, 12.959634405083966], [80.23342161329624, 12.959631755344299], [80.23341884876548, 12.960535299604583], [80.23252071256057, 12.96053265468521], [80.23251794259444, 12.961436847459352], [80.23252070089258, 12.961436855587557], [80.23251794083724, 12.962337748236358], [80.23343987624668, 12.96234046356137], [80.23343988436122, 12.962337811861353], [80.23434077887093, 12.962340462062516], [80.2343407869664, 12.962337813479202], [80.235223388824, 12.962340406845478], [80.23522064636789, 12.963238654084067], [80.23612428647178, 12.96324130634903], [80.23612154704047, 12.964139556551517], [80.2361242929711, 12.964139564606842], [80.23612154528334, 12.965040457328952], [80.23704349141951, 12.965043160450888], [80.23704349946122, 12.965040520705813], [80.23794439404365, 12.965043158951254], [80.23794714319664, 12.96413962955875], [80.23884529510848, 12.96414225648986], [80.23884530311115, 12.964139623149592], [80.23974619773226, 12.96414225499011], [80.239746205716, 12.964139624766943], [80.24064710035594, 12.964142253490248], [80.24064983953177, 12.963238733561253], [80.24154800142007, 12.963241351028952], [80.24154800936492, 12.963238727209577], [80.24243058093069, 12.963241296225204], [80.24242786405148, 12.964139568379203], [80.24333147857807, 12.964142195727185], [80.24332876472589, 12.965040470846727], [80.24333148492606, 12.965040478751781], [80.24332876296957, 12.965941371625037], [80.24333148336548, 12.965941379531168], [80.24332876121312, 12.966842272403339], [80.24423237310155, 12.966844897125858], [80.24422966188774, 12.967743174871188], [80.24423237943346, 12.967743182760653], [80.24422966013115, 12.968644075649598], [80.24515162127402, 12.968646750793663], [80.24515434721378, 12.967742555854315], [80.24515162966749, 12.967742547974474], [80.24515434545732, 12.966841654830981], [80.24515162810656, 12.966841646952217], [80.245154343701, 12.965940753807653], [80.24515162654575, 12.965940745929965], [80.2451543419448, 12.965039852784326], [80.24515162498506, 12.965039844907713], [80.24515434018872, 12.964138951761], [80.2451516234245, 12.96413894388546], [80.24515433843277, 12.963238050737676], [80.24423239720034, 12.963235376698748], [80.24423238931132, 12.963237991336628], [80.24334982454836, 12.963235428448703], [80.24335253586696, 12.962337837562396], [80.24425070773007, 12.962340445567678], [80.24425343554994, 12.96143625037981], [80.24334982142616, 12.9614336267422], [80.24335253235412, 12.960536035976434], [80.24425070461112, 12.96053864364567], [80.24425342996211, 12.959635136780955], [80.2451332848026, 12.959637688091432], [80.24513057836621, 12.960535970332408], [80.24603418245088, 12.960538587593259], [80.24603147904135, 12.961436872799498], [80.2460341887383, 12.961436880643872], [80.24603147728588, 12.962337773578135], [80.24693507853729, 12.962340388043025], [80.24693237796124, 12.963238676045435], [80.247854319781, 12.963241340526734], [80.24785432759427, 12.963238738525572], [80.24875522240355, 12.963241339025968], [80.24875523019809, 12.963238740141687], [80.24965612502595, 12.963241337525087], [80.24965883353121, 12.962337141271613], [80.24875523854261, 12.96233453627707], [80.24875793029298, 12.961436946354116], [80.24965612190535, 12.96143953560439], [80.24965612967908, 12.96143694017259], [80.25055702452741, 12.961439534103613], [80.2505570322825, 12.961436941788293], [80.25143957614729, 12.961439479859576], [80.2514368918726, 12.962337783707781], [80.2514395823228, 12.962337791441087], [80.2514368901177, 12.96323868448707], [80.25143958076156, 12.963238692221434], [80.25143689049538, 12.964138871680182], [80.25053868989369, 12.96413628804569], [80.25053598417577, 12.96504048435733], [80.25053867844794, 12.96504049211245], [80.25053598242039, 12.965941385136512], [80.25053867688644, 12.965941392892686], [80.25053598066488, 12.966842285915682], [80.2505386753248, 12.96684229367292], [80.25053597890926, 12.967743186694856], [80.2514579380753, 12.967745839323602], [80.2514606389174, 12.966842355907986], [80.25234046598163, 12.966844884098116], [80.25233778377358, 12.967743190072035], [80.252340472144, 12.967743197793057], [80.25233778201806, 12.968644090851429], [80.25324136206456, 12.968646684545206], [80.25323868269496, 12.969544993319454], [80.25324136821007, 12.969545001023977], [80.25323868093929, 12.970445894098953], [80.2532413666476, 12.970445901804528], [80.2532386791835, 12.971346794878443], [80.253241365085, 12.97134680258507], [80.25323867742759, 12.972247695657934], [80.25414225501899, 12.97225028688664], [80.2541395781047, 12.973148598126382], [80.2541422611495, 12.97314860581652], [80.2541395784972, 12.974048777974415], [80.25324137025248, 12.974046201811516], [80.25323867215907, 12.9749503979964], [80.25324135883336, 12.974950405707235], [80.25323867040265, 12.975851298775883], [80.25416066000275, 12.975853943455991], [80.25416335281135, 12.974950467846481], [80.25504314953508, 12.974952988279858], [80.25504047526977, 12.975851302154345], [80.25504315564967, 12.97585130982905], [80.25504047351345, 12.976752202934051], [80.2550431540861, 12.976752210609801], [80.25504047175701, 12.97765310371375], [80.25504315252239, 12.97765311139055], [80.25504047000044, 12.978554004493445], [80.25504315095857, 12.97855401217129], [80.25504046824375, 12.979454905273142], [80.25504314939461, 12.979454912952036], [80.25504046648693, 12.980355806052835], [80.2559624730659, 12.980358445247447], [80.25596248073145, 12.9803558681373], [80.25686337568962, 12.980358443743595], [80.25686605967863, 12.979454976611684], [80.25776427674946, 12.97945754128031], [80.25776428437689, 12.9794549705775], [80.25864673854409, 12.979457487217527], [80.25864407622485, 12.980355812810602], [80.25864674458865, 12.98035582041639], [80.25864407446839, 12.981256713590726], [80.25956608512428, 12.981259340190473], [80.2595660927168, 12.981256775397592], [80.26044853382928, 12.981259286211015], [80.2604458775819, 12.9821576177495], [80.26044853983848, 12.982157625320415], [80.26044587582541, 12.98305851852984], [80.26044853827334, 12.983058526101784], [80.2604458740688, 12.98395941931018], [80.26136789506484, 12.983962040058183], [80.26137056570644, 12.983057842825383], [80.26136790325798, 12.983057835262874], [80.26137056174923, 12.982157686985683], [80.26226879455874, 12.982160236635679], [80.26226880209694, 12.98215768104056], [80.26316969718191, 12.982160235130822], [80.26316970470171, 12.982157682656798], [80.26407059980497, 12.982160233625853], [80.2640706073064, 12.982157684272922], [80.26495302830548, 12.982160179904902], [80.26495039023152, 12.983057768872094], [80.26405214475723, 12.98305522828611], [80.2640521372541, 12.983057777968243], [80.2631512455786, 12.983055226780927], [80.26314858137555, 12.98395942437796], [80.26315123427717, 12.983959431895668], [80.26314857961914, 12.98486032515862], [80.26407060450028, 12.984862936501504], [80.26407061200479, 12.98486038665503], [80.26497150712358, 12.984862934996096], [80.26497151460971, 12.984860388271317], [80.26587240974675, 12.984862933490573], [80.26587241721454, 12.984860389887489], [80.2667733123698, 12.984862931984937], [80.26677596365866, 12.983958733712267], [80.26677332049412, 12.983958726259], [80.26677596190274, 12.983057832691523], [80.26587242378298, 12.983055283470502], [80.26587506078107, 12.982156933359361], [80.265872414751, 12.98215692588981], [80.26587505902528, 12.981256032338507], [80.26497151805665, 12.981253480308219], [80.26497415567376, 12.980355891786525], [80.26587240192065, 12.980358428698892], [80.26587505551409, 12.979454230296803], [80.26587241005456, 12.979454222830313], [80.26587505152112, 12.978554091793423], [80.26677330141332, 12.97855662527733], [80.26677595136985, 12.977652426567065], [80.26677330953491, 12.977652419120915], [80.26677594961481, 12.976751525546321], [80.26677330796981, 12.976751518101187], [80.26677594785988, 12.975850624525592], [80.26677330640483, 12.97585061708147], [80.2667759461051, 12.974949723504851], [80.26585395719836, 12.974947123705261], [80.26585394974109, 12.974949665667289], [80.26497150709454, 12.974947174318958], [80.26497414561648, 12.97404882585945], [80.26405216040261, 12.974046219853236], [80.26405215290973, 12.974048767890089], [80.26316970034468, 12.97404627056348], [80.26317234512705, 12.97314792821406], [80.26226879618729, 12.973145368258363], [80.26227144400454, 12.972247028880734], [80.26226878709498, 12.972247021349004], [80.26227144224966, 12.971346127859468], [80.2622687855312, 12.971346120328763], [80.26227143828056, 12.970445978250199], [80.26316967685, 12.97044852266799], [80.26317233810829, 12.969544324129414], [80.26316968501416, 12.969544316619139], [80.2631723363539, 12.968643423108256], [80.26316968345064, 12.968643415599006], [80.26317233459966, 12.967742522087098], [80.26316968188725, 12.967742514578875], [80.26317233284554, 12.966841621065942], [80.26316968032398, 12.966841613558746], [80.26317233109154, 12.965940720044792], [80.26226878367137, 12.965938161416098], [80.2622714299691, 12.965039820710611], [80.26136787951619, 12.96503725911206], [80.26137052884647, 12.964138921376323], [80.26136787041597, 12.964138913835464], [80.26137052488117, 12.96323877029517], [80.2622687617278, 12.963241316500923], [80.262271422489, 12.962337871096326], [80.26316966278638, 12.962340414039632], [80.26316967028365, 12.9623378651901], [80.26407056540685, 12.962340412537058], [80.26407322169236, 12.961436213252632], [80.26407057355595, 12.961436205769912], [80.26407321993923, 12.960535312231597], [80.26315128466577, 12.960532705701903], [80.26315127716988, 12.960535254386826], [80.26225038548431, 12.96053270419955], [80.26225037797008, 12.960535256000936], [80.26136787169898, 12.960532754836276], [80.26137052007847, 12.959634416269516], [80.26136786260454, 12.959634408733805], [80.26137051832524, 12.958733515248158], [80.26136786104263, 12.958733507713479], [80.26137051435765, 12.957833365526474], [80.26226875235763, 12.957835910747946], [80.2622714141889, 12.956931711519347], [80.26136786544747, 12.956929151415721], [80.26137051085082, 12.956031563936907], [80.26226874923523, 12.956034108830263], [80.26226875674365, 12.956031558018978], [80.26316965185501, 12.956034107328561], [80.26317231005342, 12.95512990779109], [80.26316966001286, 12.955129900297214], [80.26317230830104, 12.954229006769959], [80.26226876335004, 12.954226450297979], [80.26227140717874, 12.95332810743439], [80.2622687542819, 12.953328099924233], [80.26227140542652, 12.95242720641315], [80.26136785763588, 12.952424647140125], [80.261370504304, 12.951526307077366], [80.26044860273129, 12.951523692767257], [80.26044859519062, 12.951526249147594], [80.25956605089453, 12.951523743390595], [80.25956870381052, 12.950625409427039], [80.2595660417751, 12.950625401864869], [80.25956870205832, 12.94972450840548], [80.25866514518187, 12.949721940233887], [80.25866780093513, 12.948823609069384], [80.25866513604646, 12.94882360149088], [80.25866779698396, 12.947923451999845], [80.2595660273338, 12.947926004702083], [80.25956869680249, 12.947021805340823], [80.25864681216576, 12.947019185552733], [80.2586468045935, 12.947021747332874], [80.25776423790919, 12.947019236222962], [80.25776689630776, 12.946120907689645], [80.25684501535979, 12.946118281710199], [80.25684500775169, 12.946120849551], [80.25594411617726, 12.946118280210376], [80.25594410855072, 12.946120851164432], [80.25504321699486, 12.94611827871067], [80.25504053140531, 12.947022477203042], [80.25504320561842, 12.947022484844261], [80.25504053182394, 12.947922647153199], [80.25414231469477, 12.94792007889509], [80.25414230702914, 12.947922656409302], [80.25325972652125, 12.94792012984595], [80.25326240120069, 12.947021817139865], [80.25235882237104, 12.947019227545741], [80.2523615000759, 12.946120917803473], [80.25235881311055, 12.94612091009867], [80.25236149832341, 12.945220016781052], [80.2514396218247, 12.945217371871287], [80.25143961410657, 12.945219958224142], [80.25055701407135, 12.94521742294617], [80.2505596978257, 12.94431911913037], [80.2496561099219, 12.944316520646812], [80.24965879670025, 12.943418219793662], [80.24965610060954, 12.94341821203625], [80.24965879494778, 12.942517318770921], [80.24965609905139, 12.94251731101457], [80.24965879106404, 12.941617130491858], [80.25055699023105, 12.94161971297771], [80.25055968867736, 12.940716231293221], [80.25145789129282, 12.940718810519035], [80.25145789900498, 12.940716225171055], [80.25234051125553, 12.940718756615126], [80.25233783462916, 12.94161706746901], [80.25325969808884, 12.94161970848189], [80.25325970576496, 12.941617129190538], [80.25414230812132, 12.941619654672177], [80.25413963773553, 12.942517971619093], [80.25414231422037, 12.942517979273577], [80.25413963598378, 12.943418872398748], [80.25506150644331, 12.943421507403613], [80.25506151408453, 12.943418934003038], [80.25596240906235, 12.943421505904338], [80.2559624166851, 12.9434189356162], [80.25684500263945, 12.943421452229996], [80.25684234370797, 12.944319039932713], [80.25594411929501, 12.944316478525938], [80.25594143733927, 12.945220677328896], [80.25686331479878, 12.945223306324], [80.25686599124528, 12.944319845632716], [80.2577642158589, 12.944322403864868], [80.25776422344579, 12.944319839635572], [80.25866511847771, 12.944322402365142], [80.25866779042465, 12.943418202939434], [80.25866512668794, 12.943418195367146], [80.25866778867336, 12.942517301917777], [80.25774592077836, 12.942514679840386], [80.25774591319285, 12.94251724390381], [80.25686332751785, 12.942514730503548], [80.25686598817776, 12.941616404265638], [80.25596242336897, 12.941613828203197], [80.25596508705397, 12.940715504928589], [80.25506151922036, 12.940712925903131], [80.25506418375444, 12.939815338472526], [80.25596240282933, 12.939817902065771], [80.25596241044789, 12.939815332443432], [80.25686330544778, 12.93981790056682], [80.25686598073409, 12.938914440866755], [80.25776420650794, 12.93891699810832], [80.25776421408861, 12.938914434875302], [80.25866510912604, 12.938916996609255], [80.25866511668832, 12.93891443648766], [80.25954770807982, 12.938916943156991], [80.25954505756552, 12.93981527938739], [80.26046691592046, 12.939817894569881], [80.26046958041405, 12.938913694462773], [80.25956602904358, 12.938911131422206], [80.25956867929123, 12.938012795125385], [80.25956601994038, 12.938012787577687], [80.2595686775408, 12.937111894103852], [80.25956601838168, 12.937111886557181], [80.2595686757905, 12.936210993082318], [80.25956601682311, 12.936210985536684], [80.25956867404031, 12.935310092060787], [80.25864683242841, 12.935307474599755], [80.2586468248696, 12.935310034223946], [80.25776421762929, 12.935307525112172], [80.2577668735442, 12.934409194406806], [80.25776420849418, 12.93440918682649], [80.25776687179403, 12.93350829338506], [80.25776420693622, 12.93350828580578], [80.257766870044, 12.932607392363318], [80.25684503873251, 12.932604769075484], [80.25684236472442, 12.933508227842408], [80.25594413799104, 12.933505668419487], [80.25594145835244, 12.934409867970365], [80.25594412663496, 12.934409875578515], [80.25594145660202, 12.935310768750256], [80.25594412507698, 12.935310776359445], [80.25594145703624, 12.936210932458962], [80.255043234135, 12.936208369447556], [80.25504055284927, 12.937111835060742], [80.25416061039452, 12.937109321040502], [80.25416327955233, 12.936211003187614], [80.25324143576795, 12.936208366450876], [80.25323874797795, 12.93711183824934], [80.25235880521727, 12.937109318150544], [80.25236148080535, 12.936211006556942], [80.25143963740135, 12.93620836345464], [80.25143694095841, 12.93711256188697], [80.25143962598706, 12.93711256959072], [80.25143694135508, 12.938012742446373], [80.25055700159821, 12.938010216114842], [80.25055968380937, 12.937111910949342], [80.24965609745068, 12.937109313816277], [80.24965878054944, 12.93621172573023], [80.25055698088795, 12.936214307215906], [80.25055968030655, 12.935310108904103], [80.25055698919795, 12.935310101174833], [80.25055967855535, 12.934409207881485], [80.25055698764079, 12.934409200153272], [80.25055967680424, 12.93350830685887], [80.24963784370505, 12.933505657934566], [80.24963783596351, 12.9335082483313], [80.24875518862946, 12.933505708956915], [80.24875787630444, 12.93260740920561], [80.24875517931282, 12.932607401442326], [80.24875787455338, 12.931706508182778], [80.24875517775628, 12.931706500420558], [80.24875787067188, 12.930806319374552], [80.24965606893126, 12.930808902951089], [80.24965877042641, 12.929904704452719], [80.24873695074608, 12.929902053071912], [80.24873694299018, 12.929904645906735], [80.24783605156247, 12.929902051575064], [80.24783334562915, 12.930805540758332], [80.24693515082333, 12.930802950919425], [80.2469351430291, 12.930805550141997], [80.24603425164007, 12.930802949422693], [80.24603153690101, 12.931707147103458], [80.24603424016229, 12.931707154912495], [80.24603153514971, 12.932608047882152], [80.24603423860597, 12.932608055692262], [80.24603153339828, 12.93350894866084], [80.24693512844688, 12.933511557697805], [80.24693243407394, 12.934409851124716], [80.24693513468713, 12.934409858918299], [80.24693243232237, 12.935310751903511], [80.24693513313032, 12.935310759698162], [80.24693243057067, 12.936211652682312], [80.24693513157341, 12.936211660478026], [80.24693242881885, 12.937112553461105], [80.24693513001634, 12.93711256125789], [80.2469324270669, 12.9380134542399], [80.24693512845917, 12.938013462037754], [80.24693242531482, 12.93891435501869], [80.24783601831089, 12.938916961943377], [80.24783332810864, 12.93981455084261], [80.24693513526, 12.939811959330486], [80.2469324218103, 12.940716156576269], [80.24693512378691, 12.940716164377326], [80.24693242005786, 12.941617057355057], [80.24693512222923, 12.941617065157178], [80.24693241830526, 12.942517958133843], [80.24693512067144, 12.942517965937032], [80.24693241655257, 12.943418858912626], [80.2478542854869, 12.943421519393754], [80.24785429327669, 12.943418921093622], [80.24873690972848, 12.94342146523945], [80.24873422177969, 12.944319054289128], [80.2478360266553, 12.94431646503458], [80.24783331547552, 12.945220662156565], [80.24783601519016, 12.945220669944284], [80.24783331583677, 12.94612085790159], [80.24693512435829, 12.946118265218368], [80.2469324095405, 12.947022462027743], [80.24783600427897, 12.947025070477318], [80.24783331021624, 12.947923364493219], [80.24783601051456, 12.947923372284135], [80.2478333084629, 12.948824265272101], [80.24783600895577, 12.948824273064083], [80.24783330882151, 12.949724461935286], [80.24693511812598, 12.949721868582925], [80.24693511030934, 12.949724471343268], [80.24603421894518, 12.94972186708391], [80.24603421110983, 12.94972447295832], [80.2451333197645, 12.949721865585008], [80.24513059975739, 12.950625367733], [80.2442324190259, 12.950622764927038], [80.24423241115196, 12.950625377198618], [80.24333151984555, 12.950622763428251], [80.24333151195283, 12.950625378814097], [80.24243062066533, 12.950622761929575], [80.24243061275381, 12.950625380429694], [80.24152972148522, 12.950622760431017], [80.24152971355485, 12.950625382045402], [80.24062882230523, 12.950622758932568], [80.24062881435601, 12.95062538366123], [80.23974619233726, 12.950622810722532], [80.23974891586991, 12.949724545513877], [80.23884528818662, 12.94972190842478], [80.23884801270344, 12.948824317684256], [80.23974617124279, 12.948826938643572], [80.23974891236077, 12.947922743465977], [80.23882702861718, 12.947920053415517], [80.23882702063348, 12.947922683861972], [80.23792612943718, 12.947920051917738], [80.23792612143455, 12.947922685477858], [80.23704347988613, 12.947920103830132], [80.23704621248442, 12.947021847505498], [80.23704347030763, 12.947021839480765], [80.23704621072982, 12.946120946481225], [80.23614257417827, 12.94611830068082], [80.23614530758323, 12.945220709724065], [80.23704345715088, 12.94522333928928], [80.23704346516843, 12.945220703298313], [80.23794435977243, 12.945223337792038], [80.23794436777106, 12.945220704913943], [80.23884526239388, 12.945223336294692], [80.2388452703736, 12.94522070652946], [80.23972791449756, 12.945223281584102], [80.23972519186707, 12.946121547753055], [80.23972792090123, 12.946121555710738], [80.23972519011292, 12.947022448530964], [80.2406470707502, 12.94702513522261], [80.24064707869437, 12.94702251134338], [80.24154797337155, 12.947025133724704], [80.24154798129688, 12.947022512958739], [80.24244887599276, 12.947025132226685], [80.24244888389929, 12.947022514573986], [80.24334977861388, 12.947025130728552], [80.24334978650158, 12.947022516189113], [80.24425068123487, 12.947025129230308], [80.24425068910381, 12.947022517804127], [80.24515158385576, 12.947025127731948], [80.24515430300153, 12.94612162648099], [80.24605248491886, 12.946124225272657], [80.24605520271352, 12.945220028584853], [80.24605249329069, 12.94522002075062], [80.24605520096033, 12.944319127561672], [80.24605249173275, 12.94431911972851], [80.24605519920726, 12.943418226538492], [80.24513333066807, 12.943415559698582], [80.24513332282149, 12.943418167505104], [80.24423243148668, 12.943415558200554], [80.24423242362136, 12.94341816911973], [80.2433315323054, 12.943415556702634], [80.24332880508643, 12.94431975294522], [80.24333152078472, 12.944319760825458], [80.24332880333301, 12.945220653723569], [80.24333151922703, 12.945220661604882], [80.24332880365685, 12.946120865881939], [80.24244889231683, 12.946118310792713], [80.24245160521963, 12.945220035332346], [80.2424488828533, 12.945220027423062], [80.24245160346598, 12.944319134308731], [80.24244888129581, 12.944319126400528], [80.24245160171246, 12.94341823328512], [80.24154798505057, 12.943415606788964], [80.24155070058494, 12.942517333948333], [80.24154797557196, 12.942517326023479], [80.2415506967664, 12.94161711613224], [80.24244886665153, 12.941619726459082], [80.24245159645263, 12.940715530214288], [80.24244887506718, 12.940715522310413], [80.24245159262588, 12.939815316142356], [80.24334976615894, 12.93981792303927], [80.24334977403802, 12.939815309853953], [80.24425066877899, 12.939817921541897], [80.24425067663933, 12.939815311468228], [80.24515157139894, 12.939817920044412], [80.24515429106972, 12.938913723108573], [80.24425068503068, 12.938911106856601], [80.24425338994295, 12.93801282377124], [80.24425067561408, 12.938012815908142], [80.24425338819054, 12.937111922747858], [80.24334977932537, 12.93710930370609], [80.24335248706356, 12.936211023410317], [80.24334976989256, 12.936211015530624], [80.24335248531129, 12.935310122386825], [80.2433497683362, 12.93531011450821], [80.24335248355914, 12.934409221363342], [80.24244887206375, 12.93440659970304], [80.24245158243194, 12.933508322025483], [80.24244886261589, 12.93350831413026], [80.24245158067993, 12.932607421001888], [80.24244886106004, 12.932607413107746], [80.24245157892804, 12.931706519978293], [80.24244885950431, 12.931706512085233], [80.24245157717627, 12.930805618954704], [80.2424488579487, 12.930805611062723], [80.24245157542464, 12.92990471793112], [80.24154796169083, 12.929902093994862], [80.24155067429727, 12.929003818592728], [80.24154795223033, 12.929003810684135], [80.24155067254576, 12.928102917569035], [80.24154795067521, 12.928102909661524], [80.24155067079438, 12.927202016545342], [80.24154794912023, 12.927202008638913], [80.24155066904314, 12.926301115521651], [80.24154794756538, 12.926301107616306], [80.24155066729199, 12.925400214497962], [80.24062886587, 12.92539753540273], [80.2406288579512, 12.925400155374673], [80.23972796668681, 12.925397533907436], [80.23972795874921, 12.925400156988017], [80.23882706750376, 12.925397532412264], [80.23882705954733, 12.925400158601473], [80.23792616832083, 12.925397530917202], [80.23792616034555, 12.925400160215043], [80.23702526913802, 12.925397529422254], [80.23702252518792, 12.92630105484906], [80.23612436840169, 12.926298428767192], [80.23612436038755, 12.926301064453229], [80.23522346921922, 12.926298427272359], [80.23522346118615, 12.926301066067234], [80.23432257003685, 12.92629842577764], [80.23432256198485, 12.92630106768135]], [[80.25416332336526, 12.958733528742751], [80.2532597452545, 12.958730940097023], [80.2532624222406, 12.957832629407742], [80.25325973599716, 12.957832621707821], [80.25326242048658, 12.956931728385412], [80.25325973443655, 12.956931720686539], [80.25326241658087, 12.95603154957502], [80.2541606256522, 12.956034122340503], [80.25416063332659, 12.956031543491893], [80.255061528273, 12.956034120839814], [80.25506153592885, 12.956031545106466], [80.25596243089367, 12.956034119339014], [80.25596511291772, 12.955130653568895], [80.25684498234494, 12.955133164544037], [80.25684231873925, 12.956031488373739], [80.25684498840202, 12.95603149598843], [80.25684231698594, 12.956932389153696], [80.25776423769524, 12.956935017296464], [80.25776691339841, 12.956031557554763], [80.25864677920545, 12.956034062596617], [80.25864412184907, 12.956932392526696], [80.25954767685438, 12.956934962096085], [80.25954502472831, 12.957832550257654], [80.25864679344312, 12.957829995663523], [80.2586467858584, 12.957832559433388], [80.25774589426187, 12.957829994162058], [80.25774321809665, 12.958733454456912], [80.25684499351996, 12.958730893503073], [80.25684231390362, 12.95963435706057], [80.25594409277828, 12.95963179284399], [80.25594408513606, 12.959634366294242], [80.25504319359763, 12.959631791342645], [80.25504318593691, 12.959634367909173], [80.25416064940784, 12.95963184239871], [80.25416332336526, 12.958733528742751]], [[80.25324140303769, 12.955127284130672], [80.25324139534511, 12.955129866094712], [80.25234050385679, 12.955127282630212], [80.25233780658401, 12.956031479939819], [80.25234049244007, 12.95603148764714], [80.25233780697428, 12.956931662019196], [80.25143960155644, 12.95692908281328], [80.25143690064516, 12.957833279811306], [80.25143959012716, 12.957833287539334], [80.2514368988909, 12.9587341805906], [80.25143958856654, 12.958734188319685], [80.25143689713651, 12.959635081369901], [80.25143958700579, 12.95963508910004], [80.25143689751683, 12.96053526764795], [80.25055704060324, 12.960532737463634], [80.25055972763711, 12.959634436515403], [80.2496377985161, 12.959631782336972], [80.24963779074379, 12.959634377601134], [80.24875523385784, 12.95963183371562], [80.24875792714042, 12.958733538868405], [80.24875522450677, 12.95873353107426], [80.2487579253857, 12.957832637845526], [80.2478543281435, 12.957830030561329], [80.24785702425964, 12.956931738510434], [80.24785431877623, 12.956931730699726], [80.24785702250506, 12.95603083748745], [80.24693510721467, 12.956028174470989], [80.24693239024691, 12.956932370594178], [80.24693509572975, 12.95693237841446], [80.24693239059211, 12.957832572608144], [80.24603420491628, 12.957829974653324], [80.24603419707127, 12.957832582045379], [80.24513330573666, 12.95782997315344], [80.24513058396134, 12.958733476811227], [80.24423240499797, 12.958730872494515], [80.24422967976791, 12.959634379417428], [80.24334981830448, 12.959631825035716], [80.24335253091147, 12.958733548998099], [80.24243060663953, 12.958730869495094], [80.24243059871826, 12.95873348952009], [80.24152970746047, 12.958730867995552], [80.24152969952034, 12.958733491136636], [80.2406471089662, 12.958730919844015], [80.24064983103965, 12.957832653040594], [80.23972791066126, 12.95782996415651], [80.23972790268445, 12.957832593359743], [80.2388453022207, 12.957830016099388], [80.23884803053892, 12.956931755394436], [80.23794439806817, 12.956929113801023], [80.23794712941034, 12.956030856059282], [80.23794438849629, 12.95603084804253], [80.23794712562788, 12.95513062163435], [80.23884527952325, 12.955133246873242], [80.23884802323718, 12.954229722439418], [80.23974618058791, 12.954232344413017], [80.23974618855965, 12.95422971606012], [80.24064708321029, 12.954232342914352], [80.24064709116315, 12.954229717676336], [80.24154798583258, 12.954232341415574], [80.24154799376659, 12.954229719292433], [80.24244888845475, 12.954232339916688], [80.24244889636991, 12.95422972090842], [80.2433497910768, 12.954232338417684], [80.24334979897313, 12.95422972252429], [80.24425069369872, 12.954232336918565], [80.24425070157626, 12.954229724140053], [80.24513329416675, 12.954232282400811], [80.24513058889629, 12.955130565661175], [80.24513330046642, 12.955130573516795], [80.24513058714159, 12.956031466439716], [80.24605250205991, 12.956034135841604], [80.2460552199128, 12.955130636009422], [80.24695340312272, 12.955133233381238], [80.24695611752236, 12.95422973681286], [80.2478543041853, 12.954232330920979], [80.24785701724204, 12.953328134418506], [80.24785431253783, 12.953328126612066], [80.24785701548795, 12.95242723339553], [80.24785431097854, 12.952427225590158], [80.24785701162304, 12.951527036029168], [80.24875520213003, 12.951529626539854], [80.24875520991074, 12.95152702983977], [80.24965610475091, 12.951529625040386], [80.24965611251298, 12.951527031454566], [80.2505570073717, 12.951529623540809], [80.25055701511513, 12.951527033069251], [80.25145790999235, 12.951529622041118], [80.25145791771719, 12.951527034683817], [80.25235881261293, 12.951529620541312], [80.25235882031916, 12.951527036298272], [80.25325971523336, 12.951529619041395], [80.25326240605699, 12.950626144811205], [80.25416061629434, 12.950628716581532], [80.25416062396245, 12.950626138733833], [80.25504319172954, 12.950628662701087], [80.25504052264264, 12.951526981101795], [80.25596242309398, 12.95152961454097], [80.2559624307261, 12.951527042754956], [80.25684498859165, 12.951529560755183], [80.25684232575122, 12.952427885253904], [80.25684499464505, 12.952427892864431], [80.25684232399843, 12.953328786033863], [80.25684499308448, 12.953328793645433], [80.25684232442697, 12.954228951015452], [80.25594410214124, 12.954226387790476], [80.2559440945053, 12.954228960242324], [80.25504320295988, 12.954226386289792], [80.25504051779696, 12.95512985521481], [80.2541423022187, 12.955127285631242], [80.25414229454466, 12.955129864480021], [80.25324140303769, 12.955127284130672]], [[80.23702523648343, 12.944316447060316], [80.23702522846627, 12.94431908305145], [80.2361243373032, 12.944316445563196], [80.23612432926707, 12.944319084667194], [80.23524166847128, 12.944316497531988], [80.23524440671729, 12.943418246783752], [80.23524165885996, 12.94341823872549], [80.23524440496296, 12.942517345759269], [80.23524165730367, 12.942517337702109], [80.23524440119645, 12.941617104958528], [80.23614254830548, 12.941619736938275], [80.2361425563376, 12.941617098517957], [80.23704345092669, 12.941619735441588], [80.23704620020483, 12.94071554033563], [80.2370434594111, 12.940715532318578], [80.23704619642248, 12.939815306566793], [80.2379443504362, 12.939817932021146], [80.23794435842827, 12.93981530016591], [80.23884525305694, 12.939817930524447], [80.23884526103012, 12.939815301780865], [80.23972792384563, 12.939817875889645], [80.23972520238925, 12.940716143085586], [80.23972793024353, 12.940716151036735], [80.23972520063587, 12.941617043863499], [80.23972792868679, 12.941617051815738], [80.23972520093204, 12.94251726823092], [80.23882703795707, 12.942514648374605], [80.23882429470127, 12.943418843732161], [80.23882702638089, 12.943418851705449], [80.23882429498842, 12.944319071845925], [80.2379261356638, 12.944316448557553], [80.23792612766555, 12.94431908143582], [80.23702523648343, 12.944316447060316]], [[80.23884799018835, 12.936211031841209], [80.2388452568496, 12.936211023867433], [80.23884798843548, 12.935310130817177], [80.23884525529384, 12.935310122844491], [80.23884798463568, 12.934409905003882], [80.2397461463444, 12.934412523257965], [80.23974888430577, 12.93350832708304], [80.23882705351356, 12.93350563997327], [80.23882704554731, 12.93350826769527], [80.23794435755903, 12.93350569163346], [80.23794708380181, 12.932607429431163], [80.23794434801883, 12.932607421442881], [80.23794708000813, 12.931707201031065], [80.23882703864696, 12.9317097687906], [80.23882431573797, 12.9326080343984], [80.23974614323436, 12.932610721334719], [80.23974615117997, 12.93260809706353], [80.24062883551517, 12.932610666853693], [80.2406261188381, 12.93350893854805], [80.24152973317072, 12.933511566359426], [80.24152701951236, 12.934409841011947], [80.24152973952401, 12.93440984891786], [80.24152701776009, 12.935310741790092], [80.24152973796791, 12.935310749697086], [80.2415270160077, 12.936211642568233], [80.24152973641169, 12.936211650476313], [80.24152701425517, 12.93711254334638], [80.24152973485532, 12.93711255125554], [80.24152701456994, 12.93801275999321], [80.2406470731133, 12.93801020022733], [80.24064979069153, 12.937111929492335], [80.24064706362324, 12.93711192155517], [80.24064978893878, 12.936211028468515], [80.23972794802955, 12.936208343990124], [80.23972520940153, 12.937112539973901], [80.23972793646925, 12.9371125479207], [80.23972520970108, 12.938012763184732], [80.238845267933, 12.938010197339844], [80.23884799194134, 12.937111932865244], [80.23884525840548, 12.937111924890376], [80.23884799018835, 12.936211031841209]], [[80.23614255082319, 12.93260478789511], [80.23614528127099, 12.931707197840284], [80.23702524022242, 12.931709771676188], [80.23702251291934, 12.932607361915645], [80.23614255082319, 12.93260478789511]], [[80.23702524800177, 12.927205266929072], [80.23702251964731, 12.928103527138296], [80.23702525444307, 12.928103535130766], [80.23702251993072, 12.929003757877597], [80.23614254459989, 12.92900118448575], [80.23614527628749, 12.928102927681907], [80.23614253502824, 12.928102919661306], [80.23614527250655, 12.92720269387904], [80.23702524800177, 12.927205266929072]], [[80.23434347376785, 12.927202690688794], [80.23522344957647, 12.927205269813347], [80.23522071479715, 12.928103523766875], [80.23522345605582, 12.928103531797156], [80.23522071506515, 12.929003761068238], [80.23434073942094, 12.929001181601057], [80.23434347753381, 12.928102931053765], [80.23434072981165, 12.928102922995286], [80.23434347376785, 12.927202690688794]], [[80.25053603716746, 12.938913645049238], [80.24965610056773, 12.938911115523887], [80.24965878405379, 12.938013527317441], [80.25053871750728, 12.938016056661438], [80.25053603716746, 12.938913645049238]], [[80.25864676085035, 12.972246975567371], [80.2577642816605, 12.972244460156281], [80.25776694540927, 12.971346136299797], [80.25776427247771, 12.97134612867687], [80.25776694365393, 12.970445235277987], [80.25776427091465, 12.970445227656096], [80.25776694189874, 12.969544334256176], [80.25776426935171, 12.969544326635326], [80.25776693796345, 12.968644168676681], [80.25866516061569, 12.968646728265586], [80.25866516821216, 12.968644162672295], [80.25954765653113, 12.9686466744056], [80.25954499972615, 12.969545005136794], [80.26046696742195, 12.969547626218954], [80.26046697498256, 12.96954506669645], [80.26134945338657, 12.96954757245444], [80.26134680283862, 12.970445909292646], [80.26134945936543, 12.970445916831729], [80.2613468032908, 12.971346062172195], [80.26044856837385, 12.971343511309017], [80.26044589909446, 12.972246964776387], [80.25954766763113, 12.972244410648418], [80.25954766004828, 12.9722469739516], [80.25864676845167, 12.972244409145105], [80.25864676085035, 12.972246975567371]], [[80.25596514667231, 12.971346139676719], [80.2559624672555, 12.97134613201674], [80.25596514275182, 12.970445967071027], [80.2568449557742, 12.970448480645958], [80.25684228891585, 12.971346801632752], [80.25684496184685, 12.971346809265148], [80.2568422871604, 12.972247702412677], [80.25684496028366, 12.972247710046116], [80.2568422875754, 12.973147872173326], [80.25596247803922, 12.973145358112824], [80.25596514842799, 12.972247040698752], [80.25596246881845, 12.97224703303773], [80.25596514667231, 12.971346139676719]], [[80.25594407716339, 12.968640801266687], [80.25594406951073, 12.968643376380761], [80.25506156762745, 12.968640852391172], [80.2550642402817, 12.967742537276795], [80.2550615583941, 12.967742529602454], [80.25506423852653, 12.966841636254662], [80.25506155683189, 12.966841628581369], [80.25506423677149, 12.96594073523253], [80.25506155526979, 12.965940727560286], [80.25506423501656, 12.965039834210401], [80.25506155370783, 12.965039826539204], [80.25506423110033, 12.964139659914558], [80.25596244494099, 12.964142227975351], [80.25596245258774, 12.964139653859705], [80.25686334756261, 12.964142226473461], [80.25686335519086, 12.96413965547489], [80.25774586592964, 12.964142172567772], [80.25774320363304, 12.965040497860754], [80.25774587197726, 12.965040505467378], [80.25774320187858, 12.965941398640803], [80.25774587041482, 12.965941406248461], [80.25774320012401, 12.966842299420849], [80.25774586885227, 12.966842307029546], [80.2577431983693, 12.967743200200893], [80.25774586728959, 12.96774320781063], [80.25774319879476, 12.968643365538618], [80.25684497634299, 12.968640802769233], [80.25684496870885, 12.96864337476502], [80.25594407716339, 12.968640801266687]]], [[[80.25053591914258, 12.998373813185758], [80.25053862058945, 12.998373820980119], [80.25053591738254, 12.999274713964876], [80.25053861902333, 12.999274721760298], [80.25053591772642, 13.00017491360321], [80.24963772818788, 13.000172320206712], [80.24963501142577, 13.001076513830318], [80.24963771670477, 13.001076521646628], [80.24963500966521, 13.001977414609318], [80.24963771513839, 13.001977422426691], [80.24963500790454, 13.002878315388314], [80.2496377135719, 13.002878323206755], [80.24963500614375, 13.003779216167315], [80.24963771200528, 13.00377922398682], [80.24963500647684, 13.004679420245349], [80.24873682118405, 13.004676822908761], [80.248734100185, 13.005581016031861], [80.24873680968639, 13.005581023872299], [80.24873409842371, 13.006481916810746], [80.24965620007005, 13.006484583618986], [80.24965620789699, 13.00648197980031], [80.25055710269798, 13.006484582112767], [80.25055711050614, 13.006481981420647], [80.2514580053258, 13.00648458060644], [80.2514580131152, 13.006481983040864], [80.25234039709002, 13.00648452578972], [80.25233770641101, 13.007382824363589], [80.25325981214804, 13.007385478553239], [80.25325981990103, 13.007382887073883], [80.25416071477564, 13.007385477046459], [80.25416072250994, 13.00738288869385], [80.25506161740311, 13.007385475539573], [80.2550643158733, 13.006481281230116], [80.25414221309573, 13.006478633630726], [80.25414220536182, 13.006481221983506], [80.25325982820772, 13.006478685379811], [80.25326251326115, 13.005581093243821], [80.25416071164163, 13.005583675127086], [80.25416071937383, 13.005581087107807], [80.25506161426888, 13.005583673620412], [80.25506431235225, 13.004679479185707], [80.25506162255226, 13.004679471468341], [80.25506430845354, 13.00377929485756], [80.25596251376206, 13.003781870194677], [80.25596520605015, 13.002878395664027], [80.25686341482192, 13.002880967728629], [80.25686342249503, 13.002878389586572], [80.25776431744846, 13.002880966221943], [80.25776432510297, 13.002878391205625], [80.25864669779843, 13.002880911835616], [80.25864403268265, 13.003778503227482], [80.25774581449637, 13.003775937131168], [80.2577431263179, 13.00468013218125], [80.25866522320932, 13.004682766633454], [80.25866790588192, 13.003779301259902], [80.25954759543495, 13.003781811329917], [80.25954493119363, 13.004680135565552], [80.25954760148555, 13.004680143180837], [80.25954492943386, 13.005581036345742], [80.2604484915019, 13.00558361177053], [80.26044583011223, 13.006481938818139], [80.26136793422425, 13.006484564029375], [80.26136794180874, 13.006482000855737], [80.2622688368507, 13.006484562521692], [80.26227150902328, 13.005580366668957], [80.26226884504216, 13.005580359099138], [80.26227150726375, 13.004679465647627], [80.26226884347376, 13.004679458078837], [80.26227150330884, 13.00377930766078], [80.2631697347731, 13.003781858138085], [80.26317240090567, 13.002878408465795], [80.2640706358311, 13.002880955672003], [80.26407329850278, 13.00197750927054], [80.2649715368889, 13.001980053206022], [80.26497154439444, 13.001977503359793], [80.2658724395143, 13.001980051698434], [80.26587509768174, 13.0010758547977], [80.2658724476576, 13.001075847306739], [80.2658750959233, 13.00017495377681], [80.26497155097962, 13.00017239827721], [80.26497419480123, 12.999274054446683], [80.26497154190766, 12.999274046939378], [80.26497419304292, 12.998373153425694], [80.26405211813147, 12.998370542622537], [80.26405211061093, 12.998373095101053], [80.26315121895483, 12.9983705411155], [80.26315121141587, 12.998373096718941], [80.2622688400558, 12.99837059220839], [80.26227149319202, 12.99747225747702], [80.26226883093119, 12.997472249916472], [80.26227148923405, 12.996572101301705], [80.26316972223472, 12.99657465046915], [80.26316972977095, 12.996572095359907], [80.26407062485964, 12.996574648962438], [80.26407328619032, 12.995671203705092], [80.26495300479107, 12.99567369409782], [80.26495036164948, 12.996572038688118], [80.26495301072205, 12.99657204618338], [80.26495035989156, 12.997472939468977], [80.26587243167637, 12.997475546906976], [80.26587243915843, 12.997473001006606], [80.26677333430106, 12.99747554539982], [80.26677334176478, 12.997473002623959], [80.26765569927437, 12.997475491632533], [80.26765306544758, 12.998373845321147], [80.2685565969121, 12.998376391125593], [80.2685539661281, 12.999274747792658], [80.26945749454958, 12.99927729061838], [80.26945486680887, 13.000175650264268], [80.2694575003919, 13.000175657671944], [80.26945486505102, 13.001076551045664], [80.26945749882307, 13.001076558454349], [80.26945486329303, 13.001977451827061], [80.26945749725415, 13.001977459236755], [80.26945486153492, 13.00287835260845], [80.27035838747665, 13.002880892947573], [80.27035576221589, 13.003779255080486], [80.27127785840176, 13.003781844565792], [80.27127786578106, 13.003779316272489], [80.2721787610266, 13.003781843057194], [80.27218139673893, 13.002877645004208], [80.27217876908976, 13.002877637639365], [80.27218139498106, 13.001976743984077], [80.27217876752049, 13.001976736620232], [80.2721813932233, 13.001075842963948], [80.27127787071504, 13.001073309305298], [80.27128049210285, 13.000174943633912], [80.27127786176933, 13.000174936253842], [80.27128049034523, 12.999274042613674], [80.27127786020054, 12.999274035234608], [80.27128048858775, 12.99837314159344], [80.27127785863186, 12.99837313421538], [80.27128048456221, 12.99747301808609], [80.27217875004688, 12.997475536354498], [80.27218138443648, 12.99657133786332], [80.2712593146849, 12.996568752994463], [80.27125930731296, 12.996571280147927], [80.2703584155071, 12.996568751486741], [80.27035840811693, 12.996571281764716], [80.26947605767786, 12.996568802117569], [80.26947868458883, 12.99567044191218], [80.26947604870155, 12.995670434500626], [80.26947868283162, 12.994769540891737], [80.26947604713361, 12.994769533481193], [80.26947868107453, 12.993868639871293], [80.26947604556578, 12.993868632461755], [80.26947867931757, 12.99296773885085], [80.26947604399808, 12.992967731442329], [80.26947867756074, 12.992066837830412], [80.26857514723977, 12.992064296384443], [80.26857777643967, 12.991165938499314], [80.26857513825097, 12.991165931074534], [80.26857777468297, 12.990265037478764], [80.26765572894386, 12.990262441057927], [80.26765572150593, 12.990264979563678], [80.26675482976572, 12.990262439551424], [80.26675482230947, 12.990264981180273], [80.26585393058768, 12.99026243804503], [80.26585127463139, 12.99116663569261], [80.2667548110476, 12.991169186463303], [80.26675217754855, 12.99206677574188], [80.26585392745464, 12.992064239732105], [80.26585127334674, 12.992967678347048], [80.26495302671036, 12.992965139069039], [80.26495036914467, 12.993868580952496], [80.26407063740456, 12.993866090835262], [80.26407328313107, 12.99296774898987], [80.26315122835557, 12.992965136056164], [80.26315122082276, 12.992967690671515], [80.26226883064717, 12.992965187075967], [80.26227148264353, 12.992066851349133], [80.26226882152949, 12.992066843794765], [80.26227148088589, 12.991165950327826], [80.26136792491738, 12.991163383913662], [80.26137057976298, 12.990265050996644], [80.26046702075551, 12.990262481607026], [80.26046967863984, 12.989364151665358], [80.2604670116046, 12.989364144077161], [80.26046967469225, 12.988463990950567], [80.26136790289048, 12.988466544852534], [80.26137057229317, 12.987563091754424], [80.2622688039491, 12.987565642388274], [80.26227147209957, 12.986661445221312], [80.26226881213228, 12.986661437673119], [80.26227147034268, 12.98576054420001], [80.26226881056651, 12.985760536652847], [80.26227146858592, 12.984859643178714], [80.26134944409179, 12.984857025456844], [80.26134677299086, 12.985761222560447], [80.26134943276648, 12.985761230117037], [80.26134677343222, 12.986661379292261], [80.2604485417836, 12.986658825637521], [80.26044586923172, 12.987562281897977], [80.25954764104075, 12.987559724975114], [80.25954496503094, 12.988463184503972], [80.25864674029815, 12.988460624312609], [80.25864673267814, 12.988463193718037], [80.2577458411209, 12.98846062280745], [80.25774583348236, 12.988463195335585], [80.25684494194377, 12.9884606213024], [80.25684493428669, 12.988463196953251], [80.25596250464844, 12.9884606726422], [80.2559651782939, 12.987562358073566], [80.25506160048741, 12.987559770336963], [80.25506427716942, 12.986661458741983], [80.25506159122943, 12.98666145104562], [80.2550642754116, 12.985760557719818], [80.2550615896646, 12.985760550024503], [80.25506427150451, 12.98486037818015], [80.25594403152608, 12.984862897249823], [80.25594135837838, 12.985761212421224], [80.25686338507427, 12.985763849500135], [80.25686607022385, 12.984860381377722], [80.25776428613406, 12.984862947036214], [80.25776696782566, 12.983959482181945], [80.25866518719361, 12.983962044572392], [80.25866786542773, 12.983058582985885], [80.25956608825295, 12.98306114210867], [80.25956876521671, 12.98215694518261], [80.25864675125153, 12.982154318414041], [80.2586467436388, 12.982156886659453], [80.25774585207347, 12.982154316909643], [80.25774584444223, 12.98215688827635], [80.25686339628135, 12.982154368109416], [80.25686606535903, 12.98125604922946], [80.2559440552816, 12.981253413058866], [80.25594136540745, 12.982157609302048], [80.25594404389113, 12.982157616965507], [80.25594136580807, 12.983057784854642], [80.25504315297603, 12.983055213239334], [80.25504314528807, 12.983057794136487], [80.25414225379855, 12.983055211735277], [80.25413955702373, 12.983959407481441], [80.2541422423842, 12.983959415184179], [80.25413955526618, 12.984860308261016], [80.25414224081963, 12.984860315964802], [80.25413955565021, 12.985760491075592], [80.25324134992934, 12.98575791275732], [80.25323864931576, 12.986662108129568], [80.25324133850178, 12.986662115854092], [80.25323864755771, 12.987563008909028], [80.25324133693694, 12.987563016634606], [80.25323864579951, 12.988463909688491], [80.25324133537197, 12.988463917415123], [80.2532386440412, 12.989364810467958], [80.25324133380688, 12.98936481819564], [80.25323864441461, 12.990264997714155], [80.25234044293083, 12.990262415462647], [80.25233773808883, 12.99116661033561], [80.25325978396216, 12.99116926127654], [80.25326248333741, 12.9902657797461], [80.25416068502284, 12.990268358811997], [80.25416069273713, 12.990265773626454], [80.25506158764809, 12.990268357307174], [80.25506159534375, 12.990265775244549], [80.25594402212828, 12.990268302932732], [80.25594134783098, 12.991166617099948], [80.25686339446341, 12.991169255256594], [80.25686340212293, 12.991166679273697], [80.25774581897495, 12.991169200977989], [80.25774315094465, 12.992067521261443], [80.25864671661459, 12.992070100473773], [80.2586440537961, 12.992967691139551], [80.2577458332939, 12.992965127020236], [80.25774314742804, 12.993869322821437], [80.2577458219176, 12.993869330461338], [80.2577431478348, 12.994769494753866], [80.25686341821124, 12.99476698007662], [80.25686608996786, 12.993868663536809], [80.25594403337539, 12.993866024851508], [80.25594134294776, 12.994769497953444], [80.25506161301995, 12.994766977173946], [80.2550642912365, 12.993868666919393], [80.25506160375258, 12.993868659214632], [80.25506428947767, 12.992967765897212], [80.25414223658841, 12.992965120998543], [80.25413953768359, 12.993869316056694], [80.25414222516693, 12.993869323770989], [80.25413953592462, 12.994770216836253], [80.25414222360098, 12.9947702245516], [80.25413953416555, 12.995671117615808], [80.25506159703954, 12.995673763064866], [80.25506160474151, 12.995671180003223], [80.25594401272599, 12.995673708615493], [80.2559413394289, 12.99657129996864], [80.25504312950217, 12.996568725872761], [80.25504312179847, 12.996571309267557], [80.25414223032645, 12.996568724367071], [80.2541422226041, 12.996571310886399], [80.25324133115083, 12.996568722861495], [80.25324132340981, 12.99657131250535], [80.252358908366, 12.996568774529312], [80.252361594536, 12.9956711829098], [80.25325979178753, 12.995673766075702], [80.25326249426386, 12.994769571324824], [80.25234043510609, 12.994766919672195], [80.2523404273485, 12.994769512106389], [80.25143953593047, 12.994766918167063], [80.25143682897178, 12.995670406962045], [80.25053863518986, 12.99566781750374], [80.25053592476851, 12.996571309570658], [80.2496377344495, 12.996568716840317], [80.24963501846668, 12.997472910714293], [80.25053861435771, 12.997475519217213], [80.25053591914258, 12.998373813185758]], [[80.2523589115002, 12.998370576238047], [80.25236159805631, 12.997472984497588], [80.2532413119739, 12.997475514863858], [80.25323862857823, 12.998373106784973], [80.2523589115002, 12.998370576238047]], [[80.2595476126864, 12.99387190091601], [80.25954495272221, 12.994769491554646], [80.25866522340218, 12.994766982979643], [80.25866788652593, 12.99386939252014], [80.2595476126864, 12.99387190091601]], [[80.26134674529672, 13.001075795405194], [80.26046703957003, 13.001073291869593], [80.2604696975562, 13.000175701281703], [80.26134940012182, 13.000178204638614], [80.26134674529672, 13.001075795405194]], [[80.2604485024844, 12.999277305144282], [80.2604458446115, 13.00017489599806], [80.25956613540555, 13.000172389562053], [80.25956879643931, 12.999274798887184], [80.2604485024844, 12.999277305144282]]]]}}, {"id": "63", "type": "Feature", "properties": {"hotspot_id": "HOT_0064", "cluster_area_m2": 108792.58, "cluster_perimeter_m": 1989.31, "cluster_size_pixels": 11, "mean_lst": 41.64, "peak_lst": 43.74}, "geometry": {"type": "Polygon", "coordinates": [[[80.26765309355575, 12.983959432822013], [80.26765573022801, 12.983959440248048], [80.26765309179994, 12.984860333603221], [80.26765572866168, 12.98486034103027], [80.26765309004399, 12.985761234384428], [80.26765572709522, 12.98576124181249], [80.26765308828793, 12.986662135165632], [80.26765572552864, 12.986662142594705], [80.26765308653174, 12.987563035946836], [80.26765572396192, 12.987563043376927], [80.2676530847754, 12.988463936728037], [80.2685751238801, 12.988466532805328], [80.26857513129704, 12.988463997913325], [80.26945751337621, 12.988466479270022], [80.26945488789325, 12.989364840887385], [80.27037693069302, 12.989367430750178], [80.27037956989926, 12.988463232059766], [80.26947604356064, 12.988460694412217], [80.26947866877846, 12.987562332728233], [80.26947603459453, 12.987562325325765], [80.26947866702238, 12.986661431707809], [80.2694760330277, 12.98666142430635], [80.26947866526642, 12.985760530687376], [80.269476031461, 12.98576052328693], [80.26947866351061, 12.984859629666953], [80.26857513469652, 12.984857089536153], [80.26857776238961, 12.983958730334997], [80.26857512571681, 12.983958722918308], [80.26857776063392, 12.983057829314463], [80.26765574147291, 12.98305523430798], [80.26765309355575, 12.983959432822013]]]}}, {"id": "64", "type": "Feature", "properties": {"hotspot_id": "HOT_0065", "cluster_area_m2": 88676.1, "cluster_perimeter_m": 1584.66, "cluster_size_pixels": 9, "mean_lst": 41.2, "peak_lst": 42.04}, "geometry": {"type": "Polygon", "coordinates": [[[80.24152693906329, 12.976751503382424], [80.24062877708164, 12.976748883304714], [80.24062603486486, 12.977652405991147], [80.23972787634396, 12.977649782643566], [80.2397251286387, 12.97855397575663], [80.24064712532197, 12.97855666887286], [80.24064713330421, 12.978554039050174], [80.24152965516514, 12.978556613800519], [80.24152693174463, 12.979454879917178], [80.24244893213442, 12.979457566830495], [80.24245166814333, 12.978554050236633], [80.24334983319795, 12.978556664367382], [80.24335256780454, 12.97765247049264], [80.24334984161888, 12.977652462563245], [80.24335256604647, 12.97675156946907], [80.24244894538596, 12.976748939799846], [80.24245166491885, 12.975850670136246], [80.24152967781953, 12.975847983965757], [80.24152693906329, 12.976751503382424]]]}}, {"id": "65", "type": "Feature", "properties": {"hotspot_id": "HOT_0066", "cluster_area_m2": 450675.06, "cluster_perimeter_m": 3959.68, "cluster_size_pixels": 46, "mean_lst": 39.84, "peak_lst": 41.43}, "geometry": {"type": "Polygon", "coordinates": [[[80.23342159114787, 12.96774251580034], [80.23252070009303, 12.967739861400732], [80.23251792853321, 12.968644053675368], [80.23342157948522, 12.96864671638428], [80.23341883118441, 12.969544309703172], [80.2325206969749, 12.969541663079637], [80.23251792501665, 12.970445855229356], [80.2334215763633, 12.970448518283511], [80.23341882568843, 12.971346757697669], [80.23342158292797, 12.97134676581899], [80.23341882392995, 12.972247658474767], [80.23342158136782, 12.972247666597195], [80.23341882217134, 12.973148559251861], [80.23342157980755, 12.973148567375397], [80.23341882238914, 12.974048814752456], [80.2325206891774, 12.97404616727694], [80.23251791622302, 12.97495035911429], [80.23252067749945, 12.97495036725916], [80.23251791446391, 12.975851259891268], [80.2334398996336, 12.975853977995715], [80.23343990776476, 12.975851323724612], [80.23432246620085, 12.975853922534041], [80.23431971756673, 12.976752164052101], [80.23524170644583, 12.976754875956692], [80.23524171453992, 12.976752227754035], [80.23614260907172, 12.976754874455867], [80.23614536732933, 12.975851336660908], [80.23704351013691, 12.975853971993098], [80.23704626493294, 12.9749504374684], [80.23794441120188, 12.974953069530429], [80.23794716455178, 12.974048876543204], [80.23794441969007, 12.974048868504527], [80.23794716077799, 12.973148637483181], [80.23884531070615, 12.97315126610624], [80.2388480604061, 12.972247072803919], [80.23794442460046, 12.972244428296747], [80.23794715927735, 12.971346173470575], [80.23704352044413, 12.971343525996975], [80.2370462581484, 12.970445274137132], [80.23704351083383, 12.970445266083834], [80.23704625639051, 12.969544373112816], [80.23704350927358, 12.96954436506062], [80.23704625463276, 12.968643472088505], [80.23612429524121, 12.968640768239302], [80.23612428717539, 12.968643411955881], [80.23524171057126, 12.96864082054586], [80.23524445413194, 12.967742574445396], [80.23524170092682, 12.96774256635734], [80.2352444523742, 12.96684167342087], [80.23432250000575, 12.966838963560178], [80.23431973713929, 12.967742506084035], [80.23342159926979, 12.967739862900235], [80.23342159114787, 12.96774251580034]]]}}, {"id": "66", "type": "Feature", "properties": {"hotspot_id": "HOT_0067", "cluster_area_m2": 255167.05, "cluster_perimeter_m": 2775.53, "cluster_size_pixels": 26, "mean_lst": 40.64, "peak_lst": 41.9}, "geometry": {"type": "Polygon", "coordinates": [[[80.24603418307349, 12.970442586428344], [80.24603417521347, 12.970445196180771], [80.2451332838955, 12.970442584926943], [80.24513055729243, 12.971346779674684], [80.2451332723776, 12.971346787549646], [80.24513055553547, 12.9722476804532], [80.24513327081594, 12.972247688329231], [80.24513055377837, 12.973148581231705], [80.24513326925413, 12.973148589108815], [80.24513055202114, 12.97404948201022], [80.24603415901728, 12.974052101817657], [80.24603145269614, 12.974950384478916], [80.24603416531895, 12.974950392339371], [80.24603145093879, 12.975851285257527], [80.24693505509826, 12.975853902265865], [80.246932351614, 12.976752187726435], [80.24785434319791, 12.976754854934928], [80.24785706113519, 12.975850659993482], [80.24785435156058, 12.975850652160336], [80.24785705937796, 12.97494975897046], [80.24785434999816, 12.974949751138386], [80.24785705552334, 12.974049555864964], [80.24875524113624, 12.974052150551262], [80.24875524894358, 12.974049549651184], [80.24965614376005, 12.974052149049076], [80.24965615154868, 12.974049551268298], [80.25055704638378, 12.974052147546779], [80.25055975397153, 12.97314795185554], [80.2505570547107, 12.973147944081761], [80.25055975221503, 12.972247050832852], [80.24963777666325, 12.972244394118153], [80.24963776887607, 12.972246991731332], [80.24875525572973, 12.972244445669363], [80.24875795171984, 12.971346153188879], [80.248755246362, 12.971346145379815], [80.24875794996335, 12.970445252165977], [80.24785435001031, 12.970442642513618], [80.24785704883718, 12.969544352832386], [80.24693508381272, 12.96954168708867], [80.24693236600525, 12.970445186727266], [80.24603418307349, 12.970442586428344]]]}}, {"id": "67", "type": "Feature", "properties": {"hotspot_id": "HOT_0068", "cluster_area_m2": 236296.87, "cluster_perimeter_m": 3951.77, "cluster_size_pixels": 24, "mean_lst": 40.67, "peak_lst": 42.04}, "geometry": {"type": "Polygon", "coordinates": [[[80.22891709478704, 12.966842253568604], [80.22891432251473, 12.967742515681937], [80.22801620421104, 12.96773985390492], [80.22801341831834, 12.968643418292308], [80.2271153034767, 12.968640753244896], [80.22711529521946, 12.96864342814462], [80.22621440430088, 12.968640751746078], [80.22621160976794, 12.969544942611474], [80.22621439254834, 12.969544950884027], [80.22621160800878, 12.970445843387706], [80.22621439098938, 12.970445851661383], [80.22621160624949, 12.971346744163935], [80.22713357345371, 12.971349483680774], [80.2271335817136, 12.971346808435598], [80.22801617956317, 12.971349427910782], [80.22801340934934, 12.972247648324483], [80.22893538026494, 12.97225038164518], [80.22893538848747, 12.972247712465045], [80.22981797641499, 12.97225032596857], [80.22981521245002, 12.973148552485023], [80.23073718707633, 12.973151279608699], [80.2307371952616, 12.973148616494402], [80.23163808970233, 12.973151278108876], [80.23164086543709, 12.972247086333992], [80.23163809826997, 12.97224707816397], [80.23164086367825, 12.971346185309026], [80.2307372022793, 12.971343515870128], [80.23073996059229, 12.970445922309539], [80.23163808502451, 12.970448575221377], [80.23164086016097, 12.969544383259088], [80.23163809359092, 12.969544375092411], [80.23164085840251, 12.968643482234121], [80.2316380920315, 12.96864347406856], [80.23164085664419, 12.967742581209157], [80.2307189017399, 12.96773985840207], [80.23071889356062, 12.967742520656511], [80.22983629344242, 12.967739911016366], [80.22983905614117, 12.966841683566528], [80.2298362836852, 12.966841675364874], [80.22983905438286, 12.96594078254135], [80.2289171065039, 12.965938053725832], [80.22891432233166, 12.966842245357132], [80.22891709478704, 12.966842253568604]], [[80.22893816204464, 12.969544388333738], [80.2280344913724, 12.96954170982804], [80.22803725898041, 12.968644115926503], [80.22893537403003, 12.968646777793861], [80.22893538224808, 12.968644109303362], [80.22983627665567, 12.96864677629481], [80.22983628485451, 12.968644110922423], [80.23071888186428, 12.968646720722655], [80.23071612191525, 12.969544951069812], [80.23071888848472, 12.969544959246285], [80.23071612211213, 12.970445215512656], [80.22981799788718, 12.970442559420292], [80.22981798968537, 12.970445225309474], [80.22893539552804, 12.970442612125769], [80.22893816204464, 12.969544388333738]]]}}, {"id": "68", "type": "Feature", "properties": {"hotspot_id": "HOT_0069", "cluster_area_m2": 303401.41, "cluster_perimeter_m": 2378.33, "cluster_size_pixels": 31, "mean_lst": 41.63, "peak_lst": 42.89}, "geometry": {"type": "Polygon", "coordinates": [[[80.21900721868337, 12.964136235570503], [80.2190044009921, 12.965039830252744], [80.21810631795137, 12.965037134910943], [80.2181063095051, 12.965039840294578], [80.21720541877622, 12.965037133413684], [80.21720259252199, 12.9659413225858], [80.21720540691433, 12.96594133104756], [80.21720259076216, 12.96684222336095], [80.21720540535702, 12.966842231823863], [80.2172025890022, 12.967743124136097], [80.21720540379958, 12.967743132600168], [80.21720258724214, 12.968644024911244], [80.21812454251346, 12.968646795773688], [80.21812455096361, 12.968644089865718], [80.21902544514049, 12.968646794275989], [80.21902545357115, 12.968644091486148], [80.2199263477674, 12.968646792778177], [80.21992635617862, 12.968644093106464], [80.22082725039417, 12.968646791280252], [80.22082725878597, 12.968644094726665], [80.22172815302083, 12.968646789782216], [80.22172816139324, 12.968644096346756], [80.22262905564737, 12.968646788284067], [80.22263186291676, 12.9677425981264], [80.22262906432745, 12.967742589769411], [80.22263186115738, 12.966841697100348], [80.22262906276944, 12.966841688744504], [80.22263185939815, 12.965940796074301], [80.22262906121153, 12.965940787719596], [80.22263185763902, 12.965039895048257], [80.22262905965377, 12.965039886694692], [80.22263185588004, 12.964138994022209], [80.22262905809613, 12.964138985669782], [80.22263185412118, 12.963238092996168], [80.22170991776719, 12.963235339224834], [80.2217099094009, 12.9632380317903], [80.22080901859134, 12.96323533772734], [80.22080901020568, 12.963238033409926], [80.21990811941562, 12.963235336229962], [80.21990530518777, 12.964138927640917], [80.21900721868337, 12.964136235570503]]]}}, {"id": "69", "type": "Feature", "properties": {"hotspot_id": "HOT_0070", "cluster_area_m2": 49435.36, "cluster_perimeter_m": 995.13, "cluster_size_pixels": 5, "mean_lst": 41.18, "peak_lst": 41.55}, "geometry": {"type": "Polygon", "coordinates": [[[80.24783599235589, 12.9641362835424], [80.24783327898416, 12.965039779078444], [80.24693509161648, 12.965037182882714], [80.24693237269406, 12.96594137838167], [80.24693508012503, 12.965941386212647], [80.24693237093808, 12.966842279160407], [80.24785432602276, 12.96684494436897], [80.24785433384031, 12.966842341695028], [80.24875522864578, 12.966844942867768], [80.24875794118277, 12.965940747051492], [80.24875523699248, 12.965940739248824], [80.24875793942704, 12.965039846028603], [80.24875523543133, 12.965039838227003], [80.24875793767143, 12.964138945005708], [80.24783599235589, 12.9641362835424]]]}}, {"id": "70", "type": "Feature", "properties": {"hotspot_id": "HOT_0071", "cluster_area_m2": 117663.78, "cluster_perimeter_m": 1387.89, "cluster_size_pixels": 12, "mean_lst": 41.92, "peak_lst": 44.65}, "geometry": {"type": "Polygon", "coordinates": [[[80.211800029153, 12.956931742520121], [80.2108991385501, 12.95692901540466], [80.210896291372, 12.957833203765048], [80.210899126616, 12.957833212353183], [80.21089628961248, 12.958734104539452], [80.21089912506064, 12.958734113128761], [80.21089628785285, 12.959635005313855], [80.21181820856494, 12.959637796605273], [80.21181821714022, 12.95963507063293], [80.21271911119157, 12.959637795109453], [80.21271911974726, 12.959635072253233], [80.2136200138181, 12.95963779361352], [80.2136200223542, 12.959635073873418], [80.2145209164445, 12.959637792117473], [80.21452375095372, 12.95873360309129], [80.21452092522318, 12.958733594570742], [80.21452374919456, 12.957832702064275], [80.21452092366746, 12.95783269354489], [80.21452374743554, 12.956931801037262], [80.21360183607666, 12.956929019891463], [80.2136018275433, 12.956931739279996], [80.21270093690102, 12.95692901839575], [80.21270092834808, 12.956931740900007], [80.21180003772551, 12.95692901690015], [80.211800029153, 12.956931742520121]]]}}, {"id": "71", "type": "Feature", "properties": {"hotspot_id": "HOT_0072", "cluster_area_m2": 927325.22, "cluster_perimeter_m": 4538.2, "cluster_size_pixels": 95, "mean_lst": 44.08, "peak_lst": 47.14}, "geometry": {"type": "Polygon", "coordinates": [[[80.22080623048826, 12.952427212895893], [80.21990813808675, 12.952424526175156], [80.2199053244246, 12.953328716806357], [80.21990812626787, 12.953328725193698], [80.21990532453749, 12.954229016517587], [80.21900723579935, 12.954226326354759], [80.21900441848261, 12.955130516666308], [80.21900722396794, 12.955130525075342], [80.21900441672453, 12.956031417441695], [80.2199081132044, 12.956034124753058], [80.21990531739301, 12.956932319908347], [80.21990812004346, 12.956932328300276], [80.2199053156348, 12.957833220683842], [80.22080900929652, 12.95783592521144], [80.22080621630349, 12.958734123150698], [80.22172813589542, 12.958736879181306], [80.22172814425527, 12.958734187660301], [80.2226290385207, 12.958736877684352], [80.22262904686117, 12.958734189279257], [80.22352994114583, 12.95873687618729], [80.22352994946701, 12.958734190898099], [80.22443084377086, 12.95873687469011], [80.22443085207273, 12.958734192516825], [80.22533174639578, 12.958736873192816], [80.22533175467836, 12.95873419413544], [80.22623264902059, 12.958736871695416], [80.22623543914395, 12.95783330323107], [80.22713355008845, 12.957835969234818], [80.22713355833143, 12.957833296582097], [80.2280344527129, 12.957835967737301], [80.22803446093668, 12.957833298200274], [80.22893535533727, 12.957835966239665], [80.22893536354184, 12.95783329981834], [80.2298362579615, 12.957835964741918], [80.22983903485049, 12.956932408835117], [80.23073715902845, 12.956935062281415], [80.23073716719362, 12.956932402263526], [80.23163806165235, 12.956935060783549], [80.23164083182502, 12.956031511240417], [80.23253896271885, 12.95603415832314], [80.23254173141456, 12.955129965170247], [80.23253897126715, 12.9551299570405], [80.23254172965824, 12.954229064145423], [80.2325389697096, 12.954229056016784], [80.23254172790205, 12.953328163120595], [80.23161982584162, 12.953325446472189], [80.23161981769931, 12.953328102859206], [80.23073717108933, 12.953325498831791], [80.23073992739768, 12.952427265474393], [80.2298180290415, 12.952424542638148], [80.22981802086206, 12.952427205082689], [80.22893536434512, 12.952424595091335], [80.22893812689249, 12.95152636782821], [80.22801623224122, 12.951523638804998], [80.2280162240246, 12.951526307306256], [80.22711533306305, 12.95152363730813], [80.22711532482724, 12.951526308923881], [80.226214433885, 12.95152363581138], [80.22621442562998, 12.95152631054162], [80.22531353470707, 12.951523634314741], [80.2253135264328, 12.951526312159476], [80.22441263552925, 12.951523632818214], [80.22441262723572, 12.951526313777443], [80.22351173635155, 12.951523631321798], [80.22351172803874, 12.951526315395526], [80.22261083717395, 12.951523629825497], [80.22261082884185, 12.951526317013718], [80.22170993799648, 12.951523628329308], [80.22170992964504, 12.951526318632032], [80.2208090388191, 12.951523626833236], [80.22080623048826, 12.952427212895893]]]}}, {"id": "72", "type": "Feature", "properties": {"hotspot_id": "HOT_0073", "cluster_area_m2": 59208.49, "cluster_perimeter_m": 1190.66, "cluster_size_pixels": 6, "mean_lst": 41.31, "peak_lst": 41.68}, "geometry": {"type": "Polygon", "coordinates": [[[80.20999824869966, 12.951523608889122], [80.20999824009495, 12.95152633968042], [80.20909734952377, 12.951523607394515], [80.2090944970766, 12.952427795734797], [80.20909733757141, 12.95242780435514], [80.20909449531761, 12.953328696508997], [80.20999822659745, 12.953331437770744], [80.20999539598358, 12.954229598975362], [80.21091729661111, 12.954232392310725], [80.21091730519896, 12.954229664281135], [80.21181819923716, 12.954232390815667], [80.2118210422715, 12.953328202004398], [80.21091731402011, 12.953325467074723], [80.210920141136, 12.952427302668907], [80.21091730387836, 12.952427294078236], [80.21092013937727, 12.951526401641468], [80.20999824869966, 12.951523608889122]]]}}, {"id": "73", "type": "Feature", "properties": {"hotspot_id": "HOT_0074", "cluster_area_m2": 5074680.71, "cluster_perimeter_m": 30229.31, "cluster_size_pixels": 519, "mean_lst": 40.67, "peak_lst": 45.57}, "geometry": {"type": "Polygon", "coordinates": [[[80.19468303397511, 12.910082145096165], [80.19468013915775, 12.910986333113597], [80.19468302187607, 12.910986341995018], [80.1946801374027, 12.911887233886125], [80.19468302032926, 12.911887242768765], [80.19468013564752, 12.912788134658651], [80.19468301878234, 12.912788143542512], [80.1946801338922, 12.913689035431183], [80.19558390755563, 12.91369181886985], [80.19558103455489, 12.914589937892881], [80.1964848052172, 12.914592718386873], [80.19648193521778, 12.91549084035469], [80.1964848125209, 12.915490849202467], [80.19648193346234, 12.91639174112743], [80.19738570132951, 12.916394518857308], [80.19738283581304, 12.917292114981027], [80.19648481995989, 12.917289354751496], [80.19648192995105, 12.9181935426729], [80.19648480787754, 12.918193551524318], [80.19648192819521, 12.919094443445639], [80.19648480632952, 12.919094452298268], [80.19648192643928, 12.919995344218373], [80.19648480478136, 12.919995353072215], [80.19648192468318, 12.9208962449911], [80.19738569358272, 12.920899023625676], [80.19738282534624, 12.921797147453661], [80.19830460402514, 12.921799978431459], [80.19830748661794, 12.920896321287657], [80.19920550510051, 12.920899075975344], [80.19920551390051, 12.920896314080627], [80.2001064077237, 12.920899074485781], [80.20010641650391, 12.920896315698537], [80.20100731034677, 12.92089907299611], [80.20100731910722, 12.920896317316332], [80.20189018963093, 12.920899016436282], [80.20188733917139, 12.921796612056893], [80.2009893081138, 12.921793866374665], [80.20098643326868, 12.922698054985108], [80.2018901865302, 12.922700818342644], [80.20188733393287, 12.923598957447863], [80.20189019372415, 12.923598966187729], [80.201887332177, 12.924499858221239], [80.20189019217467, 12.9244998669623], [80.20188733042097, 12.925400758994614], [80.20189019062508, 12.925400767736878], [80.20188733038879, 12.926301117122033], [80.20098930036983, 12.926298370552292], [80.2009892916014, 12.926301127483825], [80.2000884011918, 12.926298369061858], [80.20008552377388, 12.927202021332485], [80.19920553525476, 12.927199323723599], [80.19920839823165, 12.92630119483698], [80.19828660283612, 12.92629836608133], [80.19828659400827, 12.92630113233951], [80.19740372851821, 12.926298419998341], [80.19740659771125, 12.92540029718857], [80.19648480602935, 12.925397462266263], [80.19648479716298, 12.925400234562424], [80.19558390685177, 12.925397460776502], [80.1955838979655, 12.92540023618135], [80.19468300767431, 12.925397459286854], [80.1946801093047, 12.926301646246383], [80.19468299556353, 12.92630165514853], [80.19468010754751, 12.927202547018885], [80.19468299401461, 12.927202555922253], [80.19468010579018, 12.928103447791385], [80.19560190699089, 12.928106289668294], [80.19560191588003, 12.928103513903633], [80.19650280961547, 12.928106288178311], [80.19650281848472, 12.928103515522741], [80.19738568118139, 12.928106231254844], [80.197382811293, 12.929004353636307], [80.19828657883909, 12.929007130769913], [80.1982837119562, 12.929905256099824], [80.19920552058683, 12.929908085640758], [80.19920552939891, 12.92990532195408], [80.20008837570504, 12.929908028845855], [80.20008551674407, 12.930805625385313], [80.19918749426799, 12.930802871748137], [80.19918461086237, 12.93170705933648], [80.20008837260228, 12.931709830752514], [80.20008551152601, 12.93260796180031], [80.20098927025896, 12.932610730266628], [80.20098641218986, 12.933508864264248], [80.2018901679154, 12.93351162978046], [80.20188731285394, 12.934409766728283], [80.20279106557156, 12.934412529294002], [80.20278821351823, 12.935310669192425], [80.20371004300881, 12.935313483982245], [80.20371005172917, 12.935310734774001], [80.2046109456333, 12.935313482490375], [80.20461095433396, 12.935310736392823], [80.2055118482577, 12.935313480998396], [80.20551185693864, 12.935310738011534], [80.20639466085262, 12.935313424487447], [80.20639182320849, 12.936211020268855], [80.20549377920746, 12.936208287203131], [80.20549091726978, 12.93711247581169], [80.20639465774677, 12.93711522639272], [80.20639181969297, 12.938012822293999], [80.20549377610509, 12.938010088875338], [80.20549376741981, 12.938012832573373], [80.20461096943608, 12.938010142544966], [80.20461381560028, 12.937111997035762], [80.20369197930209, 12.937109185054736], [80.20369197057856, 12.93711193479762], [80.20279108012514, 12.937109183562658], [80.20278820824564, 12.938013371512817], [80.2027910681056, 12.938013380252082], [80.20278820648787, 12.938914272286274], [80.20279106655401, 12.938914281026738], [80.20278820472996, 12.939815173059735], [80.2027910650023, 12.939815181801393], [80.20278820297192, 12.94071607383319], [80.20371005231458, 12.940718889778028], [80.20371006104212, 12.940716139500887], [80.20461095493978, 12.940718888285506], [80.20461096364758, 12.940716141120268], [80.20551185756486, 12.940718886792876], [80.20551471850419, 12.939815250643619], [80.20639465308706, 12.939817929250593], [80.20639181266264, 12.94071608059782], [80.20639466020216, 12.940716089261782], [80.20639181090496, 12.941616981371709], [80.20639465864974, 12.941616990036856], [80.20639181090199, 12.942517327356851], [80.20549376834697, 12.942514593055899], [80.20549090496598, 12.94341878122817], [80.20549375635677, 12.94341878991539], [80.20549090320779, 12.944319682001945], [80.20641276639759, 12.944322489162627], [80.20641562490884, 12.943418855400108], [80.20731366747067, 12.943421586703822], [80.20731367612294, 12.943418848342285], [80.20821457009579, 12.943421585210524], [80.20821742189045, 12.942517957809809], [80.20911547116842, 12.942520682751814], [80.20911547978021, 12.942517950792208], [80.21001637379317, 12.942520681258403], [80.21001638238535, 12.942517952411084], [80.21091727641779, 12.942520679764872], [80.21091728499039, 12.942517954029855], [80.21181817904231, 12.942520678271233], [80.21181818759534, 12.94251795564851], [80.21271908166673, 12.94252067677748], [80.21272191698185, 12.941617065015771], [80.21361998273821, 12.941619774318857], [80.21361999125102, 12.941617058096641], [80.21450274285331, 12.941619718185576], [80.21449993096013, 12.942517897361409], [80.21542178953926, 12.942520672295544], [80.21542461692894, 12.941616481888243], [80.21542179829842, 12.941616473409283], [80.21542461333334, 12.940716169021746], [80.21632268905701, 12.94071886887248], [80.21632269751024, 12.94071616216185], [80.21722359168062, 12.940718867378383], [80.21722360011442, 12.940716163779634], [80.2181244943041, 12.940718865884168], [80.2181245027185, 12.940716165397305], [80.21902539692748, 12.940718864389845], [80.2190254053225, 12.940716167014862], [80.21992629955075, 12.940718862895405], [80.2199291084235, 12.93981527622242], [80.22082720062039, 12.939817960436967], [80.22083000792513, 12.938913768671446], [80.22082720930979, 12.938913760312333], [80.22083000616956, 12.938012867645229], [80.22082720775599, 12.938012859287262], [80.22083000441411, 12.937111966619021], [80.22082720620232, 12.937111958262191], [80.2208300026588, 12.936211065592808], [80.21992631040796, 12.936208365341338], [80.2199291015258, 12.935310166255245], [80.2199263004842, 12.935310157881379], [80.21992909977062, 12.934409265228927], [80.219926298931, 12.93440925685621], [80.21992909613128, 12.933508970688012], [80.22082718974937, 12.93351165368967], [80.22082999563878, 12.932607461487976], [80.22082719843581, 12.932607453136868], [80.2208299938841, 12.931706560461773], [80.22082719688287, 12.931706552111809], [80.22082999212954, 12.930805659435572], [80.22082719533007, 12.930805651086752], [80.2208299903751, 12.929904758409373], [80.21992629952939, 12.9299020593869], [80.21992908924216, 12.929003859071061], [80.21992628961452, 12.929003850705216], [80.21992908748787, 12.928102958044754], [80.21902539383133, 12.928100256244969], [80.2190281863547, 12.927202058706232], [80.21902538389978, 12.927202050323357], [80.21902818460055, 12.926301157679823], [80.21902538234784, 12.926301149298094], [80.21902818284651, 12.925400256653413], [80.21812448658129, 12.925397552253122], [80.21812727983898, 12.924499959588745], [80.21902536898773, 12.924502647035544], [80.219028177456, 12.923599060394764], [80.21992627005775, 12.92360174457903], [80.2199290769647, 12.922697551886962], [80.21992627875092, 12.92269754352914], [80.21992907521128, 12.921796650860665], [80.21992627719948, 12.921796642503988], [80.21992907345799, 12.92089574983437], [80.21902538140905, 12.920893049440982], [80.21902817232491, 12.919994850494994], [80.21902537148767, 12.919994842121307], [80.21902817057176, 12.919093949468596], [80.21902536993673, 12.919093941096051], [80.21902816881872, 12.918193048442202], [80.21902536838589, 12.918193040070808], [80.21902816706582, 12.917292147415807], [80.21812447261117, 12.917289444599634], [80.21812726593257, 12.916391248076003], [80.21722356846983, 12.916388542309985], [80.21722636479907, 12.91549034873609], [80.21632266432877, 12.915487640020622], [80.21632546366537, 12.914589449396079], [80.21542176018797, 12.914586737731542], [80.21542456253144, 12.913688550055964], [80.2154217501986, 12.913688541612938], [80.2154245607787, 12.912787649029141], [80.21450281130281, 12.912784880365143], [80.21450280284591, 12.912787588026838], [80.21361995190713, 12.912784933154235], [80.21362276026292, 12.911886751375418], [80.21361994188176, 12.911886742895904], [80.2136227585102, 12.91098585034838], [80.21271904621692, 12.910983130016236], [80.21272185737561, 12.910084951007844], [80.21271903617482, 12.910084942511226], [80.21272185562303, 12.909184049980704], [80.21180011995229, 12.909181272546814], [80.21180011144176, 12.909183988820374], [80.21089922077066, 12.909181271057097], [80.2108963862644, 12.910084882922966], [80.20999832004118, 12.910082170404065], [80.20999548027318, 12.910986361806982], [80.21089919879203, 12.910989091576047], [80.2108963809398, 12.911887264268309], [80.21089920577492, 12.91188727279668], [80.2108963791867, 12.912788165042793], [80.21180009490367, 12.912790892042421], [80.21179727985356, 12.913689067504333], [80.21180010186904, 12.913689076015567], [80.21179727810033, 12.914589968278925], [80.21180010031965, 12.91458997679133], [80.21179727634699, 12.915490869053516], [80.21270098946363, 12.915493593460376], [80.21269817701405, 12.916391771515372], [80.21270099641255, 12.916391780010645], [80.21269817526057, 12.917292672290067], [80.21270099486269, 12.91729268078651], [80.21269817350696, 12.918193573064762], [80.21270099331267, 12.91819358156237], [80.21269817175323, 12.919094473839458], [80.21270099176255, 12.91909448233823], [80.21269816999937, 12.919995374614146], [80.2127009902123, 12.919995383114083], [80.21269816824538, 12.920896275388838], [80.21270098866191, 12.920896283889942], [80.21269816831854, 12.92179659288653], [80.21180009826598, 12.921793884262136], [80.2117972623157, 12.922698075250185], [80.21270097705278, 12.922700801076765], [80.21269816298268, 12.923598977712901], [80.21361995170813, 12.923601755023247], [80.21361996019765, 12.923599042319996], [80.21452085432985, 12.923601753531553], [80.21452086279992, 12.923599043936363], [80.21542175695144, 12.92360175203975], [80.2154217654021, 12.923599045552619], [80.21630457234426, 12.923601696270284], [80.21630177091559, 12.924499885239438], [80.21630457922436, 12.924499893667488], [80.2163017710189, 12.925400190545696], [80.21540368878458, 12.925397493577302], [80.21540368033087, 12.925400200591318], [80.21450278960462, 12.925397492085175], [80.21449996440334, 12.926301094751595], [80.21360188887408, 12.92629839143021], [80.21359905838601, 12.927202582500081], [80.21360187699656, 12.927202590989872], [80.21359905663112, 12.92810348327487], [80.21450276615977, 12.92810620390884], [80.2144999572985, 12.929004385738217], [80.21542176625665, 12.929007157827225], [80.21542177471424, 12.929004450286707], [80.2163045630274, 12.929007101980076], [80.21630176038882, 12.929905289890119], [80.21720546068444, 12.929908001491174], [80.21720266105689, 12.930806192353677], [80.21810635834123, 12.93080890100199], [80.21810356172516, 12.93170709481733], [80.2181063651906, 12.93170710321585], [80.21810355997025, 12.932607995592651], [80.2181063636379, 12.932608003992323], [80.21810355821519, 12.933508896367972], [80.21810636208507, 12.933508904768791], [80.21810355832766, 12.934409197465984], [80.2172054716277, 12.934406504936902], [80.21720265228106, 12.935310696229724], [80.21720545978874, 12.935310704652231], [80.21720265238385, 12.936211001086704], [80.21632270003927, 12.93620835957564], [80.21632550401344, 12.935310173010961], [80.21632269003844, 12.935310164559564], [80.21632550225779, 12.93440927198421], [80.21632268848572, 12.934409263533967], [80.21632550050226, 12.933508370957458], [80.21540367482181, 12.933505601112834], [80.21540366635767, 12.933508309706816], [80.2145027756429, 12.933505599619725], [80.2145027671593, 12.933508311324182], [80.21361998760118, 12.933505652702369], [80.21362279878227, 12.93260805871459], [80.21452086983983, 12.93261076317839], [80.21452369823379, 12.931706572281618], [80.21360187956735, 12.931703796452584], [80.2136018710666, 12.931706510915628], [80.21271908190262, 12.93170384956198], [80.21272189589884, 12.930806255536867], [80.21361996411419, 12.930808962741605], [80.213619972613, 12.93080624863064], [80.21452086673683, 12.930808961249042], [80.21452369472317, 12.929904770227697], [80.21360188267009, 12.92990199477845], [80.21360187417167, 12.929904708889593], [80.2127190787969, 12.92990204786226], [80.21272189420908, 12.929003872578189], [80.2127190687277, 12.929003864057073], [80.21272189245386, 12.928102971551015], [80.21181817309991, 12.928100244722566], [80.21182099131885, 12.927202072212518], [80.2118181630139, 12.927202063674233], [80.21182098956376, 12.926301171185235], [80.21181816146289, 12.92630116264812], [80.21182098780879, 12.925400270157958], [80.21089919288592, 12.925397486117784], [80.21089918433483, 12.925400208675118], [80.20999829370652, 12.925397484626219], [80.2099982851359, 12.925400210292219], [80.20909739452723, 12.925397483134761], [80.20909738593707, 12.925400211909432], [80.20819649534808, 12.925397481643422], [80.20819648673833, 12.925400213526764], [80.20731365548488, 12.925397534976142], [80.20731648737532, 12.924499940423022], [80.20821453752504, 12.924502664936492], [80.20821738677667, 12.923598474857497], [80.20729559926839, 12.92359567847962], [80.20729274847629, 12.924499305507531], [80.20641275134166, 12.92449663268781], [80.20641558801468, 12.923598478235215], [80.20641274114409, 12.92359846958418], [80.20641558625938, 12.92269757720729], [80.20551184564779, 12.922694829550698], [80.20551468512284, 12.921796677868171], [80.20551183543333, 12.921796669199859], [80.20551468336768, 12.920895776840137], [80.20551183388388, 12.920895768173018], [80.20551468161264, 12.919994875812105], [80.20459290792704, 12.919992070663445], [80.20459289924585, 12.919994813913531], [80.20369200874774, 12.919992069173322], [80.20369200004689, 12.919994815530872], [80.20280913322115, 12.919992122688544], [80.20281198171183, 12.919093979850201], [80.20190822907945, 12.919091220401727], [80.20191108057439, 12.918193080510672], [80.201007324938, 12.918190318115197], [80.20101017943672, 12.917292181171035], [80.20010642079683, 12.917289415828948], [80.20010927829884, 12.916391281831293], [80.19920551665591, 12.916388513542982], [80.19920837716072, 12.915490382491452], [80.19920550631345, 12.915490373693459], [80.19920837540562, 12.914589481462668], [80.19830461096639, 12.914586710409049], [80.1983074742673, 12.913688582122616], [80.19830460060692, 12.913688573307233], [80.19830747251234, 12.912787681093725], [80.19830459905953, 12.912787672279553], [80.19830747075753, 12.911886780064842], [80.19830459751225, 12.911886771251877], [80.19830746900281, 12.910985879035954], [80.19830459596508, 12.910985870224197], [80.19830746724824, 12.910084978007069], [80.19738573151379, 12.910082149559896], [80.19738572268788, 12.910084915693833], [80.19648483233411, 12.91008214807187], [80.19648482348839, 12.910084917311067], [80.19558393315455, 12.910082146583962], [80.19558392428897, 12.910084918928417], [80.19468303397511, 12.910082145096165]], [[80.20461094253214, 12.933511680558649], [80.20461095123042, 12.933508934817015], [80.20549376474928, 12.933511624022], [80.20549092429304, 12.934409219842635], [80.20459288313181, 12.934406484038952], [80.20459287443158, 12.934409230136682], [80.20371006063236, 12.934406537708995], [80.20371290745547, 12.933508941921561], [80.20461094253214, 12.933511680558649]], [[80.20551470444126, 12.932608044330117], [80.20639466551046, 12.932610721629516], [80.20639182848082, 12.933508317231135], [80.20551186426667, 12.933505639739696], [80.20551470444126, 12.932608044330117]], [[80.2055118611623, 12.93170383804149], [80.2055147009268, 12.930806242751746], [80.20639466861508, 12.930808919724205], [80.20639183199506, 12.931706515205988], [80.2055118611623, 12.93170383804149]], [[80.21540365294257, 12.935313410082305], [80.21540084752039, 12.936211004282812], [80.21452089485437, 12.936208356693323], [80.21452370342213, 12.935310762682668], [80.21540365294257, 12.935313410082305]], [[80.21542180210928, 12.938911060684969], [80.21542460990311, 12.93801287778076], [80.21542179208527, 12.938012869306444], [80.21542460630558, 12.937112565861026], [80.21630454904373, 12.937115210544476], [80.21630174459017, 12.938013396866026], [80.2163045559393, 12.938013405311407], [80.21630174468253, 12.938913705719457], [80.21542180210928, 12.938911060684969]]]}}, {"id": "74", "type": "Feature", "properties": {"hotspot_id": "HOT_0075", "cluster_area_m2": 294218.7, "cluster_perimeter_m": 3161.83, "cluster_size_pixels": 30, "mean_lst": 41.71, "peak_lst": 44.28}, "geometry": {"type": "Polygon", "coordinates": [[[80.25414234225846, 12.926301765220678], [80.25413966967214, 12.927201925569218], [80.25324145133449, 12.927199358032286], [80.25323876548755, 12.928102828170458], [80.25234055059398, 12.928100257376942], [80.25233785914223, 12.929004456556706], [80.25234053919681, 12.929004464232454], [80.25233785739212, 12.92990535733617], [80.25234053764005, 12.929905365012967], [80.25233785564188, 12.930806258115625], [80.2523405360832, 12.930806265793475], [80.25233785389152, 12.931707158895085], [80.2532596809594, 12.9317097979221], [80.25325968862396, 12.931707220468486], [80.25416058357713, 12.93170979642447], [80.25416059122323, 12.931707222080679], [80.25506148619476, 12.931709794926723], [80.25506416624225, 12.930806330531082], [80.25596238725545, 12.930808892469193], [80.25596239486359, 12.93080632451152], [80.25686328987274, 12.930808890971331], [80.25686329746246, 12.930806326123273], [80.2577641924899, 12.93080888947335], [80.25776686259229, 12.929905434516666], [80.2586650935499, 12.92990798701592], [80.2586677624189, 12.929003786593185], [80.25774594414537, 12.929001167204188], [80.25774593657543, 12.929003728776717], [80.25686330413087, 12.929001217685212], [80.25686596192168, 12.928102888937806], [80.25686329498564, 12.928102881346366], [80.25686596017229, 12.927201987915963], [80.25686329342867, 12.927201980325558], [80.25686595842302, 12.926301086894123], [80.25686329187181, 12.926301079304759], [80.25686595667386, 12.925400185872283], [80.25594415200128, 12.92539756083987], [80.25594414439871, 12.925400127965288], [80.25504325281617, 12.925397559342672], [80.25504324519518, 12.925400129576696], [80.25414235363118, 12.925397557845576], [80.25413966924587, 12.926301757585037], [80.25414234225846, 12.926301765220678]], [[80.25506415924089, 12.927202727354516], [80.25594413149004, 12.92720523662276], [80.25594147279114, 12.928102823390407], [80.25506149739833, 12.928100313942107], [80.25506415924089, 12.927202727354516]]]}}, {"id": "75", "type": "Feature", "properties": {"hotspot_id": "HOT_0076", "cluster_area_m2": 117903.07, "cluster_perimeter_m": 1586.66, "cluster_size_pixels": 12, "mean_lst": 41.93, "peak_lst": 43.37}, "geometry": {"type": "Polygon", "coordinates": [[[80.2081965037929, 12.915490302377401], [80.20729561320934, 12.915487570953141], [80.20729276249267, 12.916391761390093], [80.20729560126195, 12.91639177000247], [80.20729276251924, 12.917292097407609], [80.20639471093223, 12.917289371135539], [80.20639185656411, 12.918193561250023], [80.2073136240585, 12.918196359668498], [80.20731363267765, 12.91819362627318], [80.20819648875494, 12.918196303509836], [80.20819365965005, 12.919094465400374], [80.20911543085101, 12.919097257653249], [80.20911543943218, 12.919094530294641], [80.21001633347271, 12.919097256162663], [80.2100191750111, 12.918193065315302], [80.21001634228905, 12.91819305674969], [80.21001917325702, 12.917292164287815], [80.21001634073951, 12.917292155723372], [80.21001917150308, 12.916391263260333], [80.2100163391901, 12.916391254697068], [80.21001916974926, 12.915490362232854], [80.20909741157014, 12.915487573933312], [80.20909740299291, 12.915490300761089], [80.20819651238968, 12.915487572443169], [80.2081965037929, 12.915490302377401]]]}}, {"id": "76", "type": "Feature", "properties": {"hotspot_id": "HOT_0077", "cluster_area_m2": 216030.72, "cluster_perimeter_m": 2575.37, "cluster_size_pixels": 22, "mean_lst": 39.0, "peak_lst": 40.44}, "geometry": {"type": "Polygon", "coordinates": [[[80.23071899969118, 12.910983105535134], [80.23071899158212, 12.910985756947545], [80.22981810050739, 12.910983104042826], [80.22981809237933, 12.910985758560656], [80.22891720132371, 12.910983102550636], [80.22891442935803, 12.911887297983684], [80.22981808071378, 12.911889962310092], [80.22981533002952, 12.91278820044505], [80.22981808729095, 12.912788208570337], [80.22981532827875, 12.91368910122182], [80.23071897682222, 12.91369176277049], [80.23071622895046, 12.914590003683394], [80.23071898338225, 12.914590011791898], [80.23071622719955, 12.915490904460272], [80.23161987292981, 12.915493563230404], [80.23161712787146, 12.916391806922055], [80.23253889432242, 12.916394515973785], [80.23253890239945, 12.916391869913525], [80.23343979694079, 12.916394514480592], [80.23344255363428, 12.915490318394609], [80.23343980545935, 12.915490310332645], [80.23344254986971, 12.914590078005885], [80.23434069645539, 12.914592711062646], [80.23434344951195, 12.913688514660961], [80.23343981041037, 12.913685865674674], [80.23344254838265, 12.912787615320674], [80.23343980080313, 12.912787607262027], [80.23344254663238, 12.911886714296028], [80.23253890471685, 12.911884062530422], [80.23254164550288, 12.91098581495553], [80.23253889509324, 12.910985806880149], [80.23254164375273, 12.910084913930781], [80.23161990042598, 12.910082206188365], [80.23161714037596, 12.91098574724947], [80.23071899969118, 12.910983105535134]]]}}, {"id": "77", "type": "Feature", "properties": {"hotspot_id": "HOT_0078", "cluster_area_m2": 177307.22, "cluster_perimeter_m": 2774.65, "cluster_size_pixels": 18, "mean_lst": 38.6, "peak_lst": 40.38}, "geometry": {"type": "Polygon", "coordinates": [[[80.23071901054414, 12.904676799661612], [80.23071900244287, 12.90467944986871], [80.22981811135955, 12.904676798170073], [80.22981534403108, 12.905580994230819], [80.22981809969926, 12.905581002347194], [80.22981534228134, 12.906481895007603], [80.23073707202644, 12.906484608369377], [80.23073708012923, 12.90648195799026], [80.23161988845611, 12.906484553729578], [80.23161714537487, 12.907382799152147], [80.23161989498914, 12.90738280723279], [80.2316171436251, 12.908283699929148], [80.23252078456646, 12.908286354190045], [80.23251804429731, 12.909184602390074], [80.23343978453003, 12.90918730678109], [80.23344253963248, 12.908283110197477], [80.23343979304526, 12.908283102144354], [80.2334425358644, 12.907382871670112], [80.23434068404568, 12.907385503363976], [80.23434343348652, 12.906481972471331], [80.2352415851119, 12.906484600909412], [80.23524433314363, 12.905580403756934], [80.23434069902403, 12.905577759446814], [80.23434343201465, 12.904679504415682], [80.23434068944663, 12.904679496385882], [80.23434343026561, 12.90377860339116], [80.23342170964891, 12.903775903297529], [80.23341895546662, 12.904680100187795], [80.23342169803404, 12.90468010822726], [80.23341895573705, 12.905580338002421], [80.23253889385064, 12.905577756567437], [80.23254163325444, 12.904679507782323], [80.23253888423564, 12.904679499714696], [80.23254163150519, 12.903778606757584], [80.2316199112789, 12.903775900314097], [80.23161715262835, 12.904679440179038], [80.23071901054414, 12.904676799661612]]]}}, {"id": "78", "type": "Feature", "properties": {"hotspot_id": "HOT_0079", "cluster_area_m2": 78730.93, "cluster_perimeter_m": 1385.62, "cluster_size_pixels": 8, "mean_lst": 42.31, "peak_lst": 43.54}, "geometry": {"type": "Polygon", "coordinates": [[[80.22261095657133, 12.882154265290364], [80.22261094832672, 12.882156939082378], [80.22171005738481, 12.882154263802553], [80.22170726790605, 12.883057833445925], [80.22080915665278, 12.883055163152669], [80.22080636180756, 12.883959358770273], [80.22171003582893, 12.88396204577854], [80.22170726247725, 12.884860261228347], [80.22262891132362, 12.884862998659262], [80.22262891957091, 12.884860324519263], [80.22352981393917, 12.884862997171123], [80.22353259726998, 12.88395943357272], [80.22443071500832, 12.88396209471926], [80.22443349685494, 12.883057898321045], [80.22352982924836, 12.883055220905067], [80.22353259572343, 12.882156998977148], [80.22261095657133, 12.882154265290364]]]}}, {"id": "79", "type": "Feature", "properties": {"hotspot_id": "HOT_0080", "cluster_area_m2": 176836.37, "cluster_perimeter_m": 2180.19, "cluster_size_pixels": 18, "mean_lst": 39.11, "peak_lst": 40.24}, "geometry": {"type": "Polygon", "coordinates": [[[80.20909747569819, 12.873147953126802], [80.20819658503424, 12.873145233136253], [80.20819374721155, 12.874049426690881], [80.2081965731301, 12.874049435228391], [80.20819374728157, 12.874949748227257], [80.20729568276299, 12.87494703332365], [80.20729284130044, 12.875851226556412], [80.20819656149864, 12.875853958736172], [80.20819374196674, 12.876752129013568], [80.20909745916993, 12.876754858254822], [80.20909464263326, 12.877653031470825], [80.20909746615214, 12.877653039993602], [80.20909464088473, 12.878553932245161], [80.21001626388609, 12.87855671272392], [80.21001909436983, 12.877653104155321], [80.21091716495879, 12.877655810272868], [80.21091999199929, 12.876752204958306], [80.21181806603126, 12.876754907821923], [80.21182089147916, 12.875850713660128], [80.21181807480453, 12.875850705188396], [80.21182088973123, 12.874949812632938], [80.21091717914149, 12.874947093160433], [80.21091998859656, 12.874048913288126], [80.21091716911242, 12.874048904799354], [80.21091998684878, 12.873148012260831], [80.20999838340629, 12.873145236106417], [80.20999837490366, 12.873147951514971], [80.20909748422022, 12.87314523462128], [80.20909747569819, 12.873147953126802]]]}}, {"id": "80", "type": "Feature", "properties": {"hotspot_id": "HOT_0081", "cluster_area_m2": 480250.94, "cluster_perimeter_m": 4161.29, "cluster_size_pixels": 49, "mean_lst": 42.0, "peak_lst": 44.95}, "geometry": {"type": "Polygon", "coordinates": [[[80.23342177155806, 12.867739869723804], [80.23342176355882, 12.867742503581379], [80.23252087236831, 12.867739868236386], [80.23251812291299, 12.868644067418657], [80.23252086076893, 12.868644075432853], [80.23251812116874, 12.869544968195836], [80.23252085922309, 12.869544976211134], [80.2325181214583, 12.870445200206555], [80.2316199685431, 12.870442569266329], [80.23161721526266, 12.871346768070834], [80.23161995693054, 12.871346776107181], [80.23161721351792, 12.8722476688479], [80.23253881843723, 12.872250368806597], [80.23253882646009, 12.872247731165876], [80.233421745781, 12.872250314750673], [80.23341901660807, 12.873148572984], [80.23342175223875, 12.873148580984887], [80.23341901486332, 12.87404947376128], [80.23432264190488, 12.874052115214528], [80.23431991553635, 12.874950376218129], [80.23432264834565, 12.87495038420241], [80.23431991379144, 12.875851276995514], [80.23522353802788, 12.875853915677896], [80.23522081446468, 12.876752179452568], [80.2352235444517, 12.876752187420259], [80.23522081271966, 12.877653080230063], [80.23614243816593, 12.877655768627765], [80.23614244612017, 12.877653142346727], [80.23704334077881, 12.877655767138801], [80.23704607393576, 12.876752251103612], [80.23794424184456, 12.876754864687744], [80.23794697156629, 12.875851351901037], [80.2388451429101, 12.87585396223678], [80.23884787128051, 12.87494976221073], [80.23884515134142, 12.874949754311023], [80.23884786953622, 12.874048861186813], [80.23884514979412, 12.87404885328819], [80.23884786779203, 12.873147960162894], [80.23884514824695, 12.87314795226536], [80.23884786604799, 12.872247059138974], [80.2388451466999, 12.87224705124253], [80.23884786430405, 12.871346158115058], [80.23792626132422, 12.871343480521968], [80.23792625341439, 12.871346099583652], [80.23702536213437, 12.871343479033554], [80.23702535420581, 12.871346101191767], [80.23612446294463, 12.871343477545249], [80.2361217276686, 12.872246995867258], [80.23524154426352, 12.872244429360842], [80.23524426676826, 12.871346164830449], [80.2352415347501, 12.871346156860165], [80.23524426296758, 12.870445942378689], [80.23614242579515, 12.870448560930056], [80.23614516266422, 12.86954436110296], [80.23614243425821, 12.869544353153628], [80.23614516092032, 12.868643460078719], [80.23524153807405, 12.868640825952998], [80.23524425979195, 12.867742560733065], [80.23432267074793, 12.86773987121134], [80.23432266276748, 12.867742501973177], [80.23342177155806, 12.867739869723804]]]}}, {"id": "81", "type": "Feature", "properties": {"hotspot_id": "HOT_0082", "cluster_area_m2": 186988.05, "cluster_perimeter_m": 2384.33, "cluster_size_pixels": 19, "mean_lst": 41.76, "peak_lst": 43.38}, "geometry": {"type": "Polygon", "coordinates": [[[80.24243076500821, 12.866838983763811], [80.24242805124902, 12.867743185102224], [80.24333164494145, 12.867745794203596], [80.24332895192443, 12.868644087558284], [80.24333165118755, 12.868644095348198], [80.24332895018158, 12.869544988336772], [80.2433316496403, 12.86954499612776], [80.24332894843859, 12.870445889115254], [80.2433316480929, 12.870445896907315], [80.2433289466955, 12.871346789893737], [80.24333164654541, 12.87134679768687], [80.24332894495227, 12.872247690672218], [80.24333164499778, 12.872247698466424], [80.24332894320892, 12.873148591450695], [80.24425055393982, 12.873151250416901], [80.24425326021854, 12.872247759854552], [80.24515145500376, 12.87225034796634], [80.24515146276507, 12.872247753677039], [80.2460523576148, 12.872250346476909], [80.24605505937012, 12.871346144689664], [80.24605236595315, 12.871346136943083], [80.24605505762725, 12.870445243666623], [80.24605236440541, 12.870445235921109], [80.2460550558845, 12.869544342643586], [80.24605236285781, 12.869544334899139], [80.24605505414189, 12.868643441620543], [80.24515146646858, 12.868640841753836], [80.24515415301607, 12.867742542274849], [80.24515145716381, 12.867742534514024], [80.2451541512736, 12.866841641251709], [80.24425056079147, 12.866839038611142], [80.24425325014757, 12.865940741905806], [80.24333166574567, 12.865938084411873], [80.24332895753476, 12.866841577099725], [80.24243076500821, 12.866838983763811]]]}}, {"id": "82", "type": "Feature", "properties": {"hotspot_id": "HOT_0083", "cluster_area_m2": 88662.46, "cluster_perimeter_m": 1391.24, "cluster_size_pixels": 9, "mean_lst": 41.71, "peak_lst": 43.05}, "geometry": {"type": "Polygon", "coordinates": [[[80.2154037893276, 12.866838939159754], [80.21540378094902, 12.8668416347564], [80.21450289014003, 12.8668389376747], [80.21450288174219, 12.866841636366896], [80.21360199095255, 12.866838936189762], [80.21359917392938, 12.867743131360562], [80.21360197911987, 12.86774313977375], [80.21359917218282, 12.868644032135457], [80.2136019775766, 12.8686440405498], [80.21359917043613, 12.86954493291035], [80.21360197603319, 12.869544941325852], [80.21359916868931, 12.870445833685245], [80.21452076307415, 12.87044859661037], [80.21452077147588, 12.870445897390535], [80.21542166568884, 12.870448595124987], [80.21542447679501, 12.869544399743676], [80.21542167441366, 12.8695443913573], [80.21542447504844, 12.868643498716935], [80.21542167287014, 12.868643490331715], [80.21542447141417, 12.867743205018387], [80.21632256367415, 12.867745890745624], [80.21632537094288, 12.866841694982522], [80.2154037893276, 12.866838939159754]]]}}, {"id": "83", "type": "Feature", "properties": {"hotspot_id": "HOT_0084", "cluster_area_m2": 69181.55, "cluster_perimeter_m": 1389.41, "cluster_size_pixels": 7, "mean_lst": 41.89, "peak_lst": 42.24}, "geometry": {"type": "Polygon", "coordinates": [[[80.24783616789006, 12.86233448849166], [80.24783347663147, 12.863237965125288], [80.24693526715147, 12.863235387844005], [80.2469325703086, 12.864139590373279], [80.24693525573419, 12.864139598083833], [80.24693256856686, 12.865040491152207], [80.24783614569282, 12.865043084174026], [80.24783346924345, 12.865941393607935], [80.2487550546161, 12.865944035283011], [80.24875774315389, 12.865040561448975], [80.24965595567895, 12.865043132833282], [80.24965864296468, 12.864138929798848], [80.24875506904846, 12.864136343235383], [80.24875774183984, 12.863238030452605], [80.24875505982301, 12.86323802277098], [80.24875774009847, 12.862337129429905], [80.24783616789006, 12.86233448849166]]]}}, {"id": "84", "type": "Feature", "properties": {"hotspot_id": "HOT_0085", "cluster_area_m2": 117918.76, "cluster_perimeter_m": 1586.08, "cluster_size_pixels": 12, "mean_lst": 42.01, "peak_lst": 43.62}, "geometry": {"type": "Polygon", "coordinates": [[[80.24243076957192, 12.859634378413917], [80.24152987818259, 12.859631775553268], [80.24152716277013, 12.86053597719832], [80.24152986670087, 12.8605359850157], [80.24152716102817, 12.8614368779766], [80.24152986515497, 12.86143688579506], [80.24152715928611, 12.862337778754881], [80.24152986360893, 12.862337786574416], [80.2415271575439, 12.863238679533163], [80.242448731707, 12.863241342819293], [80.24244873951324, 12.863238740937273], [80.24334963431721, 12.863241341331285], [80.24335234166706, 12.862337849543366], [80.24425053538145, 12.8623404388819], [80.2442532393017, 12.861436950338076], [80.24515143644548, 12.861439536432615], [80.24515413907973, 12.86053533408974], [80.24425054995842, 12.86053273264094], [80.24425323795377, 12.859634434743086], [80.2433316765666, 12.859631778528513], [80.24333166878252, 12.859634376807698], [80.24243077737454, 12.859631777040835], [80.24243076957192, 12.859634378413917]]]}}]}